[debug] [2026-09-09T16:55:53.677Z] ----------------------------------------------------------------------
[debug] [2026-09-09T16:55:53.679Z] Command:       /opt/homebrew/Cellar/node/23.9.0/bin/node /opt/homebrew/bin/firebase deploy --only functions
[debug] [2026-09-09T16:55:53.679Z] CLI Version:   15.24.0
[debug] [2026-09-09T16:55:53.679Z] Platform:      darwin
[debug] [2026-09-09T16:55:53.679Z] Node Version:  v23.9.0
[debug] [2026-09-09T16:55:53.679Z] Detected Agent: unknown
[debug] [2026-09-09T16:55:53.679Z] Time:          Wed Sep 09 2026 10:55:53 GMT-0600 (Central Standard Time)
[debug] [2026-09-09T16:55:53.679Z] ----------------------------------------------------------------------
[debug] 
[debug] [2026-09-09T16:55:53.997Z] > command requires scopes: ["email","openid","https://www.googleapis.com/auth/cloudplatformprojects.readonly","https://www.googleapis.com/auth/firebase","https://www.googleapis.com/auth/cloud-platform"]
[debug] [2026-09-09T16:55:53.997Z] > authorizing via signed-in user (miguelsanchezr2014@gmail.com)
[debug] [2026-09-09T16:55:53.997Z] [iam] checking project paklan-45c3c for permissions ["cloudfunctions.functions.create","cloudfunctions.functions.delete","cloudfunctions.functions.get","cloudfunctions.functions.list","cloudfunctions.functions.update","cloudfunctions.operations.get","firebase.projects.get"]
[debug] [2026-09-09T16:55:54.003Z] Checked if tokens are valid: true, expires at: 1788974279132
[debug] [2026-09-09T16:55:54.003Z] Checked if tokens are valid: true, expires at: 1788974279132
[debug] [2026-09-09T16:55:54.003Z] >>> [apiv2][query] POST https://cloudresourcemanager.googleapis.com/v1/projects/paklan-45c3c:testIamPermissions [none]
[debug] [2026-09-09T16:55:54.003Z] >>> [apiv2][(partial)header] POST https://cloudresourcemanager.googleapis.com/v1/projects/paklan-45c3c:testIamPermissions  x-goog-user-project=paklan-45c3c
[debug] [2026-09-09T16:55:54.003Z] >>> [apiv2][body] POST https://cloudresourcemanager.googleapis.com/v1/projects/paklan-45c3c:testIamPermissions {"permissions":["cloudfunctions.functions.create","cloudfunctions.functions.delete","cloudfunctions.functions.get","cloudfunctions.functions.list","cloudfunctions.functions.update","cloudfunctions.operations.get","firebase.projects.get"]}
[debug] [2026-09-09T16:55:54.356Z] <<< [apiv2][status] POST https://cloudresourcemanager.googleapis.com/v1/projects/paklan-45c3c:testIamPermissions 200
[debug] [2026-09-09T16:55:54.356Z] <<< [apiv2][body] POST https://cloudresourcemanager.googleapis.com/v1/projects/paklan-45c3c:testIamPermissions {"permissions":["cloudfunctions.functions.create","cloudfunctions.functions.delete","cloudfunctions.functions.get","cloudfunctions.functions.list","cloudfunctions.functions.update","cloudfunctions.operations.get","firebase.projects.get"]}
[debug] [2026-09-09T16:55:54.356Z] Checked if tokens are valid: true, expires at: 1788974279132
[debug] [2026-09-09T16:55:54.356Z] Checked if tokens are valid: true, expires at: 1788974279132
[debug] [2026-09-09T16:55:54.356Z] >>> [apiv2][query] POST https://iam.googleapis.com/v1/projects/paklan-45c3c/serviceAccounts/paklan-45c3c@appspot.gserviceaccount.com:testIamPermissions [none]
[debug] [2026-09-09T16:55:54.356Z] >>> [apiv2][body] POST https://iam.googleapis.com/v1/projects/paklan-45c3c/serviceAccounts/paklan-45c3c@appspot.gserviceaccount.com:testIamPermissions {"permissions":["iam.serviceAccounts.actAs"]}
[debug] [2026-09-09T16:55:54.702Z] <<< [apiv2][status] POST https://iam.googleapis.com/v1/projects/paklan-45c3c/serviceAccounts/paklan-45c3c@appspot.gserviceaccount.com:testIamPermissions 404
[debug] [2026-09-09T16:55:54.702Z] <<< [apiv2][body] POST https://iam.googleapis.com/v1/projects/paklan-45c3c/serviceAccounts/paklan-45c3c@appspot.gserviceaccount.com:testIamPermissions {"error":{"code":404,"message":"Unknown service account","status":"NOT_FOUND"}}
[debug] [2026-09-09T16:55:54.702Z] [functions] service account IAM check errored, deploy may fail: Request to https://iam.googleapis.com/v1/projects/paklan-45c3c/serviceAccounts/paklan-45c3c@appspot.gserviceaccount.com:testIamPermissions had HTTP Error: 404, Unknown service account {"name":"FirebaseError","children":[],"context":{"body":{"error":{"code":404,"message":"Unknown service account","status":"NOT_FOUND"}},"response":{"statusCode":404}},"exit":1,"message":"Request to https://iam.googleapis.com/v1/projects/paklan-45c3c/serviceAccounts/paklan-45c3c@appspot.gserviceaccount.com:testIamPermissions had HTTP Error: 404, Unknown service account","status":404}
[info] 
[info] === Deploying to 'paklan-45c3c'...
[info] 
[info] i  deploying functions 
[debug] [2026-09-09T16:55:54.705Z] Checked if tokens are valid: true, expires at: 1788974279132
[debug] [2026-09-09T16:55:54.705Z] Checked if tokens are valid: true, expires at: 1788974279132
[debug] [2026-09-09T16:55:54.705Z] >>> [apiv2][query] GET https://cloudresourcemanager.googleapis.com/v1/projects/paklan-45c3c [none]
[debug] [2026-09-09T16:55:54.806Z] <<< [apiv2][status] GET https://cloudresourcemanager.googleapis.com/v1/projects/paklan-45c3c 200
[debug] [2026-09-09T16:55:54.806Z] <<< [apiv2][body] GET https://cloudresourcemanager.googleapis.com/v1/projects/paklan-45c3c {"projectNumber":"833776742151","projectId":"paklan-45c3c","lifecycleState":"ACTIVE","name":"Paklan","labels":{"firebase":"enabled","firebase-core":"disabled"},"createTime":"2025-04-08T14:26:04.868523Z"}
[info] i  functions: preparing codebase default for deployment 
[info] i  functions: ensuring required API cloudfunctions.googleapis.com is enabled... 
[info] i  functions: ensuring required API cloudbuild.googleapis.com is enabled... 
[info] i  artifactregistry: ensuring required API artifactregistry.googleapis.com is enabled... 
[debug] [2026-09-09T16:55:54.807Z] Checked if tokens are valid: true, expires at: 1788974279132
[debug] [2026-09-09T16:55:54.807Z] Checked if tokens are valid: true, expires at: 1788974279132
[debug] [2026-09-09T16:55:54.807Z] >>> [apiv2][query] GET https://firebase.googleapis.com/v1beta1/projects/paklan-45c3c/adminSdkConfig [none]
[debug] [2026-09-09T16:55:55.170Z] <<< [apiv2][status] GET https://firebase.googleapis.com/v1beta1/projects/paklan-45c3c/adminSdkConfig 200
[debug] [2026-09-09T16:55:55.170Z] <<< [apiv2][body] GET https://firebase.googleapis.com/v1beta1/projects/paklan-45c3c/adminSdkConfig {"projectId":"paklan-45c3c","storageBucket":"paklan-45c3c.firebasestorage.app"}
[debug] [2026-09-09T16:55:55.170Z] Checked if tokens are valid: true, expires at: 1788974279132
[debug] [2026-09-09T16:55:55.171Z] Checked if tokens are valid: true, expires at: 1788974279132
[debug] [2026-09-09T16:55:55.171Z] >>> [apiv2][query] GET https://runtimeconfig.googleapis.com/v1beta1/projects/paklan-45c3c/configs [none]
[debug] [2026-09-09T16:55:55.479Z] <<< [apiv2][status] GET https://runtimeconfig.googleapis.com/v1beta1/projects/paklan-45c3c/configs 200
[debug] [2026-09-09T16:55:55.480Z] <<< [apiv2][body] GET https://runtimeconfig.googleapis.com/v1beta1/projects/paklan-45c3c/configs {}
[debug] [2026-09-09T16:55:55.481Z] Customer code is not Node
[debug] [2026-09-09T16:55:55.482Z] Validating python source
[debug] [2026-09-09T16:55:55.482Z] Building python source
[info] i  functions: Loading and analyzing source code for codebase default to determine what to deploy 
[debug] [2026-09-09T16:55:55.483Z] Could not find functions.yaml. Must use http discovery
[debug] [2026-09-09T16:55:55.496Z] Running command with virtualenv: command=., args=["\"/Users/miguelangelsanchez/Documents/Paklanv2/Paklan/functions/venv/bin/activate\"","&&","python3.13","-c","\"import firebase_functions; import os; print(os.path.dirname(firebase_functions.__file__))\""]
[debug] [2026-09-09T16:55:55.704Z] stdout: /Users/miguelangelsanchez/Documents/Paklanv2/Paklan/functions/venv/lib/python3.13/site-packages/firebase_functions

[debug] [2026-09-09T16:55:55.707Z] Running admin server with args: ["python3.13","\"/Users/miguelangelsanchez/Documents/Paklanv2/Paklan/functions/venv/lib/python3.13/site-packages/firebase_functions/private/serving.py\""] and env: {"FIREBASE_CONFIG":"{\"projectId\":\"paklan-45c3c\",\"storageBucket\":\"paklan-45c3c.firebasestorage.app\"}","GCLOUD_PROJECT":"paklan-45c3c","GOOGLE_CLOUD_QUOTA_PROJECT":"paklan-45c3c","ADMIN_PORT":"8082"} in /Users/miguelangelsanchez/Documents/Paklanv2/Paklan/functions
[debug] [2026-09-09T16:55:55.707Z] Running command with virtualenv: command=., args=["\"/Users/miguelangelsanchez/Documents/Paklanv2/Paklan/functions/venv/bin/activate\"","&&","python3.13","\"/Users/miguelangelsanchez/Documents/Paklanv2/Paklan/functions/venv/lib/python3.13/site-packages/firebase_functions/private/serving.py\""]
[info]  * Serving Flask app 'serving'
 * Debug mode: off

[error] WARNING: This is a development server. Do not use it in a production deployment. Use a production WSGI server instead.
 * Running on http://127.0.0.1:8082

[error] Press CTRL+C to quit

[error] 127.0.0.1 - - [09/Sep/2026 10:55:56] "GET /__/functions.yaml HTTP/1.1" 200 -

[debug] [2026-09-09T16:55:56.360Z] Got response from /__/functions.yaml endpoints:
  create_connect_account:
    availableMemoryMb: null
    concurrency: null
    entryPoint: create_connect_account
    httpsTrigger: {}
    ingressSettings: null
    labels: {}
    maxInstances: null
    minInstances: null
    platform: gcfv2
    secretEnvironmentVariables:
    - key: STRIPE_SECRET_JSON
    serviceAccountEmail: null
    timeoutSeconds: null
  get_time_from_server:
    availableMemoryMb: 256
    callableTrigger: {}
    concurrency: null
    entryPoint: get_time_from_server
    ingressSettings: null
    labels:
      deployment-callable: 'true'
    maxInstances: 40
    minInstances: null
    platform: gcfv2
    secretEnvironmentVariables: []
    serviceAccountEmail: null
    timeoutSeconds: null
  send_message_notifications:
    availableMemoryMb: null
    concurrency: null
    entryPoint: send_message_notifications
    eventTrigger:
      eventFilterPathPatterns:
        document: chats/{chatId}/messages/{messageId}
      eventFilters:
        database: (default)
        namespace: (default)
      eventType: google.cloud.firestore.document.v1.created
      retry: false
    ingressSettings: null
    labels: {}
    maxInstances: 40
    minInstances: null
    platform: gcfv2
    region:
    - us-central1
    secretEnvironmentVariables: []
    serviceAccountEmail: null
    timeoutSeconds: null
  send_reminder:
    availableMemoryMb: null
    concurrency: null
    entryPoint: send_reminder
    ingressSettings: null
    labels: {}
    maxInstances: null
    minInstances: null
    platform: gcfv2
    scheduleTrigger:
      retryConfig: {}
      schedule: 0 */6 * * *
    secretEnvironmentVariables: []
    serviceAccountEmail: null
    timeoutSeconds: null
  send_reminder_days:
    availableMemoryMb: null
    concurrency: null
    entryPoint: send_reminder_days
    ingressSettings: null
    labels: {}
    maxInstances: null
    minInstances: null
    platform: gcfv2
    scheduleTrigger:
      retryConfig: {}
      schedule: 0 7 */2 * *
    secretEnvironmentVariables: []
    serviceAccountEmail: null
    timeoutSeconds: null
  update_remaining_hours:
    availableMemoryMb: null
    concurrency: null
    entryPoint: update_remaining_hours
    ingressSettings: null
    labels: {}
    maxInstances: null
    minInstances: null
    platform: gcfv2
    scheduleTrigger:
      retryConfig: {}
      schedule: '* * */1 * *'
    secretEnvironmentVariables: []
    serviceAccountEmail: null
    timeoutSeconds: null
  update_transactions:
    availableMemoryMb: null
    concurrency: null
    entryPoint: update_transactions
    eventTrigger:
      eventFilterPathPatterns:
        document: transactions/{transactionId}/status/{statusId}
      eventFilters:
        database: (default)
        namespace: (default)
      eventType: google.cloud.firestore.document.v1.created
      retry: false
    ingressSettings: null
    labels: {}
    maxInstances: 40
    minInstances: null
    platform: gcfv2
    secretEnvironmentVariables: []
    serviceAccountEmail: null
    timeoutSeconds: null
params:
- name: STRIPE_SECRET_JSON
  type: secret
requiredAPIs:
- api: cloudscheduler.googleapis.com
  reason: Needed for scheduled functions.
specVersion: v1alpha1

[error] 127.0.0.1 - - [09/Sep/2026 10:55:56] "GET /__/quitquitquit HTTP/1.1" 200 -

[error] /bin/sh: line 1:  2869 Terminated: 15          python3.13 "/Users/miguelangelsanchez/Documents/Paklanv2/Paklan/functions/venv/lib/python3.13/site-packages/firebase_functions/private/serving.py"

[debug] [2026-09-09T16:55:56.370Z] Checked if tokens are valid: true, expires at: 1788974279132
[debug] [2026-09-09T16:55:56.370Z] Checked if tokens are valid: true, expires at: 1788974279132
[debug] [2026-09-09T16:55:56.370Z] >>> [apiv2][query] GET https://cloudfunctions.googleapis.com/v1/projects/paklan-45c3c/locations/-/functions [none]
[debug] [2026-09-09T16:55:57.233Z] <<< [apiv2][status] GET https://cloudfunctions.googleapis.com/v1/projects/paklan-45c3c/locations/-/functions 200
[debug] [2026-09-09T16:55:57.233Z] <<< [apiv2][body] GET https://cloudfunctions.googleapis.com/v1/projects/paklan-45c3c/locations/-/functions {"functions":[{"name":"projects/paklan-45c3c/locations/us-central1/functions/ext-storage-resize-images-fgh5-generateResizedImage","description":"Listens for new images uploaded to your specified Cloud Storage bucket, resizes the images, then stores the resized images in the same bucket. Optionally keeps or deletes the original images.","sourceArchiveUrl":"gs://firebase-mod-sources-prod/6926296cf606c047add3b524a9e6045afd4ebb015e890311f8beec4689a1f406","eventTrigger":{"eventType":"google.storage.object.finalize","resource":"projects/_/buckets/paklan-45c3c.firebasestorage.app","service":"storage.googleapis.com","failurePolicy":{}},"status":"ACTIVE","entryPoint":"generateResizedImage","timeout":"60s","availableMemoryMb":2048,"serviceAccountEmail":"ext-storage-resize-images-fgh5@paklan-45c3c.iam.gserviceaccount.com","updateTime":"2026-08-18T15:17:39.607Z","versionId":"2","labels":{"firebase-extensions-ar":"enabled","goog-dm":"firebase-ext-storage-resize-images-fgh5","goog-firebase-ext":"storage-resize-images","deployment-tool":"firebase-extensions","goog-firebase-ext-iid":"storage-resize-images-fgh5"},"environmentVariables":{"CONTENT_FILTER_LEVEL":"BLOCK_ONLY_HIGH","DATABASE_INSTANCE":"","DATABASE_URL":"","DELETE_ORIGINAL_FILE":"on_success","EXT_INSTANCE_ID":"storage-resize-images-fgh5","FIREBASE_CONFIG":"{\"projectId\":\"paklan-45c3c\",\"databaseURL\":\"\",\"storageBucket\":\"paklan-45c3c.firebasestorage.app\"}","FUNCTION_MEMORY":"2048","GCLOUD_PROJECT":"paklan-45c3c","IMAGE_TYPE":"false","IMG_BUCKET":"paklan-45c3c.firebasestorage.app","IMG_SIZES":"700x700","INCLUDE_PATH_LIST":"/uploads","IS_ANIMATED":"true","LOCATION":"us-central1","MAKE_PUBLIC":"false","PROJECT_ID":"paklan-45c3c","REGENERATE_TOKEN":"true","STORAGE_BUCKET":"paklan-45c3c.firebasestorage.app"},"runtime":"nodejs22","maxInstances":3000,"ingressSettings":"ALLOW_INTERNAL_ONLY","buildId":"8091bb46-25e1-4452-ad5b-06fff946b527","buildEnvironmentVariables":{"GOOGLE_NODE_RUN_SCRIPTS":""},"buildName":"projects/833776742151/locations/us-central1/builds/8091bb46-25e1-4452-ad5b-06fff946b527","dockerRegistry":"ARTIFACT_REGISTRY","automaticUpdatePolicy":{},"buildServiceAccount":"projects/paklan-45c3c/serviceAccounts/833776742151-compute@developer.gserviceaccount.com","satisfiesPzi":true},{"name":"projects/paklan-45c3c/locations/us-central1/functions/ext-storage-resize-images-generateResizedImage","description":"Listens for new images uploaded to your specified Cloud Storage bucket, resizes the images, then stores the resized images in the same bucket. Optionally keeps or deletes the original images.","sourceArchiveUrl":"gs://firebase-mod-sources-prod/6926296cf606c047add3b524a9e6045afd4ebb015e890311f8beec4689a1f406","eventTrigger":{"eventType":"google.storage.object.finalize","resource":"projects/_/buckets/paklan-45c3c.firebasestorage.app","service":"storage.googleapis.com","failurePolicy":{}},"status":"UNKNOWN","entryPoint":"generateResizedImage","timeout":"60s","availableMemoryMb":1024,"serviceAccountEmail":"ext-storage-resize-images@paklan-45c3c.iam.gserviceaccount.com","updateTime":"2026-07-28T14:38:08.713939346Z","versionId":"1","labels":{"firebase-extensions-ar":"enabled","goog-firebase-ext":"storage-resize-images","goog-firebase-ext-iid":"storage-resize-images","deployment-tool":"firebase-extensions"},"environmentVariables":{"CONTENT_FILTER_LEVEL":"BLOCK_MEDIUM_AND_ABOVE","CUSTOM_FILTER_PROMPT":"Does this image show violent or threatening content?, Does the image contain children?, Does the image contain blood, flesh or gore?, Does the image contain nudity, or sex related content?","DATABASE_INSTANCE":"","DATABASE_URL":"","DELETE_ORIGINAL_FILE":"on_success","EXT_INSTANCE_ID":"storage-resize-images","FIREBASE_CONFIG":"{\"projectId\":\"paklan-45c3c\",\"databaseURL\":\"\",\"storageBucket\":\"paklan-45c3c.firebasestorage.app\"}","FUNCTION_MEMORY":"1024","GCLOUD_PROJECT":"paklan-45c3c","IMAGE_TYPE":"false","IMG_BUCKET":"paklan-45c3c.firebasestorage.app","IMG_SIZES":"400x400","INCLUDE_PATH_LIST":"/uploads/*","IS_ANIMATED":"true","LOCATION":"us-central1","MAKE_PUBLIC":"true","PROJECT_ID":"paklan-45c3c","REGENERATE_TOKEN":"true","STORAGE_BUCKET":"paklan-45c3c.firebasestorage.app"},"runtime":"nodejs22","maxInstances":3000,"ingressSettings":"ALLOW_INTERNAL_ONLY","buildId":"966ae6bb-c239-4ae8-b506-9dd5c574b30f","buildEnvironmentVariables":{"GOOGLE_NODE_RUN_SCRIPTS":""},"buildName":"projects/833776742151/locations/us-central1/builds/966ae6bb-c239-4ae8-b506-9dd5c574b30f","dockerRegistry":"ARTIFACT_REGISTRY","automaticUpdatePolicy":{},"buildServiceAccount":"projects/paklan-45c3c/serviceAccounts/833776742151-compute@developer.gserviceaccount.com","satisfiesPzi":true},{"name":"projects/paklan-45c3c/locations/us-central1/functions/ext-firestore-algolia-search-a3b9-executeFullIndexOperation","description":"Loads all the data from your FireStore database into Algolia","sourceArchiveUrl":"gs://firebase-mod-sources-prod/40ff94c91fcc9ba132d1cea0b0849dc333c6afb1f51e86e19cfd2104b6f45bcc","httpsTrigger":{"url":"https://us-central1-paklan-45c3c.cloudfunctions.net/ext-firestore-algolia-search-a3b9-executeFullIndexOperation","securityLevel":"SECURE_OPTIONAL"},"status":"ACTIVE","entryPoint":"executeFullIndexOperation","timeout":"540s","availableMemoryMb":1024,"serviceAccountEmail":"ext-firestore-algolia-sea-b642@paklan-45c3c.iam.gserviceaccount.com","updateTime":"2026-08-19T17:51:08.330Z","versionId":"2","labels":{"firebase-extensions-ar":"enabled","goog-dm":"firebase-ext-firestore-algolia-search-a3b9","goog-firebase-ext":"firestore-algolia-search","deployment-tool":"firebase-extensions","goog-firebase-ext-iid":"firestore-algolia-search-a3b9"},"environmentVariables":{"ALGOLIA_APP_ID":"PTMUS2ZU2X","ALGOLIA_INDEX_NAME":"ISOPostIndex","COLLECTION_PATH":"ISOPosts","DATABASE_ID":"(default)","DATABASE_INSTANCE":"","DATABASE_URL":"","DO_FULL_INDEXING":"true","EXT_INSTANCE_ID":"firestore-algolia-search-a3b9","FIREBASE_CONFIG":"{\"projectId\":\"paklan-45c3c\",\"databaseURL\":\"\",\"storageBucket\":\"paklan-45c3c.firebasestorage.app\"}","FORCE_DATA_SYNC":"yes","GCLOUD_PROJECT":"paklan-45c3c","LOCATION":"us-central1","PROJECT_ID":"paklan-45c3c","STORAGE_BUCKET":"paklan-45c3c.firebasestorage.app"},"runtime":"nodejs22","ingressSettings":"ALLOW_ALL","buildId":"a1cee8f5-29a8-4e4b-bfac-569e37b724d3","buildEnvironmentVariables":{"GOOGLE_NODE_RUN_SCRIPTS":""},"secretEnvironmentVariables":[{"key":"ALGOLIA_API_KEY","projectId":"833776742151","secret":"firestore-algolia-search-a3b9-ALGOLIA_API_KEY","version":"1"}],"buildName":"projects/833776742151/locations/us-central1/builds/a1cee8f5-29a8-4e4b-bfac-569e37b724d3","dockerRegistry":"ARTIFACT_REGISTRY","automaticUpdatePolicy":{},"buildServiceAccount":"projects/paklan-45c3c/serviceAccounts/833776742151-compute@developer.gserviceaccount.com","satisfiesPzi":true},{"name":"projects/paklan-45c3c/locations/us-central1/functions/ext-firestore-algolia-search-a3b9-executeIndexOperation","description":"Firestore document-triggered function that creates, updates, or deletes data in Algolia.","sourceArchiveUrl":"gs://firebase-mod-sources-prod/40ff94c91fcc9ba132d1cea0b0849dc333c6afb1f51e86e19cfd2104b6f45bcc","eventTrigger":{"eventType":"providers/cloud.firestore/eventTypes/document.write","resource":"projects/paklan-45c3c/databases/(default)/documents/ISOPosts/{documentID}","service":"firestore.googleapis.com","failurePolicy":{}},"status":"ACTIVE","entryPoint":"executeIndexOperation","timeout":"60s","availableMemoryMb":256,"serviceAccountEmail":"ext-firestore-algolia-sea-b642@paklan-45c3c.iam.gserviceaccount.com","updateTime":"2026-08-19T17:51:24.899Z","versionId":"2","labels":{"deployment-tool":"firebase-extensions","goog-firebase-ext-iid":"firestore-algolia-search-a3b9","firebase-extensions-ar":"enabled","goog-dm":"firebase-ext-firestore-algolia-search-a3b9","goog-firebase-ext":"firestore-algolia-search"},"environmentVariables":{"ALGOLIA_APP_ID":"PTMUS2ZU2X","ALGOLIA_INDEX_NAME":"ISOPostIndex","COLLECTION_PATH":"ISOPosts","DATABASE_ID":"(default)","DATABASE_INSTANCE":"","DATABASE_URL":"","DO_FULL_INDEXING":"true","EXT_INSTANCE_ID":"firestore-algolia-search-a3b9","FIREBASE_CONFIG":"{\"projectId\":\"paklan-45c3c\",\"databaseURL\":\"\",\"storageBucket\":\"paklan-45c3c.firebasestorage.app\"}","FORCE_DATA_SYNC":"yes","GCLOUD_PROJECT":"paklan-45c3c","LOCATION":"us-central1","PROJECT_ID":"paklan-45c3c","STORAGE_BUCKET":"paklan-45c3c.firebasestorage.app"},"runtime":"nodejs22","maxInstances":3000,"ingressSettings":"ALLOW_INTERNAL_ONLY","buildId":"f2ceaf75-4777-4fa6-be49-7eb7ed55df05","buildEnvironmentVariables":{"GOOGLE_NODE_RUN_SCRIPTS":""},"secretEnvironmentVariables":[{"key":"ALGOLIA_API_KEY","projectId":"833776742151","secret":"firestore-algolia-search-a3b9-ALGOLIA_API_KEY","version":"1"}],"buildName":"projects/833776742151/locations/us-central1/builds/f2ceaf75-4777-4fa6-be49-7eb7ed55df05","dockerRegistry":"ARTIFACT_REGISTRY","automaticUpdatePolicy":{},"buildServiceAccount":"projects/paklan-45c3c/serviceAccounts/833776742151-compute@developer.gserviceaccount.com","satisfiesPzi":true},{"name":"projects/paklan-45c3c/locations/us-east1/functions/ext-firestore-algolia-search-vj24-executeIndexOperation","description":"Firestore document-triggered function that creates, updates, or deletes data in Algolia.","sourceArchiveUrl":"gs://firebase-mod-sources-prod/711dffee83aba6fd3013098bed42d095d035826b5f3f005f1aa5743116ab25ce","eventTrigger":{"eventType":"providers/cloud.firestore/eventTypes/document.write","resource":"projects/paklan-45c3c/databases/(default)/documents/users/{documentID}","service":"firestore.googleapis.com","failurePolicy":{}},"status":"ACTIVE","entryPoint":"executeIndexOperation","timeout":"60s","availableMemoryMb":256,"serviceAccountEmail":"ext-firestore-algolia-sea-vam8@paklan-45c3c.iam.gserviceaccount.com","updateTime":"2026-02-04T14:31:32.472Z","versionId":"2","labels":{"firebase-extensions-ar":"enabled","goog-dm":"firebase-ext-firestore-algolia-search-vj24","goog-firebase-ext":"firestore-algolia-search","deployment-tool":"firebase-extensions","goog-firebase-ext-iid":"firestore-algolia-search-vj24"},"environmentVariables":{"ALGOLIA_APP_ID":"PTMUS2ZU2X","ALGOLIA_INDEX_NAME":"userSearch","COLLECTION_PATH":"users","DATABASE_ID":"(default)","DATABASE_INSTANCE":"","DATABASE_URL":"","DO_FULL_INDEXING":"true","EXT_INSTANCE_ID":"firestore-algolia-search-vj24","FIELDS":"firstName,lastName,phone,email","FIREBASE_CONFIG":"{\"projectId\":\"paklan-45c3c\",\"databaseURL\":\"\",\"storageBucket\":\"paklan-45c3c.firebasestorage.app\"}","FORCE_DATA_SYNC":"yes","GCLOUD_PROJECT":"paklan-45c3c","LOCATION":"us-east1","PROJECT_ID":"paklan-45c3c","STORAGE_BUCKET":"paklan-45c3c.firebasestorage.app"},"runtime":"nodejs20","maxInstances":3000,"ingressSettings":"ALLOW_INTERNAL_ONLY","buildId":"ba2a20d6-a505-44e7-8f9e-566f39f935be","buildEnvironmentVariables":{"GOOGLE_NODE_RUN_SCRIPTS":""},"secretEnvironmentVariables":[{"key":"ALGOLIA_API_KEY","projectId":"833776742151","secret":"firestore-algolia-search-vj24-ALGOLIA_API_KEY","version":"1"}],"buildName":"projects/833776742151/locations/us-east1/builds/ba2a20d6-a505-44e7-8f9e-566f39f935be","dockerRegistry":"ARTIFACT_REGISTRY","automaticUpdatePolicy":{},"buildServiceAccount":"projects/paklan-45c3c/serviceAccounts/833776742151-compute@developer.gserviceaccount.com","satisfiesPzi":true},{"name":"projects/paklan-45c3c/locations/us-east1/functions/ext-firestore-algolia-search-vj24-executeFullIndexOperation","description":"Loads all the data from your FireStore database into Algolia","sourceArchiveUrl":"gs://firebase-mod-sources-prod/711dffee83aba6fd3013098bed42d095d035826b5f3f005f1aa5743116ab25ce","httpsTrigger":{"url":"https://us-east1-paklan-45c3c.cloudfunctions.net/ext-firestore-algolia-search-vj24-executeFullIndexOperation","securityLevel":"SECURE_OPTIONAL"},"status":"ACTIVE","entryPoint":"executeFullIndexOperation","timeout":"540s","availableMemoryMb":1024,"serviceAccountEmail":"ext-firestore-algolia-sea-vam8@paklan-45c3c.iam.gserviceaccount.com","updateTime":"2026-02-04T14:31:17.894Z","versionId":"2","labels":{"firebase-extensions-ar":"enabled","goog-dm":"firebase-ext-firestore-algolia-search-vj24","goog-firebase-ext":"firestore-algolia-search","deployment-tool":"firebase-extensions","goog-firebase-ext-iid":"firestore-algolia-search-vj24"},"environmentVariables":{"ALGOLIA_APP_ID":"PTMUS2ZU2X","ALGOLIA_INDEX_NAME":"userSearch","COLLECTION_PATH":"users","DATABASE_ID":"(default)","DATABASE_INSTANCE":"","DATABASE_URL":"","DO_FULL_INDEXING":"true","EXT_INSTANCE_ID":"firestore-algolia-search-vj24","FIELDS":"firstName,lastName,phone,email","FIREBASE_CONFIG":"{\"projectId\":\"paklan-45c3c\",\"databaseURL\":\"\",\"storageBucket\":\"paklan-45c3c.firebasestorage.app\"}","FORCE_DATA_SYNC":"yes","GCLOUD_PROJECT":"paklan-45c3c","LOCATION":"us-east1","PROJECT_ID":"paklan-45c3c","STORAGE_BUCKET":"paklan-45c3c.firebasestorage.app"},"runtime":"nodejs20","ingressSettings":"ALLOW_ALL","buildId":"bb405b99-a599-4264-8720-78f24417402a","buildEnvironmentVariables":{"GOOGLE_NODE_RUN_SCRIPTS":""},"secretEnvironmentVariables":[{"key":"ALGOLIA_API_KEY","projectId":"833776742151","secret":"firestore-algolia-search-vj24-ALGOLIA_API_KEY","version":"1"}],"buildName":"projects/833776742151/locations/us-east1/builds/bb405b99-a599-4264-8720-78f24417402a","dockerRegistry":"ARTIFACT_REGISTRY","automaticUpdatePolicy":{},"buildServiceAccount":"projects/paklan-45c3c/serviceAccounts/833776742151-compute@developer.gserviceaccount.com","satisfiesPzi":true},{"name":"projects/paklan-45c3c/locations/us-east1/functions/ext-firestore-algolia-search-executeFullIndexOperation","description":"Loads all the data from your FireStore database into Algolia","sourceArchiveUrl":"gs://firebase-mod-sources-prod/40ff94c91fcc9ba132d1cea0b0849dc333c6afb1f51e86e19cfd2104b6f45bcc","httpsTrigger":{"url":"https://us-east1-paklan-45c3c.cloudfunctions.net/ext-firestore-algolia-search-executeFullIndexOperation","securityLevel":"SECURE_OPTIONAL"},"status":"ACTIVE","entryPoint":"executeFullIndexOperation","timeout":"540s","availableMemoryMb":1024,"serviceAccountEmail":"ext-firestore-algolia-search@paklan-45c3c.iam.gserviceaccount.com","updateTime":"2026-07-28T15:10:39.472Z","versionId":"2","labels":{"firebase-extensions-ar":"enabled","goog-dm":"firebase-ext-firestore-algolia-search","goog-firebase-ext":"firestore-algolia-search","deployment-tool":"firebase-extensions","goog-firebase-ext-iid":"firestore-algolia-search"},"environmentVariables":{"ALGOLIA_APP_ID":"PTMUS2ZU2X","ALGOLIA_INDEX_NAME":"userSearch","COLLECTION_PATH":"users","DATABASE_ID":"(default)","DATABASE_INSTANCE":"","DATABASE_URL":"","DO_FULL_INDEXING":"true","EXT_INSTANCE_ID":"firestore-algolia-search","FIREBASE_CONFIG":"{\"projectId\":\"paklan-45c3c\",\"databaseURL\":\"\",\"storageBucket\":\"paklan-45c3c.firebasestorage.app\"}","FORCE_DATA_SYNC":"no","GCLOUD_PROJECT":"paklan-45c3c","LOCATION":"us-east1","PROJECT_ID":"paklan-45c3c","STORAGE_BUCKET":"paklan-45c3c.firebasestorage.app"},"runtime":"nodejs22","ingressSettings":"ALLOW_ALL","buildId":"76c53eab-f2c9-4d5c-a4ff-ef2c22eacbcf","buildEnvironmentVariables":{"GOOGLE_NODE_RUN_SCRIPTS":""},"secretEnvironmentVariables":[{"key":"ALGOLIA_API_KEY","projectId":"833776742151","secret":"firestore-algolia-search-ALGOLIA_API_KEY-51i7","version":"1"}],"buildName":"projects/833776742151/locations/us-east1/builds/76c53eab-f2c9-4d5c-a4ff-ef2c22eacbcf","dockerRegistry":"ARTIFACT_REGISTRY","automaticUpdatePolicy":{},"buildServiceAccount":"projects/paklan-45c3c/serviceAccounts/833776742151-compute@developer.gserviceaccount.com","satisfiesPzi":true},{"name":"projects/paklan-45c3c/locations/us-east1/functions/ext-firestore-algolia-search-executeIndexOperation","description":"Firestore document-triggered function that creates, updates, or deletes data in Algolia.","sourceArchiveUrl":"gs://firebase-mod-sources-prod/40ff94c91fcc9ba132d1cea0b0849dc333c6afb1f51e86e19cfd2104b6f45bcc","eventTrigger":{"eventType":"providers/cloud.firestore/eventTypes/document.write","resource":"projects/paklan-45c3c/databases/(default)/documents/users/{documentID}","service":"firestore.googleapis.com","failurePolicy":{}},"status":"ACTIVE","entryPoint":"executeIndexOperation","timeout":"60s","availableMemoryMb":256,"serviceAccountEmail":"ext-firestore-algolia-search@paklan-45c3c.iam.gserviceaccount.com","updateTime":"2026-07-28T15:10:59.983Z","versionId":"2","labels":{"goog-firebase-ext":"firestore-algolia-search","deployment-tool":"firebase-extensions","goog-firebase-ext-iid":"firestore-algolia-search","firebase-extensions-ar":"enabled","goog-dm":"firebase-ext-firestore-algolia-search"},"environmentVariables":{"ALGOLIA_APP_ID":"PTMUS2ZU2X","ALGOLIA_INDEX_NAME":"userSearch","COLLECTION_PATH":"users","DATABASE_ID":"(default)","DATABASE_INSTANCE":"","DATABASE_URL":"","DO_FULL_INDEXING":"true","EXT_INSTANCE_ID":"firestore-algolia-search","FIREBASE_CONFIG":"{\"projectId\":\"paklan-45c3c\",\"databaseURL\":\"\",\"storageBucket\":\"paklan-45c3c.firebasestorage.app\"}","FORCE_DATA_SYNC":"no","GCLOUD_PROJECT":"paklan-45c3c","LOCATION":"us-east1","PROJECT_ID":"paklan-45c3c","STORAGE_BUCKET":"paklan-45c3c.firebasestorage.app"},"runtime":"nodejs22","maxInstances":3000,"ingressSettings":"ALLOW_INTERNAL_ONLY","buildId":"c45647b4-7028-4c08-8556-ff7c9eb2e367","buildEnvironmentVariables":{"GOOGLE_NODE_RUN_SCRIPTS":""},"secretEnvironmentVariables":[{"key":"ALGOLIA_API_KEY","projectId":"833776742151","secret":"firestore-algolia-search-ALGOLIA_API_KEY-51i7","version":"1"}],"buildName":"projects/833776742151/locations/us-east1/builds/c45647b4-7028-4c08-8556-ff7c9eb2e367","dockerRegistry":"ARTIFACT_REGISTRY","automaticUpdatePolicy":{},"buildServiceAccount":"projects/paklan-45c3c/serviceAccounts/833776742151-compute@developer.gserviceaccount.com","satisfiesPzi":true}]}
[debug] [2026-09-09T16:55:57.234Z] Checked if tokens are valid: true, expires at: 1788974279132
[debug] [2026-09-09T16:55:57.234Z] Checked if tokens are valid: true, expires at: 1788974279132
[debug] [2026-09-09T16:55:57.235Z] >>> [apiv2][query] GET https://cloudfunctions.googleapis.com/v2/projects/paklan-45c3c/locations/-/functions filter=environment%3D%22GEN_2%22
[debug] [2026-09-09T16:55:57.750Z] <<< [apiv2][status] GET https://cloudfunctions.googleapis.com/v2/projects/paklan-45c3c/locations/-/functions 200
[debug] [2026-09-09T16:55:57.750Z] <<< [apiv2][body] GET https://cloudfunctions.googleapis.com/v2/projects/paklan-45c3c/locations/-/functions {"functions":[{"name":"projects/paklan-45c3c/locations/us-central1/functions/get_time_from_server","buildConfig":{"build":"projects/833776742151/locations/us-central1/builds/3a325c4e-f611-4642-b1c6-45cc7a964303","runtime":"python313","entryPoint":"get_time_from_server","source":{"storageSource":{"bucket":"gcf-v2-sources-833776742151-us-central1","object":"get_time_from_server/function-source.zip","generation":"1788970692696270"}},"environmentVariables":{"GOOGLE_NODE_RUN_SCRIPTS":""},"dockerRepository":"projects/paklan-45c3c/locations/us-central1/repositories/gcf-artifacts","sourceProvenance":{"resolvedStorageSource":{"bucket":"gcf-v2-sources-833776742151-us-central1","object":"get_time_from_server/function-source.zip","generation":"1788970692696270"}},"dockerRegistry":"ARTIFACT_REGISTRY","serviceAccount":"projects/paklan-45c3c/serviceAccounts/833776742151-compute@developer.gserviceaccount.com","automaticUpdatePolicy":{}},"serviceConfig":{"service":"projects/paklan-45c3c/locations/us-central1/services/get-time-from-server","timeoutSeconds":60,"environmentVariables":{"FIREBASE_CONFIG":"{\"projectId\":\"paklan-45c3c\",\"storageBucket\":\"paklan-45c3c.firebasestorage.app\"}","GCLOUD_PROJECT":"paklan-45c3c","EVENTARC_CLOUD_EVENT_SOURCE":"projects/paklan-45c3c/locations/us-central1/services/get_time_from_server","FUNCTION_TARGET":"get_time_from_server","LOG_EXECUTION_ID":"true"},"maxInstanceCount":40,"ingressSettings":"ALLOW_ALL","uri":"https://get-time-from-server-ntcfxe6d7q-uc.a.run.app","serviceAccountEmail":"833776742151-compute@developer.gserviceaccount.com","availableMemory":"256Mi","allTrafficOnLatestRevision":true,"revision":"get-time-from-server-00038-nay","maxInstanceRequestConcurrency":80,"availableCpu":"1"},"state":"ACTIVE","updateTime":"2026-09-09T16:20:16.053763383Z","labels":{"deployment-callable":"true","deployment-tool":"cli-firebase","firebase-functions-hash":"facb5399b6d61bcec3d53d465b9947eabf4d29ee"},"environment":"GEN_2","url":"https://us-central1-paklan-45c3c.cloudfunctions.net/get_time_from_server","createTime":"2025-06-30T20:43:46.602371184Z","satisfiesPzi":true},{"name":"projects/paklan-45c3c/locations/us-central1/functions/create_connect_account","buildConfig":{"build":"projects/833776742151/locations/us-central1/builds/cbc91ad2-21bf-4703-a72c-5df47261bd12","runtime":"python313","entryPoint":"create_connect_account","source":{"storageSource":{"bucket":"gcf-v2-sources-833776742151-us-central1","object":"create_connect_account/function-source.zip","generation":"1788970693159070"}},"environmentVariables":{"GOOGLE_NODE_RUN_SCRIPTS":""},"dockerRepository":"projects/paklan-45c3c/locations/us-central1/repositories/gcf-artifacts","sourceProvenance":{"resolvedStorageSource":{"bucket":"gcf-v2-sources-833776742151-us-central1","object":"create_connect_account/function-source.zip","generation":"1788970693159070"}},"dockerRegistry":"ARTIFACT_REGISTRY","serviceAccount":"projects/paklan-45c3c/serviceAccounts/833776742151-compute@developer.gserviceaccount.com","automaticUpdatePolicy":{}},"serviceConfig":{"service":"projects/paklan-45c3c/locations/us-central1/services/create-connect-account","timeoutSeconds":60,"environmentVariables":{"FIREBASE_CONFIG":"{\"projectId\":\"paklan-45c3c\",\"storageBucket\":\"paklan-45c3c.firebasestorage.app\"}","GCLOUD_PROJECT":"paklan-45c3c","EVENTARC_CLOUD_EVENT_SOURCE":"projects/paklan-45c3c/locations/us-central1/services/create_connect_account","FUNCTION_TARGET":"create_connect_account","LOG_EXECUTION_ID":"true"},"maxInstanceCount":20,"ingressSettings":"ALLOW_ALL","uri":"https://create-connect-account-ntcfxe6d7q-uc.a.run.app","serviceAccountEmail":"833776742151-compute@developer.gserviceaccount.com","availableMemory":"256Mi","allTrafficOnLatestRevision":true,"secretEnvironmentVariables":[{"key":"STRIPE_SECRET_JSON","projectId":"paklan-45c3c","secret":"STRIPE_SECRET_JSON","version":"2"}],"revision":"create-connect-account-00007-naq","maxInstanceRequestConcurrency":80,"availableCpu":"1"},"state":"ACTIVE","updateTime":"2026-09-09T16:20:06.046879308Z","labels":{"deployment-tool":"cli-firebase","firebase-functions-hash":"c81fa472ab16468da67c662b9758f97b520dabe6"},"environment":"GEN_2","url":"https://us-central1-paklan-45c3c.cloudfunctions.net/create_connect_account","createTime":"2026-07-30T17:56:33.833584134Z","satisfiesPzi":true},{"name":"projects/paklan-45c3c/locations/us-central1/functions/send_reminder","buildConfig":{"build":"projects/833776742151/locations/us-central1/builds/cbc91ad2-21bf-4703-a72c-5df47261bd12","runtime":"python313","entryPoint":"send_reminder","source":{"storageSource":{"bucket":"gcf-v2-sources-833776742151-us-central1","object":"send_reminder/function-source.zip","generation":"1788970791980702"}},"environmentVariables":{"GOOGLE_NODE_RUN_SCRIPTS":""},"dockerRepository":"projects/paklan-45c3c/locations/us-central1/repositories/gcf-artifacts","sourceProvenance":{"resolvedStorageSource":{"bucket":"gcf-v2-sources-833776742151-us-central1","object":"send_reminder/function-source.zip","generation":"1788970791980702"}},"dockerRegistry":"ARTIFACT_REGISTRY","serviceAccount":"projects/paklan-45c3c/serviceAccounts/833776742151-compute@developer.gserviceaccount.com","automaticUpdatePolicy":{}},"serviceConfig":{"service":"projects/paklan-45c3c/locations/us-central1/services/send-reminder","timeoutSeconds":60,"environmentVariables":{"FIREBASE_CONFIG":"{\"projectId\":\"paklan-45c3c\",\"storageBucket\":\"paklan-45c3c.firebasestorage.app\"}","GCLOUD_PROJECT":"paklan-45c3c","EVENTARC_CLOUD_EVENT_SOURCE":"projects/paklan-45c3c/locations/us-central1/services/send_reminder","FUNCTION_TARGET":"send_reminder","LOG_EXECUTION_ID":"true","FUNCTION_SIGNATURE_TYPE":"http"},"maxInstanceCount":20,"ingressSettings":"ALLOW_ALL","uri":"https://send-reminder-ntcfxe6d7q-uc.a.run.app","serviceAccountEmail":"833776742151-compute@developer.gserviceaccount.com","availableMemory":"256Mi","allTrafficOnLatestRevision":true,"revision":"send-reminder-00045-jec","maxInstanceRequestConcurrency":80,"availableCpu":"1"},"state":"ACTIVE","updateTime":"2026-09-09T16:20:07.748953071Z","labels":{"deployment-scheduled":"true","firebase-functions-hash":"facb5399b6d61bcec3d53d465b9947eabf4d29ee","deployment-tool":"cli-firebase"},"environment":"GEN_2","url":"https://us-central1-paklan-45c3c.cloudfunctions.net/send_reminder","createTime":"2025-06-27T01:35:11.190504717Z","satisfiesPzi":true},{"name":"projects/paklan-45c3c/locations/us-central1/functions/update_remaining_hours","buildConfig":{"build":"projects/833776742151/locations/us-central1/builds/cbc91ad2-21bf-4703-a72c-5df47261bd12","runtime":"python313","entryPoint":"update_remaining_hours","source":{"storageSource":{"bucket":"gcf-v2-sources-833776742151-us-central1","object":"update_remaining_hours/function-source.zip","generation":"1788970792102205"}},"environmentVariables":{"GOOGLE_NODE_RUN_SCRIPTS":""},"dockerRepository":"projects/paklan-45c3c/locations/us-central1/repositories/gcf-artifacts","sourceProvenance":{"resolvedStorageSource":{"bucket":"gcf-v2-sources-833776742151-us-central1","object":"update_remaining_hours/function-source.zip","generation":"1788970792102205"}},"dockerRegistry":"ARTIFACT_REGISTRY","serviceAccount":"projects/paklan-45c3c/serviceAccounts/833776742151-compute@developer.gserviceaccount.com","automaticUpdatePolicy":{}},"serviceConfig":{"service":"projects/paklan-45c3c/locations/us-central1/services/update-remaining-hours","timeoutSeconds":60,"environmentVariables":{"FIREBASE_CONFIG":"{\"projectId\":\"paklan-45c3c\",\"storageBucket\":\"paklan-45c3c.firebasestorage.app\"}","GCLOUD_PROJECT":"paklan-45c3c","EVENTARC_CLOUD_EVENT_SOURCE":"projects/paklan-45c3c/locations/us-central1/services/update_remaining_hours","FUNCTION_TARGET":"update_remaining_hours","LOG_EXECUTION_ID":"true","FUNCTION_SIGNATURE_TYPE":"http"},"maxInstanceCount":20,"ingressSettings":"ALLOW_ALL","uri":"https://update-remaining-hours-ntcfxe6d7q-uc.a.run.app","serviceAccountEmail":"833776742151-compute@developer.gserviceaccount.com","availableMemory":"256Mi","allTrafficOnLatestRevision":true,"revision":"update-remaining-hours-00045-tuk","maxInstanceRequestConcurrency":80,"availableCpu":"1"},"state":"ACTIVE","updateTime":"2026-09-09T16:20:06.920742015Z","labels":{"deployment-tool":"cli-firebase","deployment-scheduled":"true","firebase-functions-hash":"facb5399b6d61bcec3d53d465b9947eabf4d29ee"},"environment":"GEN_2","url":"https://us-central1-paklan-45c3c.cloudfunctions.net/update_remaining_hours","createTime":"2025-06-27T01:36:19.694268224Z","satisfiesPzi":true},{"name":"projects/paklan-45c3c/locations/us-central1/functions/send_reminder_days","buildConfig":{"build":"projects/833776742151/locations/us-central1/builds/cbc91ad2-21bf-4703-a72c-5df47261bd12","runtime":"python313","entryPoint":"send_reminder_days","source":{"storageSource":{"bucket":"gcf-v2-sources-833776742151-us-central1","object":"send_reminder_days/function-source.zip","generation":"1788970791908513"}},"environmentVariables":{"GOOGLE_NODE_RUN_SCRIPTS":""},"dockerRepository":"projects/paklan-45c3c/locations/us-central1/repositories/gcf-artifacts","sourceProvenance":{"resolvedStorageSource":{"bucket":"gcf-v2-sources-833776742151-us-central1","object":"send_reminder_days/function-source.zip","generation":"1788970791908513"}},"dockerRegistry":"ARTIFACT_REGISTRY","serviceAccount":"projects/paklan-45c3c/serviceAccounts/833776742151-compute@developer.gserviceaccount.com","automaticUpdatePolicy":{}},"serviceConfig":{"service":"projects/paklan-45c3c/locations/us-central1/services/send-reminder-days","timeoutSeconds":60,"environmentVariables":{"FIREBASE_CONFIG":"{\"projectId\":\"paklan-45c3c\",\"storageBucket\":\"paklan-45c3c.firebasestorage.app\"}","GCLOUD_PROJECT":"paklan-45c3c","EVENTARC_CLOUD_EVENT_SOURCE":"projects/paklan-45c3c/locations/us-central1/services/send_reminder_days","FUNCTION_TARGET":"send_reminder_days","LOG_EXECUTION_ID":"true","FUNCTION_SIGNATURE_TYPE":"http"},"maxInstanceCount":20,"ingressSettings":"ALLOW_ALL","uri":"https://send-reminder-days-ntcfxe6d7q-uc.a.run.app","serviceAccountEmail":"833776742151-compute@developer.gserviceaccount.com","availableMemory":"256Mi","allTrafficOnLatestRevision":true,"revision":"send-reminder-days-00039-naf","maxInstanceRequestConcurrency":80,"availableCpu":"1"},"state":"ACTIVE","updateTime":"2026-09-09T16:20:06.785919319Z","labels":{"deployment-scheduled":"true","firebase-functions-hash":"facb5399b6d61bcec3d53d465b9947eabf4d29ee","deployment-tool":"cli-firebase"},"environment":"GEN_2","url":"https://us-central1-paklan-45c3c.cloudfunctions.net/send_reminder_days","createTime":"2025-06-30T20:45:15.547687403Z","satisfiesPzi":true},{"name":"projects/paklan-45c3c/locations/us-central1/functions/update_transactions","buildConfig":{"build":"projects/833776742151/locations/us-central1/builds/cbc91ad2-21bf-4703-a72c-5df47261bd12","runtime":"python313","entryPoint":"update_transactions","source":{"storageSource":{"bucket":"gcf-v2-sources-833776742151-us-central1","object":"update_transactions/function-source.zip","generation":"1788970792226631"}},"environmentVariables":{"GOOGLE_NODE_RUN_SCRIPTS":""},"dockerRepository":"projects/paklan-45c3c/locations/us-central1/repositories/gcf-artifacts","sourceProvenance":{"resolvedStorageSource":{"bucket":"gcf-v2-sources-833776742151-us-central1","object":"update_transactions/function-source.zip","generation":"1788970792226631"}},"dockerRegistry":"ARTIFACT_REGISTRY","serviceAccount":"projects/paklan-45c3c/serviceAccounts/833776742151-compute@developer.gserviceaccount.com","automaticUpdatePolicy":{}},"serviceConfig":{"service":"projects/paklan-45c3c/locations/us-central1/services/update-transactions","timeoutSeconds":60,"environmentVariables":{"FIREBASE_CONFIG":"{\"projectId\":\"paklan-45c3c\",\"storageBucket\":\"paklan-45c3c.firebasestorage.app\"}","GCLOUD_PROJECT":"paklan-45c3c","EVENTARC_CLOUD_EVENT_SOURCE":"projects/paklan-45c3c/locations/us-central1/services/update_transactions","FUNCTION_SIGNATURE_TYPE":"cloudevent","FUNCTION_TARGET":"update_transactions","LOG_EXECUTION_ID":"true"},"maxInstanceCount":40,"ingressSettings":"ALLOW_ALL","uri":"https://update-transactions-ntcfxe6d7q-uc.a.run.app","serviceAccountEmail":"833776742151-compute@developer.gserviceaccount.com","availableMemory":"256Mi","allTrafficOnLatestRevision":true,"revision":"update-transactions-00069-cel","maxInstanceRequestConcurrency":80,"availableCpu":"1"},"eventTrigger":{"trigger":"projects/paklan-45c3c/locations/northamerica-south1/triggers/update-transactions-224385","triggerRegion":"northamerica-south1","eventType":"google.cloud.firestore.document.v1.created","eventFilters":[{"attribute":"document","value":"transactions/{transactionId}/status/{statusId}","operator":"match-path-pattern"},{"attribute":"database","value":"(default)"},{"attribute":"namespace","value":"(default)"}],"pubsubTopic":"projects/paklan-45c3c/topics/eventarc-northamerica-south1-update-transactions-224385-165","serviceAccountEmail":"833776742151-compute@developer.gserviceaccount.com","retryPolicy":"RETRY_POLICY_DO_NOT_RETRY"},"state":"ACTIVE","updateTime":"2026-09-09T16:20:08.407866035Z","labels":{"firebase-functions-hash":"facb5399b6d61bcec3d53d465b9947eabf4d29ee","deployment-tool":"cli-firebase"},"environment":"GEN_2","url":"https://us-central1-paklan-45c3c.cloudfunctions.net/update_transactions","createTime":"2025-05-20T20:05:48.197849259Z","satisfiesPzi":true}]}
[debug] [2026-09-09T16:55:57.753Z] Checked if tokens are valid: true, expires at: 1788974279132
[debug] [2026-09-09T16:55:57.753Z] Checked if tokens are valid: true, expires at: 1788974279132
[debug] [2026-09-09T16:55:57.753Z] >>> [apiv2][query] GET https://secretmanager.googleapis.com/v1/projects/paklan-45c3c/secrets/STRIPE_SECRET_JSON [none]
[debug] [2026-09-09T16:55:58.112Z] <<< [apiv2][status] GET https://secretmanager.googleapis.com/v1/projects/paklan-45c3c/secrets/STRIPE_SECRET_JSON 200
[debug] [2026-09-09T16:55:58.112Z] <<< [apiv2][body] GET https://secretmanager.googleapis.com/v1/projects/paklan-45c3c/secrets/STRIPE_SECRET_JSON {"name":"projects/833776742151/secrets/STRIPE_SECRET_JSON","replication":{"automatic":{}},"createTime":"2026-07-30T17:48:32.622607Z","labels":{"firebase-managed":"functions"},"etag":"\"1657d7ae385b22\""}
[debug] [2026-09-09T16:55:58.113Z] Checked if tokens are valid: true, expires at: 1788974279132
[debug] [2026-09-09T16:55:58.113Z] Checked if tokens are valid: true, expires at: 1788974279132
[debug] [2026-09-09T16:55:58.113Z] >>> [apiv2][query] GET https://secretmanager.googleapis.com/v1/projects/paklan-45c3c/secrets/STRIPE_SECRET_JSON/versions/latest [none]
[debug] [2026-09-09T16:55:58.238Z] <<< [apiv2][status] GET https://secretmanager.googleapis.com/v1/projects/paklan-45c3c/secrets/STRIPE_SECRET_JSON/versions/latest 200
[debug] [2026-09-09T16:55:58.238Z] <<< [apiv2][body] GET https://secretmanager.googleapis.com/v1/projects/paklan-45c3c/secrets/STRIPE_SECRET_JSON/versions/latest {"name":"projects/833776742151/secrets/STRIPE_SECRET_JSON/versions/2","createTime":"2026-07-30T17:53:15.193722Z","state":"ENABLED","replicationStatus":{"automatic":{}},"etag":"\"1657d7bf0dad7a\""}
[info] i  functions: preparing functions directory for uploading... 
[info] i  functions: packaged /Users/miguelangelsanchez/Documents/Paklanv2/Paklan/functions (42.1 MB) for uploading 
[debug] [2026-09-09T16:56:00.915Z] Checked if tokens are valid: true, expires at: 1788974279132
[debug] [2026-09-09T16:56:00.915Z] Checked if tokens are valid: true, expires at: 1788974279132
[debug] [2026-09-09T16:56:00.915Z] >>> [apiv2][query] GET https://firestore.googleapis.com/v1/projects/paklan-45c3c/databases/(default) [none]
[debug] [2026-09-09T16:56:01.169Z] <<< [apiv2][status] GET https://firestore.googleapis.com/v1/projects/paklan-45c3c/databases/(default) 200
[debug] [2026-09-09T16:56:01.169Z] <<< [apiv2][body] GET https://firestore.googleapis.com/v1/projects/paklan-45c3c/databases/(default) {"name":"projects/paklan-45c3c/databases/(default)","uid":"df043d99-5349-479a-9901-0e32e7bc6174","createTime":"2025-04-29T17:34:32.881216Z","updateTime":"2025-04-29T17:34:32.881216Z","locationId":"northamerica-south1","type":"FIRESTORE_NATIVE","concurrencyMode":"PESSIMISTIC","versionRetentionPeriod":"3600s","earliestVersionTime":"2026-09-09T15:56:01.216707Z","appEngineIntegrationMode":"DISABLED","pointInTimeRecoveryEnablement":"POINT_IN_TIME_RECOVERY_DISABLED","deleteProtectionState":"DELETE_PROTECTION_DISABLED","databaseEdition":"STANDARD","freeTier":true,"realtimeUpdatesMode":"REALTIME_UPDATES_MODE_ENABLED","enhancedTextSearchQueryMode":"ENHANCED_QUERY_MODE_ENABLED","etag":"IPft9s774ZYDMNaMlcLLxpYD"}
[warn] ⚠  functions: The following functions have triggers in different regions than they are located:
- send_message_notifications (us-central1, Trigger: northamerica-south1)
- update_transactions (us-central1, Trigger: northamerica-south1)
To avoid unnecessary cross-region network hops, consider assigning these functions to their trigger regions or collocating them. To suppress this warning, set FIREBASE_SUPPRESS_REGION_WARNING=true in your environment variables. 
[info] i  functions: ensuring required API cloudscheduler.googleapis.com is enabled... 
[info] i  functions: ensuring required API run.googleapis.com is enabled... 
[info] i  functions: ensuring required API eventarc.googleapis.com is enabled... 
[info] i  functions: ensuring required API pubsub.googleapis.com is enabled... 
[info] i  functions: ensuring required API storage.googleapis.com is enabled... 
[info] i  functions: generating the service identity for pubsub.googleapis.com... 
[debug] [2026-09-09T16:56:01.174Z] Checked if tokens are valid: true, expires at: 1788974279132
[debug] [2026-09-09T16:56:01.174Z] Checked if tokens are valid: true, expires at: 1788974279132
[info] i  functions: generating the service identity for eventarc.googleapis.com... 
[debug] [2026-09-09T16:56:01.175Z] Checked if tokens are valid: true, expires at: 1788974279132
[debug] [2026-09-09T16:56:01.175Z] Checked if tokens are valid: true, expires at: 1788974279132
[debug] [2026-09-09T16:56:01.175Z] >>> [apiv2][query] POST https://serviceusage.googleapis.com/v1beta1/projects/833776742151/services/pubsub.googleapis.com:generateServiceIdentity [none]
[debug] [2026-09-09T16:56:01.175Z] >>> [apiv2][(partial)header] POST https://serviceusage.googleapis.com/v1beta1/projects/833776742151/services/pubsub.googleapis.com:generateServiceIdentity  x-goog-user-project=833776742151
[debug] [2026-09-09T16:56:01.175Z] >>> [apiv2][body] POST https://serviceusage.googleapis.com/v1beta1/projects/833776742151/services/pubsub.googleapis.com:generateServiceIdentity {}
[debug] [2026-09-09T16:56:01.175Z] >>> [apiv2][query] POST https://serviceusage.googleapis.com/v1beta1/projects/833776742151/services/eventarc.googleapis.com:generateServiceIdentity [none]
[debug] [2026-09-09T16:56:01.176Z] >>> [apiv2][(partial)header] POST https://serviceusage.googleapis.com/v1beta1/projects/833776742151/services/eventarc.googleapis.com:generateServiceIdentity  x-goog-user-project=833776742151
[debug] [2026-09-09T16:56:01.176Z] >>> [apiv2][body] POST https://serviceusage.googleapis.com/v1beta1/projects/833776742151/services/eventarc.googleapis.com:generateServiceIdentity {}
[debug] [2026-09-09T16:56:01.742Z] <<< [apiv2][status] POST https://serviceusage.googleapis.com/v1beta1/projects/833776742151/services/eventarc.googleapis.com:generateServiceIdentity 200
[debug] [2026-09-09T16:56:01.743Z] <<< [apiv2][body] POST https://serviceusage.googleapis.com/v1beta1/projects/833776742151/services/eventarc.googleapis.com:generateServiceIdentity {"name":"operations/finished.DONE_OPERATION","done":true,"response":{"@type":"type.googleapis.com/google.api.serviceusage.v1beta1.ServiceIdentity","email":"service-833776742151@gcp-sa-eventarc.iam.gserviceaccount.com","uniqueId":"115464369438923326605"}}
[debug] [2026-09-09T16:56:01.749Z] <<< [apiv2][status] POST https://serviceusage.googleapis.com/v1beta1/projects/833776742151/services/pubsub.googleapis.com:generateServiceIdentity 200
[debug] [2026-09-09T16:56:01.749Z] <<< [apiv2][body] POST https://serviceusage.googleapis.com/v1beta1/projects/833776742151/services/pubsub.googleapis.com:generateServiceIdentity {"name":"operations/finished.DONE_OPERATION","done":true,"response":{"@type":"type.googleapis.com/google.api.serviceusage.v1beta1.ServiceIdentity","email":"service-833776742151@gcp-sa-pubsub.iam.gserviceaccount.com","uniqueId":"108730002644249925700"}}
[info] i  functions: ensuring required API secretmanager.googleapis.com is enabled... 
[debug] [2026-09-09T16:56:01.752Z] Checked if tokens are valid: true, expires at: 1788974279132
[debug] [2026-09-09T16:56:01.752Z] Checked if tokens are valid: true, expires at: 1788974279132
[debug] [2026-09-09T16:56:01.753Z] >>> [apiv2][query] GET https://secretmanager.googleapis.com/v1/projects/paklan-45c3c/secrets/STRIPE_SECRET_JSON/versions/latest [none]
[debug] [2026-09-09T16:56:01.884Z] <<< [apiv2][status] GET https://secretmanager.googleapis.com/v1/projects/paklan-45c3c/secrets/STRIPE_SECRET_JSON/versions/latest 200
[debug] [2026-09-09T16:56:01.884Z] <<< [apiv2][body] GET https://secretmanager.googleapis.com/v1/projects/paklan-45c3c/secrets/STRIPE_SECRET_JSON/versions/latest {"name":"projects/833776742151/secrets/STRIPE_SECRET_JSON/versions/2","createTime":"2026-07-30T17:53:15.193722Z","state":"ENABLED","replicationStatus":{"automatic":{}},"etag":"\"1657d7bf0dad7a\""}
[debug] [2026-09-09T16:56:01.885Z] Resolved secret version of STRIPE_SECRET_JSON to 2.
[debug] [2026-09-09T16:56:01.886Z] Checked if tokens are valid: true, expires at: 1788974279132
[debug] [2026-09-09T16:56:01.886Z] Checked if tokens are valid: true, expires at: 1788974279132
[debug] [2026-09-09T16:56:01.887Z] >>> [apiv2][query] GET https://cloudresourcemanager.googleapis.com/v1/projects/paklan-45c3c [none]
[debug] [2026-09-09T16:56:02.219Z] <<< [apiv2][status] GET https://cloudresourcemanager.googleapis.com/v1/projects/paklan-45c3c 200
[debug] [2026-09-09T16:56:02.220Z] <<< [apiv2][body] GET https://cloudresourcemanager.googleapis.com/v1/projects/paklan-45c3c {"projectNumber":"833776742151","projectId":"paklan-45c3c","lifecycleState":"ACTIVE","name":"Paklan","labels":{"firebase":"enabled","firebase-core":"disabled"},"createTime":"2025-04-08T14:26:04.868523Z"}
[debug] [2026-09-09T16:56:02.220Z] Checked if tokens are valid: true, expires at: 1788974279132
[debug] [2026-09-09T16:56:02.220Z] Checked if tokens are valid: true, expires at: 1788974279132
[debug] [2026-09-09T16:56:02.220Z] >>> [apiv2][query] GET https://compute.googleapis.com/compute/v1/projects/833776742151 [none]
[debug] [2026-09-09T16:56:02.434Z] <<< [apiv2][status] GET https://compute.googleapis.com/compute/v1/projects/833776742151 403
[debug] [2026-09-09T16:56:02.434Z] <<< [apiv2][body] GET https://compute.googleapis.com/compute/v1/projects/833776742151 {"error":{"code":403,"message":"Compute Engine API has not been used in project 833776742151 before or it is disabled. Enable it by visiting https://console.developers.google.com/apis/api/compute.googleapis.com/overview?project=833776742151 then retry. If you enabled this API recently, wait a few minutes for the action to propagate to our systems and retry.","errors":[{"message":"Compute Engine API has not been used in project 833776742151 before or it is disabled. Enable it by visiting https://console.developers.google.com/apis/api/compute.googleapis.com/overview?project=833776742151 then retry. If you enabled this API recently, wait a few minutes for the action to propagate to our systems and retry.","domain":"usageLimits","reason":"accessNotConfigured","extendedHelp":"https://console.developers.google.com"}],"status":"PERMISSION_DENIED","details":[{"@type":"type.googleapis.com/google.rpc.ErrorInfo","reason":"SERVICE_DISABLED","domain":"googleapis.com","metadata":{"activationUrl":"https://console.developers.google.com/apis/api/compute.googleapis.com/overview?project=833776742151","consumer":"projects/833776742151","service":"compute.googleapis.com","containerInfo":"833776742151","serviceTitle":"Compute Engine API"}},{"@type":"type.googleapis.com/google.rpc.LocalizedMessage","locale":"en-US","message":"Compute Engine API has not been used in project 833776742151 before or it is disabled. Enable it by visiting https://console.developers.google.com/apis/api/compute.googleapis.com/overview?project=833776742151 then retry. If you enabled this API recently, wait a few minutes for the action to propagate to our systems and retry."},{"@type":"type.googleapis.com/google.rpc.Help","links":[{"description":"Google developers console API activation","url":"https://console.developers.google.com/apis/api/compute.googleapis.com/overview?project=833776742151"}]}]}}
[debug] [2026-09-09T16:56:02.434Z] unable to look up default compute service account. Falling back to 833776742151-compute@developer.gserviceaccount.com. Error: {"name":"FirebaseError","children":[],"context":{"body":{"error":{"code":403,"message":"Compute Engine API has not been used in project 833776742151 before or it is disabled. Enable it by visiting https://console.developers.google.com/apis/api/compute.googleapis.com/overview?project=833776742151 then retry. If you enabled this API recently, wait a few minutes for the action to propagate to our systems and retry.","errors":[{"message":"Compute Engine API has not been used in project 833776742151 before or it is disabled. Enable it by visiting https://console.developers.google.com/apis/api/compute.googleapis.com/overview?project=833776742151 then retry. If you enabled this API recently, wait a few minutes for the action to propagate to our systems and retry.","domain":"usageLimits","reason":"accessNotConfigured","extendedHelp":"https://console.developers.google.com"}],"status":"PERMISSION_DENIED","details":[{"@type":"type.googleapis.com/google.rpc.ErrorInfo","reason":"SERVICE_DISABLED","domain":"googleapis.com","metadata":{"activationUrl":"https://console.developers.google.com/apis/api/compute.googleapis.com/overview?project=833776742151","consumer":"projects/833776742151","service":"compute.googleapis.com","containerInfo":"833776742151","serviceTitle":"Compute Engine API"}},{"@type":"type.googleapis.com/google.rpc.LocalizedMessage","locale":"en-US","message":"Compute Engine API has not been used in project 833776742151 before or it is disabled. Enable it by visiting https://console.developers.google.com/apis/api/compute.googleapis.com/overview?project=833776742151 then retry. If you enabled this API recently, wait a few minutes for the action to propagate to our systems and retry."},{"@type":"type.googleapis.com/google.rpc.Help","links":[{"description":"Google developers console API activation","url":"https://console.developers.google.com/apis/api/compute.googleapis.com/overview?project=833776742151"}]}]}},"response":{"statusCode":403}},"exit":1,"message":"Request to https://compute.googleapis.com/compute/v1/projects/833776742151 had HTTP Error: 403, Compute Engine API has not been used in project 833776742151 before or it is disabled. Enable it by visiting https://console.developers.google.com/apis/api/compute.googleapis.com/overview?project=833776742151 then retry. If you enabled this API recently, wait a few minutes for the action to propagate to our systems and retry.","status":403}
[debug] [2026-09-09T16:56:02.434Z] Checked if tokens are valid: true, expires at: 1788974279132
[debug] [2026-09-09T16:56:02.434Z] Checked if tokens are valid: true, expires at: 1788974279132
[debug] [2026-09-09T16:56:02.434Z] >>> [apiv2][query] GET https://compute.googleapis.com/compute/v1/projects/833776742151 [none]
[debug] [2026-09-09T16:56:02.529Z] <<< [apiv2][status] GET https://compute.googleapis.com/compute/v1/projects/833776742151 403
[debug] [2026-09-09T16:56:02.529Z] <<< [apiv2][body] GET https://compute.googleapis.com/compute/v1/projects/833776742151 {"error":{"code":403,"message":"Compute Engine API has not been used in project 833776742151 before or it is disabled. Enable it by visiting https://console.developers.google.com/apis/api/compute.googleapis.com/overview?project=833776742151 then retry. If you enabled this API recently, wait a few minutes for the action to propagate to our systems and retry.","errors":[{"message":"Compute Engine API has not been used in project 833776742151 before or it is disabled. Enable it by visiting https://console.developers.google.com/apis/api/compute.googleapis.com/overview?project=833776742151 then retry. If you enabled this API recently, wait a few minutes for the action to propagate to our systems and retry.","domain":"usageLimits","reason":"accessNotConfigured","extendedHelp":"https://console.developers.google.com"}],"status":"PERMISSION_DENIED","details":[{"@type":"type.googleapis.com/google.rpc.ErrorInfo","reason":"SERVICE_DISABLED","domain":"googleapis.com","metadata":{"consumer":"projects/833776742151","containerInfo":"833776742151","activationUrl":"https://console.developers.google.com/apis/api/compute.googleapis.com/overview?project=833776742151","service":"compute.googleapis.com","serviceTitle":"Compute Engine API"}},{"@type":"type.googleapis.com/google.rpc.LocalizedMessage","locale":"en-US","message":"Compute Engine API has not been used in project 833776742151 before or it is disabled. Enable it by visiting https://console.developers.google.com/apis/api/compute.googleapis.com/overview?project=833776742151 then retry. If you enabled this API recently, wait a few minutes for the action to propagate to our systems and retry."},{"@type":"type.googleapis.com/google.rpc.Help","links":[{"description":"Google developers console API activation","url":"https://console.developers.google.com/apis/api/compute.googleapis.com/overview?project=833776742151"}]}]}}
[debug] [2026-09-09T16:56:02.529Z] unable to look up default compute service account. Falling back to 833776742151-compute@developer.gserviceaccount.com. Error: {"name":"FirebaseError","children":[],"context":{"body":{"error":{"code":403,"message":"Compute Engine API has not been used in project 833776742151 before or it is disabled. Enable it by visiting https://console.developers.google.com/apis/api/compute.googleapis.com/overview?project=833776742151 then retry. If you enabled this API recently, wait a few minutes for the action to propagate to our systems and retry.","errors":[{"message":"Compute Engine API has not been used in project 833776742151 before or it is disabled. Enable it by visiting https://console.developers.google.com/apis/api/compute.googleapis.com/overview?project=833776742151 then retry. If you enabled this API recently, wait a few minutes for the action to propagate to our systems and retry.","domain":"usageLimits","reason":"accessNotConfigured","extendedHelp":"https://console.developers.google.com"}],"status":"PERMISSION_DENIED","details":[{"@type":"type.googleapis.com/google.rpc.ErrorInfo","reason":"SERVICE_DISABLED","domain":"googleapis.com","metadata":{"consumer":"projects/833776742151","containerInfo":"833776742151","activationUrl":"https://console.developers.google.com/apis/api/compute.googleapis.com/overview?project=833776742151","service":"compute.googleapis.com","serviceTitle":"Compute Engine API"}},{"@type":"type.googleapis.com/google.rpc.LocalizedMessage","locale":"en-US","message":"Compute Engine API has not been used in project 833776742151 before or it is disabled. Enable it by visiting https://console.developers.google.com/apis/api/compute.googleapis.com/overview?project=833776742151 then retry. If you enabled this API recently, wait a few minutes for the action to propagate to our systems and retry."},{"@type":"type.googleapis.com/google.rpc.Help","links":[{"description":"Google developers console API activation","url":"https://console.developers.google.com/apis/api/compute.googleapis.com/overview?project=833776742151"}]}]}},"response":{"statusCode":403}},"exit":1,"message":"Request to https://compute.googleapis.com/compute/v1/projects/833776742151 had HTTP Error: 403, Compute Engine API has not been used in project 833776742151 before or it is disabled. Enable it by visiting https://console.developers.google.com/apis/api/compute.googleapis.com/overview?project=833776742151 then retry. If you enabled this API recently, wait a few minutes for the action to propagate to our systems and retry.","status":403}
[debug] [2026-09-09T16:56:02.530Z] Checked if tokens are valid: true, expires at: 1788974279132
[debug] [2026-09-09T16:56:02.530Z] Checked if tokens are valid: true, expires at: 1788974279132
[debug] [2026-09-09T16:56:02.530Z] >>> [apiv2][query] GET https://compute.googleapis.com/compute/v1/projects/833776742151 [none]
[debug] [2026-09-09T16:56:02.627Z] <<< [apiv2][status] GET https://compute.googleapis.com/compute/v1/projects/833776742151 403
[debug] [2026-09-09T16:56:02.628Z] <<< [apiv2][body] GET https://compute.googleapis.com/compute/v1/projects/833776742151 {"error":{"code":403,"message":"Compute Engine API has not been used in project 833776742151 before or it is disabled. Enable it by visiting https://console.developers.google.com/apis/api/compute.googleapis.com/overview?project=833776742151 then retry. If you enabled this API recently, wait a few minutes for the action to propagate to our systems and retry.","errors":[{"message":"Compute Engine API has not been used in project 833776742151 before or it is disabled. Enable it by visiting https://console.developers.google.com/apis/api/compute.googleapis.com/overview?project=833776742151 then retry. If you enabled this API recently, wait a few minutes for the action to propagate to our systems and retry.","domain":"usageLimits","reason":"accessNotConfigured","extendedHelp":"https://console.developers.google.com"}],"status":"PERMISSION_DENIED","details":[{"@type":"type.googleapis.com/google.rpc.ErrorInfo","reason":"SERVICE_DISABLED","domain":"googleapis.com","metadata":{"serviceTitle":"Compute Engine API","containerInfo":"833776742151","consumer":"projects/833776742151","activationUrl":"https://console.developers.google.com/apis/api/compute.googleapis.com/overview?project=833776742151","service":"compute.googleapis.com"}},{"@type":"type.googleapis.com/google.rpc.LocalizedMessage","locale":"en-US","message":"Compute Engine API has not been used in project 833776742151 before or it is disabled. Enable it by visiting https://console.developers.google.com/apis/api/compute.googleapis.com/overview?project=833776742151 then retry. If you enabled this API recently, wait a few minutes for the action to propagate to our systems and retry."},{"@type":"type.googleapis.com/google.rpc.Help","links":[{"description":"Google developers console API activation","url":"https://console.developers.google.com/apis/api/compute.googleapis.com/overview?project=833776742151"}]}]}}
[debug] [2026-09-09T16:56:02.628Z] unable to look up default compute service account. Falling back to 833776742151-compute@developer.gserviceaccount.com. Error: {"name":"FirebaseError","children":[],"context":{"body":{"error":{"code":403,"message":"Compute Engine API has not been used in project 833776742151 before or it is disabled. Enable it by visiting https://console.developers.google.com/apis/api/compute.googleapis.com/overview?project=833776742151 then retry. If you enabled this API recently, wait a few minutes for the action to propagate to our systems and retry.","errors":[{"message":"Compute Engine API has not been used in project 833776742151 before or it is disabled. Enable it by visiting https://console.developers.google.com/apis/api/compute.googleapis.com/overview?project=833776742151 then retry. If you enabled this API recently, wait a few minutes for the action to propagate to our systems and retry.","domain":"usageLimits","reason":"accessNotConfigured","extendedHelp":"https://console.developers.google.com"}],"status":"PERMISSION_DENIED","details":[{"@type":"type.googleapis.com/google.rpc.ErrorInfo","reason":"SERVICE_DISABLED","domain":"googleapis.com","metadata":{"serviceTitle":"Compute Engine API","containerInfo":"833776742151","consumer":"projects/833776742151","activationUrl":"https://console.developers.google.com/apis/api/compute.googleapis.com/overview?project=833776742151","service":"compute.googleapis.com"}},{"@type":"type.googleapis.com/google.rpc.LocalizedMessage","locale":"en-US","message":"Compute Engine API has not been used in project 833776742151 before or it is disabled. Enable it by visiting https://console.developers.google.com/apis/api/compute.googleapis.com/overview?project=833776742151 then retry. If you enabled this API recently, wait a few minutes for the action to propagate to our systems and retry."},{"@type":"type.googleapis.com/google.rpc.Help","links":[{"description":"Google developers console API activation","url":"https://console.developers.google.com/apis/api/compute.googleapis.com/overview?project=833776742151"}]}]}},"response":{"statusCode":403}},"exit":1,"message":"Request to https://compute.googleapis.com/compute/v1/projects/833776742151 had HTTP Error: 403, Compute Engine API has not been used in project 833776742151 before or it is disabled. Enable it by visiting https://console.developers.google.com/apis/api/compute.googleapis.com/overview?project=833776742151 then retry. If you enabled this API recently, wait a few minutes for the action to propagate to our systems and retry.","status":403}
[debug] [2026-09-09T16:56:02.628Z] Checked if tokens are valid: true, expires at: 1788974279132
[debug] [2026-09-09T16:56:02.628Z] Checked if tokens are valid: true, expires at: 1788974279132
[debug] [2026-09-09T16:56:02.629Z] >>> [apiv2][query] GET https://compute.googleapis.com/compute/v1/projects/833776742151 [none]
[debug] [2026-09-09T16:56:02.721Z] <<< [apiv2][status] GET https://compute.googleapis.com/compute/v1/projects/833776742151 403
[debug] [2026-09-09T16:56:02.721Z] <<< [apiv2][body] GET https://compute.googleapis.com/compute/v1/projects/833776742151 {"error":{"code":403,"message":"Compute Engine API has not been used in project 833776742151 before or it is disabled. Enable it by visiting https://console.developers.google.com/apis/api/compute.googleapis.com/overview?project=833776742151 then retry. If you enabled this API recently, wait a few minutes for the action to propagate to our systems and retry.","errors":[{"message":"Compute Engine API has not been used in project 833776742151 before or it is disabled. Enable it by visiting https://console.developers.google.com/apis/api/compute.googleapis.com/overview?project=833776742151 then retry. If you enabled this API recently, wait a few minutes for the action to propagate to our systems and retry.","domain":"usageLimits","reason":"accessNotConfigured","extendedHelp":"https://console.developers.google.com"}],"status":"PERMISSION_DENIED","details":[{"@type":"type.googleapis.com/google.rpc.ErrorInfo","reason":"SERVICE_DISABLED","domain":"googleapis.com","metadata":{"serviceTitle":"Compute Engine API","consumer":"projects/833776742151","service":"compute.googleapis.com","containerInfo":"833776742151","activationUrl":"https://console.developers.google.com/apis/api/compute.googleapis.com/overview?project=833776742151"}},{"@type":"type.googleapis.com/google.rpc.LocalizedMessage","locale":"en-US","message":"Compute Engine API has not been used in project 833776742151 before or it is disabled. Enable it by visiting https://console.developers.google.com/apis/api/compute.googleapis.com/overview?project=833776742151 then retry. If you enabled this API recently, wait a few minutes for the action to propagate to our systems and retry."},{"@type":"type.googleapis.com/google.rpc.Help","links":[{"description":"Google developers console API activation","url":"https://console.developers.google.com/apis/api/compute.googleapis.com/overview?project=833776742151"}]}]}}
[debug] [2026-09-09T16:56:02.722Z] unable to look up default compute service account. Falling back to 833776742151-compute@developer.gserviceaccount.com. Error: {"name":"FirebaseError","children":[],"context":{"body":{"error":{"code":403,"message":"Compute Engine API has not been used in project 833776742151 before or it is disabled. Enable it by visiting https://console.developers.google.com/apis/api/compute.googleapis.com/overview?project=833776742151 then retry. If you enabled this API recently, wait a few minutes for the action to propagate to our systems and retry.","errors":[{"message":"Compute Engine API has not been used in project 833776742151 before or it is disabled. Enable it by visiting https://console.developers.google.com/apis/api/compute.googleapis.com/overview?project=833776742151 then retry. If you enabled this API recently, wait a few minutes for the action to propagate to our systems and retry.","domain":"usageLimits","reason":"accessNotConfigured","extendedHelp":"https://console.developers.google.com"}],"status":"PERMISSION_DENIED","details":[{"@type":"type.googleapis.com/google.rpc.ErrorInfo","reason":"SERVICE_DISABLED","domain":"googleapis.com","metadata":{"serviceTitle":"Compute Engine API","consumer":"projects/833776742151","service":"compute.googleapis.com","containerInfo":"833776742151","activationUrl":"https://console.developers.google.com/apis/api/compute.googleapis.com/overview?project=833776742151"}},{"@type":"type.googleapis.com/google.rpc.LocalizedMessage","locale":"en-US","message":"Compute Engine API has not been used in project 833776742151 before or it is disabled. Enable it by visiting https://console.developers.google.com/apis/api/compute.googleapis.com/overview?project=833776742151 then retry. If you enabled this API recently, wait a few minutes for the action to propagate to our systems and retry."},{"@type":"type.googleapis.com/google.rpc.Help","links":[{"description":"Google developers console API activation","url":"https://console.developers.google.com/apis/api/compute.googleapis.com/overview?project=833776742151"}]}]}},"response":{"statusCode":403}},"exit":1,"message":"Request to https://compute.googleapis.com/compute/v1/projects/833776742151 had HTTP Error: 403, Compute Engine API has not been used in project 833776742151 before or it is disabled. Enable it by visiting https://console.developers.google.com/apis/api/compute.googleapis.com/overview?project=833776742151 then retry. If you enabled this API recently, wait a few minutes for the action to propagate to our systems and retry.","status":403}
[debug] [2026-09-09T16:56:02.722Z] Checked if tokens are valid: true, expires at: 1788974279132
[debug] [2026-09-09T16:56:02.722Z] Checked if tokens are valid: true, expires at: 1788974279132
[debug] [2026-09-09T16:56:02.722Z] >>> [apiv2][query] GET https://compute.googleapis.com/compute/v1/projects/833776742151 [none]
[debug] [2026-09-09T16:56:02.806Z] <<< [apiv2][status] GET https://compute.googleapis.com/compute/v1/projects/833776742151 403
[debug] [2026-09-09T16:56:02.806Z] <<< [apiv2][body] GET https://compute.googleapis.com/compute/v1/projects/833776742151 {"error":{"code":403,"message":"Compute Engine API has not been used in project 833776742151 before or it is disabled. Enable it by visiting https://console.developers.google.com/apis/api/compute.googleapis.com/overview?project=833776742151 then retry. If you enabled this API recently, wait a few minutes for the action to propagate to our systems and retry.","errors":[{"message":"Compute Engine API has not been used in project 833776742151 before or it is disabled. Enable it by visiting https://console.developers.google.com/apis/api/compute.googleapis.com/overview?project=833776742151 then retry. If you enabled this API recently, wait a few minutes for the action to propagate to our systems and retry.","domain":"usageLimits","reason":"accessNotConfigured","extendedHelp":"https://console.developers.google.com"}],"status":"PERMISSION_DENIED","details":[{"@type":"type.googleapis.com/google.rpc.ErrorInfo","reason":"SERVICE_DISABLED","domain":"googleapis.com","metadata":{"service":"compute.googleapis.com","serviceTitle":"Compute Engine API","containerInfo":"833776742151","activationUrl":"https://console.developers.google.com/apis/api/compute.googleapis.com/overview?project=833776742151","consumer":"projects/833776742151"}},{"@type":"type.googleapis.com/google.rpc.LocalizedMessage","locale":"en-US","message":"Compute Engine API has not been used in project 833776742151 before or it is disabled. Enable it by visiting https://console.developers.google.com/apis/api/compute.googleapis.com/overview?project=833776742151 then retry. If you enabled this API recently, wait a few minutes for the action to propagate to our systems and retry."},{"@type":"type.googleapis.com/google.rpc.Help","links":[{"description":"Google developers console API activation","url":"https://console.developers.google.com/apis/api/compute.googleapis.com/overview?project=833776742151"}]}]}}
[debug] [2026-09-09T16:56:02.806Z] unable to look up default compute service account. Falling back to 833776742151-compute@developer.gserviceaccount.com. Error: {"name":"FirebaseError","children":[],"context":{"body":{"error":{"code":403,"message":"Compute Engine API has not been used in project 833776742151 before or it is disabled. Enable it by visiting https://console.developers.google.com/apis/api/compute.googleapis.com/overview?project=833776742151 then retry. If you enabled this API recently, wait a few minutes for the action to propagate to our systems and retry.","errors":[{"message":"Compute Engine API has not been used in project 833776742151 before or it is disabled. Enable it by visiting https://console.developers.google.com/apis/api/compute.googleapis.com/overview?project=833776742151 then retry. If you enabled this API recently, wait a few minutes for the action to propagate to our systems and retry.","domain":"usageLimits","reason":"accessNotConfigured","extendedHelp":"https://console.developers.google.com"}],"status":"PERMISSION_DENIED","details":[{"@type":"type.googleapis.com/google.rpc.ErrorInfo","reason":"SERVICE_DISABLED","domain":"googleapis.com","metadata":{"service":"compute.googleapis.com","serviceTitle":"Compute Engine API","containerInfo":"833776742151","activationUrl":"https://console.developers.google.com/apis/api/compute.googleapis.com/overview?project=833776742151","consumer":"projects/833776742151"}},{"@type":"type.googleapis.com/google.rpc.LocalizedMessage","locale":"en-US","message":"Compute Engine API has not been used in project 833776742151 before or it is disabled. Enable it by visiting https://console.developers.google.com/apis/api/compute.googleapis.com/overview?project=833776742151 then retry. If you enabled this API recently, wait a few minutes for the action to propagate to our systems and retry."},{"@type":"type.googleapis.com/google.rpc.Help","links":[{"description":"Google developers console API activation","url":"https://console.developers.google.com/apis/api/compute.googleapis.com/overview?project=833776742151"}]}]}},"response":{"statusCode":403}},"exit":1,"message":"Request to https://compute.googleapis.com/compute/v1/projects/833776742151 had HTTP Error: 403, Compute Engine API has not been used in project 833776742151 before or it is disabled. Enable it by visiting https://console.developers.google.com/apis/api/compute.googleapis.com/overview?project=833776742151 then retry. If you enabled this API recently, wait a few minutes for the action to propagate to our systems and retry.","status":403}
[debug] [2026-09-09T16:56:02.806Z] Checked if tokens are valid: true, expires at: 1788974279132
[debug] [2026-09-09T16:56:02.806Z] Checked if tokens are valid: true, expires at: 1788974279132
[debug] [2026-09-09T16:56:02.806Z] >>> [apiv2][query] GET https://compute.googleapis.com/compute/v1/projects/833776742151 [none]
[debug] [2026-09-09T16:56:02.904Z] <<< [apiv2][status] GET https://compute.googleapis.com/compute/v1/projects/833776742151 403
[debug] [2026-09-09T16:56:02.904Z] <<< [apiv2][body] GET https://compute.googleapis.com/compute/v1/projects/833776742151 {"error":{"code":403,"message":"Compute Engine API has not been used in project 833776742151 before or it is disabled. Enable it by visiting https://console.developers.google.com/apis/api/compute.googleapis.com/overview?project=833776742151 then retry. If you enabled this API recently, wait a few minutes for the action to propagate to our systems and retry.","errors":[{"message":"Compute Engine API has not been used in project 833776742151 before or it is disabled. Enable it by visiting https://console.developers.google.com/apis/api/compute.googleapis.com/overview?project=833776742151 then retry. If you enabled this API recently, wait a few minutes for the action to propagate to our systems and retry.","domain":"usageLimits","reason":"accessNotConfigured","extendedHelp":"https://console.developers.google.com"}],"status":"PERMISSION_DENIED","details":[{"@type":"type.googleapis.com/google.rpc.ErrorInfo","reason":"SERVICE_DISABLED","domain":"googleapis.com","metadata":{"containerInfo":"833776742151","service":"compute.googleapis.com","serviceTitle":"Compute Engine API","consumer":"projects/833776742151","activationUrl":"https://console.developers.google.com/apis/api/compute.googleapis.com/overview?project=833776742151"}},{"@type":"type.googleapis.com/google.rpc.LocalizedMessage","locale":"en-US","message":"Compute Engine API has not been used in project 833776742151 before or it is disabled. Enable it by visiting https://console.developers.google.com/apis/api/compute.googleapis.com/overview?project=833776742151 then retry. If you enabled this API recently, wait a few minutes for the action to propagate to our systems and retry."},{"@type":"type.googleapis.com/google.rpc.Help","links":[{"description":"Google developers console API activation","url":"https://console.developers.google.com/apis/api/compute.googleapis.com/overview?project=833776742151"}]}]}}
[debug] [2026-09-09T16:56:02.905Z] unable to look up default compute service account. Falling back to 833776742151-compute@developer.gserviceaccount.com. Error: {"name":"FirebaseError","children":[],"context":{"body":{"error":{"code":403,"message":"Compute Engine API has not been used in project 833776742151 before or it is disabled. Enable it by visiting https://console.developers.google.com/apis/api/compute.googleapis.com/overview?project=833776742151 then retry. If you enabled this API recently, wait a few minutes for the action to propagate to our systems and retry.","errors":[{"message":"Compute Engine API has not been used in project 833776742151 before or it is disabled. Enable it by visiting https://console.developers.google.com/apis/api/compute.googleapis.com/overview?project=833776742151 then retry. If you enabled this API recently, wait a few minutes for the action to propagate to our systems and retry.","domain":"usageLimits","reason":"accessNotConfigured","extendedHelp":"https://console.developers.google.com"}],"status":"PERMISSION_DENIED","details":[{"@type":"type.googleapis.com/google.rpc.ErrorInfo","reason":"SERVICE_DISABLED","domain":"googleapis.com","metadata":{"containerInfo":"833776742151","service":"compute.googleapis.com","serviceTitle":"Compute Engine API","consumer":"projects/833776742151","activationUrl":"https://console.developers.google.com/apis/api/compute.googleapis.com/overview?project=833776742151"}},{"@type":"type.googleapis.com/google.rpc.LocalizedMessage","locale":"en-US","message":"Compute Engine API has not been used in project 833776742151 before or it is disabled. Enable it by visiting https://console.developers.google.com/apis/api/compute.googleapis.com/overview?project=833776742151 then retry. If you enabled this API recently, wait a few minutes for the action to propagate to our systems and retry."},{"@type":"type.googleapis.com/google.rpc.Help","links":[{"description":"Google developers console API activation","url":"https://console.developers.google.com/apis/api/compute.googleapis.com/overview?project=833776742151"}]}]}},"response":{"statusCode":403}},"exit":1,"message":"Request to https://compute.googleapis.com/compute/v1/projects/833776742151 had HTTP Error: 403, Compute Engine API has not been used in project 833776742151 before or it is disabled. Enable it by visiting https://console.developers.google.com/apis/api/compute.googleapis.com/overview?project=833776742151 then retry. If you enabled this API recently, wait a few minutes for the action to propagate to our systems and retry.","status":403}
[debug] [2026-09-09T16:56:02.905Z] Checked if tokens are valid: true, expires at: 1788974279132
[debug] [2026-09-09T16:56:02.905Z] Checked if tokens are valid: true, expires at: 1788974279132
[debug] [2026-09-09T16:56:02.905Z] >>> [apiv2][query] GET https://compute.googleapis.com/compute/v1/projects/833776742151 [none]
[debug] [2026-09-09T16:56:03.016Z] <<< [apiv2][status] GET https://compute.googleapis.com/compute/v1/projects/833776742151 403
[debug] [2026-09-09T16:56:03.016Z] <<< [apiv2][body] GET https://compute.googleapis.com/compute/v1/projects/833776742151 {"error":{"code":403,"message":"Compute Engine API has not been used in project 833776742151 before or it is disabled. Enable it by visiting https://console.developers.google.com/apis/api/compute.googleapis.com/overview?project=833776742151 then retry. If you enabled this API recently, wait a few minutes for the action to propagate to our systems and retry.","errors":[{"message":"Compute Engine API has not been used in project 833776742151 before or it is disabled. Enable it by visiting https://console.developers.google.com/apis/api/compute.googleapis.com/overview?project=833776742151 then retry. If you enabled this API recently, wait a few minutes for the action to propagate to our systems and retry.","domain":"usageLimits","reason":"accessNotConfigured","extendedHelp":"https://console.developers.google.com"}],"status":"PERMISSION_DENIED","details":[{"@type":"type.googleapis.com/google.rpc.ErrorInfo","reason":"SERVICE_DISABLED","domain":"googleapis.com","metadata":{"consumer":"projects/833776742151","activationUrl":"https://console.developers.google.com/apis/api/compute.googleapis.com/overview?project=833776742151","serviceTitle":"Compute Engine API","containerInfo":"833776742151","service":"compute.googleapis.com"}},{"@type":"type.googleapis.com/google.rpc.LocalizedMessage","locale":"en-US","message":"Compute Engine API has not been used in project 833776742151 before or it is disabled. Enable it by visiting https://console.developers.google.com/apis/api/compute.googleapis.com/overview?project=833776742151 then retry. If you enabled this API recently, wait a few minutes for the action to propagate to our systems and retry."},{"@type":"type.googleapis.com/google.rpc.Help","links":[{"description":"Google developers console API activation","url":"https://console.developers.google.com/apis/api/compute.googleapis.com/overview?project=833776742151"}]}]}}
[debug] [2026-09-09T16:56:03.016Z] unable to look up default compute service account. Falling back to 833776742151-compute@developer.gserviceaccount.com. Error: {"name":"FirebaseError","children":[],"context":{"body":{"error":{"code":403,"message":"Compute Engine API has not been used in project 833776742151 before or it is disabled. Enable it by visiting https://console.developers.google.com/apis/api/compute.googleapis.com/overview?project=833776742151 then retry. If you enabled this API recently, wait a few minutes for the action to propagate to our systems and retry.","errors":[{"message":"Compute Engine API has not been used in project 833776742151 before or it is disabled. Enable it by visiting https://console.developers.google.com/apis/api/compute.googleapis.com/overview?project=833776742151 then retry. If you enabled this API recently, wait a few minutes for the action to propagate to our systems and retry.","domain":"usageLimits","reason":"accessNotConfigured","extendedHelp":"https://console.developers.google.com"}],"status":"PERMISSION_DENIED","details":[{"@type":"type.googleapis.com/google.rpc.ErrorInfo","reason":"SERVICE_DISABLED","domain":"googleapis.com","metadata":{"consumer":"projects/833776742151","activationUrl":"https://console.developers.google.com/apis/api/compute.googleapis.com/overview?project=833776742151","serviceTitle":"Compute Engine API","containerInfo":"833776742151","service":"compute.googleapis.com"}},{"@type":"type.googleapis.com/google.rpc.LocalizedMessage","locale":"en-US","message":"Compute Engine API has not been used in project 833776742151 before or it is disabled. Enable it by visiting https://console.developers.google.com/apis/api/compute.googleapis.com/overview?project=833776742151 then retry. If you enabled this API recently, wait a few minutes for the action to propagate to our systems and retry."},{"@type":"type.googleapis.com/google.rpc.Help","links":[{"description":"Google developers console API activation","url":"https://console.developers.google.com/apis/api/compute.googleapis.com/overview?project=833776742151"}]}]}},"response":{"statusCode":403}},"exit":1,"message":"Request to https://compute.googleapis.com/compute/v1/projects/833776742151 had HTTP Error: 403, Compute Engine API has not been used in project 833776742151 before or it is disabled. Enable it by visiting https://console.developers.google.com/apis/api/compute.googleapis.com/overview?project=833776742151 then retry. If you enabled this API recently, wait a few minutes for the action to propagate to our systems and retry.","status":403}
[debug] [2026-09-09T16:56:03.018Z] Checked if tokens are valid: true, expires at: 1788974279132
[debug] [2026-09-09T16:56:03.018Z] Checked if tokens are valid: true, expires at: 1788974279132
[debug] [2026-09-09T16:56:03.019Z] >>> [apiv2][query] POST https://cloudfunctions.googleapis.com/v2/projects/paklan-45c3c/locations/us-central1/functions:generateUploadUrl [none]
[debug] [2026-09-09T16:56:03.370Z] <<< [apiv2][status] POST https://cloudfunctions.googleapis.com/v2/projects/paklan-45c3c/locations/us-central1/functions:generateUploadUrl 200
[debug] [2026-09-09T16:56:03.370Z] <<< [apiv2][body] POST https://cloudfunctions.googleapis.com/v2/projects/paklan-45c3c/locations/us-central1/functions:generateUploadUrl {"uploadUrl":"https://storage.googleapis.com/gcf-v2-uploads-833776742151.us-central1.cloudfunctions.appspot.com/766bdb15-f28d-48a3-8efd-34490e08aa1c.zip?GoogleAccessId=service-833776742151@gcf-admin-robot.iam.gserviceaccount.com&Expires=1788974763&Signature=MJidFd3JMzvuWWFhVMhByGtHTJHlhqweWr2TY0wIjQ5ICImYqMoaCDHIUC4kA0aPPGUvlC2qS7mASDqLdntYzWgBRpiQJ8NVpyk4fhjLYxiY3AOzQVG0aejPH6GJMuUY5LqQVOeaEWoY0fbmNtkORmps8Q9OCNlTJsbOWYpS30W0YL72%2FevEKtt6oOeeojQmlWl3j9tbKMTyvYoL9q9tmmr8ubKPKqq%2FT6Z3XfczJu2OJkmEylY3C%2FxS5U709ZKPXCTDtVpIMEaVh4L9hCrsJMGlkDIiCLwueDD2cUKX3OqZ2a7Du1yitpEY7ggjZTjexOU0%2B2Gqx1u%2FFTMbvEXYrQ%3D%3D","storageSource":{"bucket":"gcf-v2-uploads-833776742151.us-central1.cloudfunctions.appspot.com","object":"766bdb15-f28d-48a3-8efd-34490e08aa1c.zip"}}
[debug] [2026-09-09T16:56:03.370Z] >>> [apiv2][query] PUT https://storage.googleapis.com/gcf-v2-uploads-833776742151.us-central1.cloudfunctions.appspot.com/766bdb15-f28d-48a3-8efd-34490e08aa1c.zip GoogleAccessId=service-833776742151%40gcf-admin-robot.iam.gserviceaccount.com&Expires=1788974763&Signature=MJidFd3JMzvuWWFhVMhByGtHTJHlhqweWr2TY0wIjQ5ICImYqMoaCDHIUC4kA0aPPGUvlC2qS7mASDqLdntYzWgBRpiQJ8NVpyk4fhjLYxiY3AOzQVG0aejPH6GJMuUY5LqQVOeaEWoY0fbmNtkORmps8Q9OCNlTJsbOWYpS30W0YL72%2FevEKtt6oOeeojQmlWl3j9tbKMTyvYoL9q9tmmr8ubKPKqq%2FT6Z3XfczJu2OJkmEylY3C%2FxS5U709ZKPXCTDtVpIMEaVh4L9hCrsJMGlkDIiCLwueDD2cUKX3OqZ2a7Du1yitpEY7ggjZTjexOU0%2B2Gqx1u%2FFTMbvEXYrQ%3D%3D
[debug] [2026-09-09T16:56:03.370Z] >>> [apiv2][body] PUT https://storage.googleapis.com/gcf-v2-uploads-833776742151.us-central1.cloudfunctions.appspot.com/766bdb15-f28d-48a3-8efd-34490e08aa1c.zip [stream]
[debug] [2026-09-09T16:56:04.613Z] <<< [apiv2][status] PUT https://storage.googleapis.com/gcf-v2-uploads-833776742151.us-central1.cloudfunctions.appspot.com/766bdb15-f28d-48a3-8efd-34490e08aa1c.zip 200
[debug] [2026-09-09T16:56:04.614Z] <<< [apiv2][body] PUT https://storage.googleapis.com/gcf-v2-uploads-833776742151.us-central1.cloudfunctions.appspot.com/766bdb15-f28d-48a3-8efd-34490e08aa1c.zip [omitted]
[info] ✔  functions: functions source uploaded successfully 
[info] i  functions: creating Python 3.13 (2nd Gen) function send_message_notifications(us-central1)... 
[info] i  functions: updating Python 3.13 (2nd Gen) function create_connect_account(us-central1)... 
[info] i  functions: updating Python 3.13 (2nd Gen) function send_reminder(us-central1)... 
[info] i  functions: updating Python 3.13 (2nd Gen) function send_reminder_days(us-central1)... 
[info] i  functions: updating Python 3.13 (2nd Gen) function update_remaining_hours(us-central1)... 
[info] i  functions: updating Python 3.13 (2nd Gen) function update_transactions(us-central1)... 
[info] i  functions: updating Python 3.13 (2nd Gen) function get_time_from_server(us-central1)... 
[debug] [2026-09-09T16:56:04.620Z] Checked if tokens are valid: true, expires at: 1788974279132
[debug] [2026-09-09T16:56:04.620Z] Checked if tokens are valid: true, expires at: 1788974279132
[debug] [2026-09-09T16:56:04.621Z] Checked if tokens are valid: true, expires at: 1788974279132
[debug] [2026-09-09T16:56:04.621Z] Checked if tokens are valid: true, expires at: 1788974279132
[debug] [2026-09-09T16:56:04.622Z] >>> [apiv2][query] POST https://cloudfunctions.googleapis.com/v2/projects/paklan-45c3c/locations/us-central1/functions functionId=send_message_notifications
[debug] [2026-09-09T16:56:04.622Z] >>> [apiv2][body] POST https://cloudfunctions.googleapis.com/v2/projects/paklan-45c3c/locations/us-central1/functions {"name":"projects/paklan-45c3c/locations/us-central1/functions/send_message_notifications","buildConfig":{"runtime":"python313","entryPoint":"send_message_notifications","source":{"storageSource":{"bucket":"gcf-v2-uploads-833776742151.us-central1.cloudfunctions.appspot.com","object":"766bdb15-f28d-48a3-8efd-34490e08aa1c.zip"}},"environmentVariables":{"GOOGLE_NODE_RUN_SCRIPTS":""}},"serviceConfig":{"environmentVariables":{"FIREBASE_CONFIG":"{\"projectId\":\"paklan-45c3c\",\"storageBucket\":\"paklan-45c3c.firebasestorage.app\"}","GCLOUD_PROJECT":"paklan-45c3c","EVENTARC_CLOUD_EVENT_SOURCE":"projects/paklan-45c3c/locations/us-central1/services/send_message_notifications","FUNCTION_SIGNATURE_TYPE":"cloudevent","FUNCTION_TARGET":"send_message_notifications","LOG_EXECUTION_ID":"true"},"secretEnvironmentVariables":[],"ingressSettings":null,"timeoutSeconds":null,"serviceAccountEmail":null,"availableMemory":"256Mi","minInstanceCount":null,"maxInstanceCount":40,"maxInstanceRequestConcurrency":80,"availableCpu":"1"},"labels":{"deployment-tool":"cli-firebase","firebase-functions-hash":"6b3db7f88a3c63cdfb7f613ca4ffc1e6723651f4"},"eventTrigger":{"eventType":"google.cloud.firestore.document.v1.created","retryPolicy":"RETRY_POLICY_DO_NOT_RETRY","eventFilters":[{"attribute":"database","value":"(default)"},{"attribute":"namespace","value":"(default)"},{"attribute":"document","value":"chats/{chatId}/messages/{messageId}","operator":"match-path-pattern"}],"triggerRegion":"northamerica-south1"}}
[debug] [2026-09-09T16:56:04.623Z] >>> [apiv2][query] PATCH https://cloudfunctions.googleapis.com/v2/projects/paklan-45c3c/locations/us-central1/functions/get_time_from_server updateMask=name%2CbuildConfig.runtime%2CbuildConfig.entryPoint%2CbuildConfig.source.storageSource.bucket%2CbuildConfig.source.storageSource.object%2CbuildConfig.environmentVariables%2CbuildConfig.sourceToken%2CserviceConfig.environmentVariables%2CserviceConfig.secretEnvironmentVariables%2CserviceConfig.ingressSettings%2CserviceConfig.timeoutSeconds%2CserviceConfig.serviceAccountEmail%2CserviceConfig.availableMemory%2CserviceConfig.minInstanceCount%2CserviceConfig.maxInstanceCount%2CserviceConfig.maxInstanceRequestConcurrency%2CserviceConfig.availableCpu%2Clabels
[debug] [2026-09-09T16:56:04.623Z] >>> [apiv2][body] PATCH https://cloudfunctions.googleapis.com/v2/projects/paklan-45c3c/locations/us-central1/functions/get_time_from_server {"name":"projects/paklan-45c3c/locations/us-central1/functions/get_time_from_server","buildConfig":{"runtime":"python313","entryPoint":"get_time_from_server","source":{"storageSource":{"bucket":"gcf-v2-uploads-833776742151.us-central1.cloudfunctions.appspot.com","object":"766bdb15-f28d-48a3-8efd-34490e08aa1c.zip"}},"environmentVariables":{"GOOGLE_NODE_RUN_SCRIPTS":""}},"serviceConfig":{"environmentVariables":{"FIREBASE_CONFIG":"{\"projectId\":\"paklan-45c3c\",\"storageBucket\":\"paklan-45c3c.firebasestorage.app\"}","GCLOUD_PROJECT":"paklan-45c3c","EVENTARC_CLOUD_EVENT_SOURCE":"projects/paklan-45c3c/locations/us-central1/services/get_time_from_server","FUNCTION_TARGET":"get_time_from_server","LOG_EXECUTION_ID":"true"},"secretEnvironmentVariables":[],"ingressSettings":null,"timeoutSeconds":null,"serviceAccountEmail":null,"availableMemory":"256Mi","minInstanceCount":null,"maxInstanceCount":40,"maxInstanceRequestConcurrency":80,"availableCpu":"1"},"labels":{"deployment-callable":"true","deployment-tool":"cli-firebase","firebase-functions-hash":"6b3db7f88a3c63cdfb7f613ca4ffc1e6723651f4"}}
[debug] [2026-09-09T16:56:05.540Z] <<< [apiv2][status] POST https://cloudfunctions.googleapis.com/v2/projects/paklan-45c3c/locations/us-central1/functions 200
[debug] [2026-09-09T16:56:05.540Z] <<< [apiv2][body] POST https://cloudfunctions.googleapis.com/v2/projects/paklan-45c3c/locations/us-central1/functions {"name":"projects/paklan-45c3c/locations/us-central1/operations/operation-1788972964819-65b0fba14b38c-1c33e652-4e60532e","metadata":{"@type":"type.googleapis.com/google.cloud.functions.v2.OperationMetadata","createTime":"2026-09-09T16:56:05.547462480Z","target":"projects/paklan-45c3c/locations/us-central1/functions/send_message_notifications","verb":"create","cancelRequested":false,"apiVersion":"v2"},"done":false}
[debug] [2026-09-09T16:56:05.541Z] Checked if tokens are valid: true, expires at: 1788974279132
[debug] [2026-09-09T16:56:05.541Z] Checked if tokens are valid: true, expires at: 1788974279132
[debug] [2026-09-09T16:56:05.541Z] >>> [apiv2][query] GET https://cloudfunctions.googleapis.com/v2/projects/paklan-45c3c/locations/us-central1/operations/operation-1788972964819-65b0fba14b38c-1c33e652-4e60532e [none]
[debug] [2026-09-09T16:56:05.710Z] <<< [apiv2][status] GET https://cloudfunctions.googleapis.com/v2/projects/paklan-45c3c/locations/us-central1/operations/operation-1788972964819-65b0fba14b38c-1c33e652-4e60532e 200
[debug] [2026-09-09T16:56:05.711Z] <<< [apiv2][body] GET https://cloudfunctions.googleapis.com/v2/projects/paklan-45c3c/locations/us-central1/operations/operation-1788972964819-65b0fba14b38c-1c33e652-4e60532e {"name":"projects/paklan-45c3c/locations/us-central1/operations/operation-1788972964819-65b0fba14b38c-1c33e652-4e60532e","metadata":{"@type":"type.googleapis.com/google.cloud.functions.v2.OperationMetadata","createTime":"2026-09-09T16:56:05.547462480Z","target":"projects/paklan-45c3c/locations/us-central1/functions/send_message_notifications","verb":"create","cancelRequested":false,"apiVersion":"v2","requestResource":{"@type":"type.googleapis.com/google.cloud.functions.v2.Function","name":"projects/paklan-45c3c/locations/us-central1/functions/send_message_notifications","buildConfig":{"runtime":"python313","entryPoint":"send_message_notifications","source":{"storageSource":{"bucket":"gcf-v2-sources-833776742151-us-central1","object":"send_message_notifications/function-source.zip","generation":"1788972965116280"}},"environmentVariables":{"GOOGLE_NODE_RUN_SCRIPTS":""},"serviceAccount":"projects/paklan-45c3c/serviceAccounts/833776742151-compute@developer.gserviceaccount.com","automaticUpdatePolicy":{}},"serviceConfig":{"service":"projects/paklan-45c3c/locations/us-central1/services/send-message-notifications","timeoutSeconds":60,"environmentVariables":{"FIREBASE_CONFIG":"{\"projectId\":\"paklan-45c3c\",\"storageBucket\":\"paklan-45c3c.firebasestorage.app\"}","GCLOUD_PROJECT":"paklan-45c3c","EVENTARC_CLOUD_EVENT_SOURCE":"projects/paklan-45c3c/locations/us-central1/services/send_message_notifications","FUNCTION_SIGNATURE_TYPE":"cloudevent","FUNCTION_TARGET":"send_message_notifications","LOG_EXECUTION_ID":"true"},"maxInstanceCount":40,"ingressSettings":"ALLOW_ALL","serviceAccountEmail":"833776742151-compute@developer.gserviceaccount.com","availableMemory":"256Mi","maxInstanceRequestConcurrency":80,"availableCpu":"1"},"eventTrigger":{"trigger":"projects/paklan-45c3c/locations/northamerica-south1/triggers/send-message-notifications-595064","triggerRegion":"northamerica-south1","eventType":"google.cloud.firestore.document.v1.created","eventFilters":[{"attribute":"database","value":"(default)"},{"attribute":"namespace","value":"(default)"},{"attribute":"document","value":"chats/{chatId}/messages/{messageId}","operator":"match-path-pattern"}],"serviceAccountEmail":"833776742151-compute@developer.gserviceaccount.com","retryPolicy":"RETRY_POLICY_DO_NOT_RETRY"},"labels":{"deployment-tool":"cli-firebase","firebase-functions-hash":"6b3db7f88a3c63cdfb7f613ca4ffc1e6723651f4"},"environment":"GEN_2"},"stages":[{"name":"BUILD","state":"NOT_STARTED"},{"name":"SERVICE","state":"NOT_STARTED"},{"name":"TRIGGER","state":"NOT_STARTED"}],"operationType":"CREATE_FUNCTION"},"done":false}
[debug] [2026-09-09T16:56:05.871Z] <<< [apiv2][status] PATCH https://cloudfunctions.googleapis.com/v2/projects/paklan-45c3c/locations/us-central1/functions/get_time_from_server 200
[debug] [2026-09-09T16:56:05.871Z] <<< [apiv2][body] PATCH https://cloudfunctions.googleapis.com/v2/projects/paklan-45c3c/locations/us-central1/functions/get_time_from_server {"name":"projects/paklan-45c3c/locations/us-central1/operations/operation-1788972964887-65b0fba15badf-84146974-4c0f0664","metadata":{"@type":"type.googleapis.com/google.cloud.functions.v2.OperationMetadata","createTime":"2026-09-09T16:56:05.885633136Z","target":"projects/paklan-45c3c/locations/us-central1/functions/get_time_from_server","verb":"update","cancelRequested":false,"apiVersion":"v2"},"done":false}
[debug] [2026-09-09T16:56:05.872Z] Checked if tokens are valid: true, expires at: 1788974279132
[debug] [2026-09-09T16:56:05.872Z] Checked if tokens are valid: true, expires at: 1788974279132
[debug] [2026-09-09T16:56:05.872Z] >>> [apiv2][query] GET https://cloudfunctions.googleapis.com/v2/projects/paklan-45c3c/locations/us-central1/operations/operation-1788972964887-65b0fba15badf-84146974-4c0f0664 [none]
[debug] [2026-09-09T16:56:06.031Z] <<< [apiv2][status] GET https://cloudfunctions.googleapis.com/v2/projects/paklan-45c3c/locations/us-central1/operations/operation-1788972964887-65b0fba15badf-84146974-4c0f0664 200
[debug] [2026-09-09T16:56:06.031Z] <<< [apiv2][body] GET https://cloudfunctions.googleapis.com/v2/projects/paklan-45c3c/locations/us-central1/operations/operation-1788972964887-65b0fba15badf-84146974-4c0f0664 {"name":"projects/paklan-45c3c/locations/us-central1/operations/operation-1788972964887-65b0fba15badf-84146974-4c0f0664","metadata":{"@type":"type.googleapis.com/google.cloud.functions.v2.OperationMetadata","createTime":"2026-09-09T16:56:05.885633136Z","target":"projects/paklan-45c3c/locations/us-central1/functions/get_time_from_server","verb":"update","cancelRequested":false,"apiVersion":"v2"},"done":false}
[debug] [2026-09-09T16:56:06.213Z] [create-default-us-central1-send_message_notifications] Retrying task index 0
[debug] [2026-09-09T16:56:06.213Z] Checked if tokens are valid: true, expires at: 1788974279132
[debug] [2026-09-09T16:56:06.213Z] Checked if tokens are valid: true, expires at: 1788974279132
[debug] [2026-09-09T16:56:06.213Z] >>> [apiv2][query] GET https://cloudfunctions.googleapis.com/v2/projects/paklan-45c3c/locations/us-central1/operations/operation-1788972964819-65b0fba14b38c-1c33e652-4e60532e [none]
[debug] [2026-09-09T16:56:06.353Z] <<< [apiv2][status] GET https://cloudfunctions.googleapis.com/v2/projects/paklan-45c3c/locations/us-central1/operations/operation-1788972964819-65b0fba14b38c-1c33e652-4e60532e 200
[debug] [2026-09-09T16:56:06.353Z] <<< [apiv2][body] GET https://cloudfunctions.googleapis.com/v2/projects/paklan-45c3c/locations/us-central1/operations/operation-1788972964819-65b0fba14b38c-1c33e652-4e60532e {"name":"projects/paklan-45c3c/locations/us-central1/operations/operation-1788972964819-65b0fba14b38c-1c33e652-4e60532e","metadata":{"@type":"type.googleapis.com/google.cloud.functions.v2.OperationMetadata","createTime":"2026-09-09T16:56:05.547462480Z","target":"projects/paklan-45c3c/locations/us-central1/functions/send_message_notifications","verb":"create","cancelRequested":false,"apiVersion":"v2","requestResource":{"@type":"type.googleapis.com/google.cloud.functions.v2.Function","name":"projects/paklan-45c3c/locations/us-central1/functions/send_message_notifications","buildConfig":{"runtime":"python313","entryPoint":"send_message_notifications","source":{"storageSource":{"bucket":"gcf-v2-sources-833776742151-us-central1","object":"send_message_notifications/function-source.zip","generation":"1788972965116280"}},"environmentVariables":{"GOOGLE_NODE_RUN_SCRIPTS":""},"serviceAccount":"projects/paklan-45c3c/serviceAccounts/833776742151-compute@developer.gserviceaccount.com","automaticUpdatePolicy":{}},"serviceConfig":{"service":"projects/paklan-45c3c/locations/us-central1/services/send-message-notifications","timeoutSeconds":60,"environmentVariables":{"FIREBASE_CONFIG":"{\"projectId\":\"paklan-45c3c\",\"storageBucket\":\"paklan-45c3c.firebasestorage.app\"}","GCLOUD_PROJECT":"paklan-45c3c","EVENTARC_CLOUD_EVENT_SOURCE":"projects/paklan-45c3c/locations/us-central1/services/send_message_notifications","FUNCTION_SIGNATURE_TYPE":"cloudevent","FUNCTION_TARGET":"send_message_notifications","LOG_EXECUTION_ID":"true"},"maxInstanceCount":40,"ingressSettings":"ALLOW_ALL","serviceAccountEmail":"833776742151-compute@developer.gserviceaccount.com","availableMemory":"256Mi","maxInstanceRequestConcurrency":80,"availableCpu":"1"},"eventTrigger":{"trigger":"projects/paklan-45c3c/locations/northamerica-south1/triggers/send-message-notifications-595064","triggerRegion":"northamerica-south1","eventType":"google.cloud.firestore.document.v1.created","eventFilters":[{"attribute":"database","value":"(default)"},{"attribute":"namespace","value":"(default)"},{"attribute":"document","value":"chats/{chatId}/messages/{messageId}","operator":"match-path-pattern"}],"serviceAccountEmail":"833776742151-compute@developer.gserviceaccount.com","retryPolicy":"RETRY_POLICY_DO_NOT_RETRY"},"labels":{"deployment-tool":"cli-firebase","firebase-functions-hash":"6b3db7f88a3c63cdfb7f613ca4ffc1e6723651f4"},"environment":"GEN_2"},"stages":[{"name":"BUILD","state":"NOT_STARTED"},{"name":"SERVICE","state":"NOT_STARTED"},{"name":"TRIGGER","state":"NOT_STARTED"}],"operationType":"CREATE_FUNCTION"},"done":false}
[debug] [2026-09-09T16:56:06.533Z] [update-default-us-central1-get_time_from_server] Retrying task index 0
[debug] [2026-09-09T16:56:06.534Z] Checked if tokens are valid: true, expires at: 1788974279132
[debug] [2026-09-09T16:56:06.534Z] Checked if tokens are valid: true, expires at: 1788974279132
[debug] [2026-09-09T16:56:06.534Z] >>> [apiv2][query] GET https://cloudfunctions.googleapis.com/v2/projects/paklan-45c3c/locations/us-central1/operations/operation-1788972964887-65b0fba15badf-84146974-4c0f0664 [none]
[debug] [2026-09-09T16:56:06.651Z] <<< [apiv2][status] GET https://cloudfunctions.googleapis.com/v2/projects/paklan-45c3c/locations/us-central1/operations/operation-1788972964887-65b0fba15badf-84146974-4c0f0664 200
[debug] [2026-09-09T16:56:06.651Z] <<< [apiv2][body] GET https://cloudfunctions.googleapis.com/v2/projects/paklan-45c3c/locations/us-central1/operations/operation-1788972964887-65b0fba15badf-84146974-4c0f0664 {"name":"projects/paklan-45c3c/locations/us-central1/operations/operation-1788972964887-65b0fba15badf-84146974-4c0f0664","metadata":{"@type":"type.googleapis.com/google.cloud.functions.v2.OperationMetadata","createTime":"2026-09-09T16:56:05.885633136Z","target":"projects/paklan-45c3c/locations/us-central1/functions/get_time_from_server","verb":"update","cancelRequested":false,"apiVersion":"v2","requestResource":{"@type":"type.googleapis.com/google.cloud.functions.v2.Function","name":"projects/paklan-45c3c/locations/us-central1/functions/get_time_from_server","buildConfig":{"runtime":"python313","entryPoint":"get_time_from_server","source":{"storageSource":{"bucket":"gcf-v2-sources-833776742151-us-central1","object":"get_time_from_server/function-source.zip","generation":"1788972965815779"}},"environmentVariables":{"GOOGLE_NODE_RUN_SCRIPTS":""},"dockerRepository":"projects/paklan-45c3c/locations/us-central1/repositories/gcf-artifacts","sourceProvenance":{"resolvedStorageSource":{"bucket":"gcf-v2-sources-833776742151-us-central1","object":"get_time_from_server/function-source.zip","generation":"1788970692696270"}},"dockerRegistry":"ARTIFACT_REGISTRY","serviceAccount":"projects/paklan-45c3c/serviceAccounts/833776742151-compute@developer.gserviceaccount.com","automaticUpdatePolicy":{}},"serviceConfig":{"service":"projects/paklan-45c3c/locations/us-central1/services/get-time-from-server","timeoutSeconds":60,"environmentVariables":{"FIREBASE_CONFIG":"{\"projectId\":\"paklan-45c3c\",\"storageBucket\":\"paklan-45c3c.firebasestorage.app\"}","GCLOUD_PROJECT":"paklan-45c3c","EVENTARC_CLOUD_EVENT_SOURCE":"projects/paklan-45c3c/locations/us-central1/services/get_time_from_server","FUNCTION_TARGET":"get_time_from_server","LOG_EXECUTION_ID":"true"},"maxInstanceCount":40,"ingressSettings":"ALLOW_ALL","uri":"https://get-time-from-server-ntcfxe6d7q-uc.a.run.app","serviceAccountEmail":"833776742151-compute@developer.gserviceaccount.com","availableMemory":"256Mi","allTrafficOnLatestRevision":true,"revision":"get-time-from-server-00038-nay","maxInstanceRequestConcurrency":80,"availableCpu":"1"},"state":"ACTIVE","labels":{"deployment-callable":"true","deployment-tool":"cli-firebase","firebase-functions-hash":"6b3db7f88a3c63cdfb7f613ca4ffc1e6723651f4"},"environment":"GEN_2","url":"https://us-central1-paklan-45c3c.cloudfunctions.net/get_time_from_server","satisfiesPzi":true},"stages":[{"name":"BUILD","message":"Creating build","state":"IN_PROGRESS","resource":"projects/833776742151/locations/us-central1/builds/2e63a805-f4e4-48b8-9a31-9f973075d855","resourceUri":"https://console.cloud.google.com/cloud-build/builds;region=us-central1/2e63a805-f4e4-48b8-9a31-9f973075d855?project=833776742151"},{"name":"SERVICE","state":"NOT_STARTED"}],"operationType":"UPDATE_FUNCTION","buildName":"projects/833776742151/locations/us-central1/builds/2e63a805-f4e4-48b8-9a31-9f973075d855"},"done":false}
[debug] [2026-09-09T16:56:07.354Z] [create-default-us-central1-send_message_notifications] Retrying task index 0
[debug] [2026-09-09T16:56:07.354Z] Checked if tokens are valid: true, expires at: 1788974279132
[debug] [2026-09-09T16:56:07.354Z] Checked if tokens are valid: true, expires at: 1788974279132
[debug] [2026-09-09T16:56:07.354Z] >>> [apiv2][query] GET https://cloudfunctions.googleapis.com/v2/projects/paklan-45c3c/locations/us-central1/operations/operation-1788972964819-65b0fba14b38c-1c33e652-4e60532e [none]
[debug] [2026-09-09T16:56:07.492Z] <<< [apiv2][status] GET https://cloudfunctions.googleapis.com/v2/projects/paklan-45c3c/locations/us-central1/operations/operation-1788972964819-65b0fba14b38c-1c33e652-4e60532e 200
[debug] [2026-09-09T16:56:07.492Z] <<< [apiv2][body] GET https://cloudfunctions.googleapis.com/v2/projects/paklan-45c3c/locations/us-central1/operations/operation-1788972964819-65b0fba14b38c-1c33e652-4e60532e {"name":"projects/paklan-45c3c/locations/us-central1/operations/operation-1788972964819-65b0fba14b38c-1c33e652-4e60532e","metadata":{"@type":"type.googleapis.com/google.cloud.functions.v2.OperationMetadata","createTime":"2026-09-09T16:56:05.547462480Z","target":"projects/paklan-45c3c/locations/us-central1/functions/send_message_notifications","verb":"create","cancelRequested":false,"apiVersion":"v2","requestResource":{"@type":"type.googleapis.com/google.cloud.functions.v2.Function","name":"projects/paklan-45c3c/locations/us-central1/functions/send_message_notifications","buildConfig":{"runtime":"python313","entryPoint":"send_message_notifications","source":{"storageSource":{"bucket":"gcf-v2-sources-833776742151-us-central1","object":"send_message_notifications/function-source.zip","generation":"1788972965116280"}},"environmentVariables":{"GOOGLE_NODE_RUN_SCRIPTS":""},"serviceAccount":"projects/paklan-45c3c/serviceAccounts/833776742151-compute@developer.gserviceaccount.com","automaticUpdatePolicy":{}},"serviceConfig":{"service":"projects/paklan-45c3c/locations/us-central1/services/send-message-notifications","timeoutSeconds":60,"environmentVariables":{"FIREBASE_CONFIG":"{\"projectId\":\"paklan-45c3c\",\"storageBucket\":\"paklan-45c3c.firebasestorage.app\"}","GCLOUD_PROJECT":"paklan-45c3c","EVENTARC_CLOUD_EVENT_SOURCE":"projects/paklan-45c3c/locations/us-central1/services/send_message_notifications","FUNCTION_SIGNATURE_TYPE":"cloudevent","FUNCTION_TARGET":"send_message_notifications","LOG_EXECUTION_ID":"true"},"maxInstanceCount":40,"ingressSettings":"ALLOW_ALL","serviceAccountEmail":"833776742151-compute@developer.gserviceaccount.com","availableMemory":"256Mi","maxInstanceRequestConcurrency":80,"availableCpu":"1"},"eventTrigger":{"trigger":"projects/paklan-45c3c/locations/northamerica-south1/triggers/send-message-notifications-595064","triggerRegion":"northamerica-south1","eventType":"google.cloud.firestore.document.v1.created","eventFilters":[{"attribute":"database","value":"(default)"},{"attribute":"namespace","value":"(default)"},{"attribute":"document","value":"chats/{chatId}/messages/{messageId}","operator":"match-path-pattern"}],"serviceAccountEmail":"833776742151-compute@developer.gserviceaccount.com","retryPolicy":"RETRY_POLICY_DO_NOT_RETRY"},"labels":{"deployment-tool":"cli-firebase","firebase-functions-hash":"6b3db7f88a3c63cdfb7f613ca4ffc1e6723651f4"},"environment":"GEN_2"},"stages":[{"name":"BUILD","message":"Build in progress","state":"IN_PROGRESS","resource":"projects/833776742151/locations/us-central1/builds/2fcaee57-6df2-47da-89cb-b568601a2b3e","resourceUri":"https://console.cloud.google.com/cloud-build/builds;region=us-central1/2fcaee57-6df2-47da-89cb-b568601a2b3e?project=833776742151"},{"name":"SERVICE","state":"NOT_STARTED"},{"name":"TRIGGER","state":"NOT_STARTED"}],"operationType":"CREATE_FUNCTION","buildName":"projects/833776742151/locations/us-central1/builds/2fcaee57-6df2-47da-89cb-b568601a2b3e"},"done":false}
[debug] [2026-09-09T16:56:07.651Z] [update-default-us-central1-get_time_from_server] Retrying task index 0
[debug] [2026-09-09T16:56:07.652Z] Checked if tokens are valid: true, expires at: 1788974279132
[debug] [2026-09-09T16:56:07.652Z] Checked if tokens are valid: true, expires at: 1788974279132
[debug] [2026-09-09T16:56:07.652Z] >>> [apiv2][query] GET https://cloudfunctions.googleapis.com/v2/projects/paklan-45c3c/locations/us-central1/operations/operation-1788972964887-65b0fba15badf-84146974-4c0f0664 [none]
[debug] [2026-09-09T16:56:07.765Z] <<< [apiv2][status] GET https://cloudfunctions.googleapis.com/v2/projects/paklan-45c3c/locations/us-central1/operations/operation-1788972964887-65b0fba15badf-84146974-4c0f0664 200
[debug] [2026-09-09T16:56:07.765Z] <<< [apiv2][body] GET https://cloudfunctions.googleapis.com/v2/projects/paklan-45c3c/locations/us-central1/operations/operation-1788972964887-65b0fba15badf-84146974-4c0f0664 {"name":"projects/paklan-45c3c/locations/us-central1/operations/operation-1788972964887-65b0fba15badf-84146974-4c0f0664","metadata":{"@type":"type.googleapis.com/google.cloud.functions.v2.OperationMetadata","createTime":"2026-09-09T16:56:05.885633136Z","target":"projects/paklan-45c3c/locations/us-central1/functions/get_time_from_server","verb":"update","cancelRequested":false,"apiVersion":"v2","requestResource":{"@type":"type.googleapis.com/google.cloud.functions.v2.Function","name":"projects/paklan-45c3c/locations/us-central1/functions/get_time_from_server","buildConfig":{"runtime":"python313","entryPoint":"get_time_from_server","source":{"storageSource":{"bucket":"gcf-v2-sources-833776742151-us-central1","object":"get_time_from_server/function-source.zip","generation":"1788972965815779"}},"environmentVariables":{"GOOGLE_NODE_RUN_SCRIPTS":""},"dockerRepository":"projects/paklan-45c3c/locations/us-central1/repositories/gcf-artifacts","sourceProvenance":{"resolvedStorageSource":{"bucket":"gcf-v2-sources-833776742151-us-central1","object":"get_time_from_server/function-source.zip","generation":"1788970692696270"}},"dockerRegistry":"ARTIFACT_REGISTRY","serviceAccount":"projects/paklan-45c3c/serviceAccounts/833776742151-compute@developer.gserviceaccount.com","automaticUpdatePolicy":{}},"serviceConfig":{"service":"projects/paklan-45c3c/locations/us-central1/services/get-time-from-server","timeoutSeconds":60,"environmentVariables":{"FIREBASE_CONFIG":"{\"projectId\":\"paklan-45c3c\",\"storageBucket\":\"paklan-45c3c.firebasestorage.app\"}","GCLOUD_PROJECT":"paklan-45c3c","EVENTARC_CLOUD_EVENT_SOURCE":"projects/paklan-45c3c/locations/us-central1/services/get_time_from_server","FUNCTION_TARGET":"get_time_from_server","LOG_EXECUTION_ID":"true"},"maxInstanceCount":40,"ingressSettings":"ALLOW_ALL","uri":"https://get-time-from-server-ntcfxe6d7q-uc.a.run.app","serviceAccountEmail":"833776742151-compute@developer.gserviceaccount.com","availableMemory":"256Mi","allTrafficOnLatestRevision":true,"revision":"get-time-from-server-00038-nay","maxInstanceRequestConcurrency":80,"availableCpu":"1"},"state":"ACTIVE","labels":{"deployment-callable":"true","deployment-tool":"cli-firebase","firebase-functions-hash":"6b3db7f88a3c63cdfb7f613ca4ffc1e6723651f4"},"environment":"GEN_2","url":"https://us-central1-paklan-45c3c.cloudfunctions.net/get_time_from_server","satisfiesPzi":true},"stages":[{"name":"BUILD","message":"Build in progress","state":"IN_PROGRESS","resource":"projects/833776742151/locations/us-central1/builds/2e63a805-f4e4-48b8-9a31-9f973075d855","resourceUri":"https://console.cloud.google.com/cloud-build/builds;region=us-central1/2e63a805-f4e4-48b8-9a31-9f973075d855?project=833776742151"},{"name":"SERVICE","state":"NOT_STARTED"}],"operationType":"UPDATE_FUNCTION","buildName":"projects/833776742151/locations/us-central1/builds/2e63a805-f4e4-48b8-9a31-9f973075d855"},"done":false}
[debug] [2026-09-09T16:56:09.494Z] [create-default-us-central1-send_message_notifications] Retrying task index 0
[debug] [2026-09-09T16:56:09.495Z] Checked if tokens are valid: true, expires at: 1788974279132
[debug] [2026-09-09T16:56:09.495Z] Checked if tokens are valid: true, expires at: 1788974279132
[debug] [2026-09-09T16:56:09.495Z] >>> [apiv2][query] GET https://cloudfunctions.googleapis.com/v2/projects/paklan-45c3c/locations/us-central1/operations/operation-1788972964819-65b0fba14b38c-1c33e652-4e60532e [none]
[debug] [2026-09-09T16:56:09.626Z] <<< [apiv2][status] GET https://cloudfunctions.googleapis.com/v2/projects/paklan-45c3c/locations/us-central1/operations/operation-1788972964819-65b0fba14b38c-1c33e652-4e60532e 200
[debug] [2026-09-09T16:56:09.626Z] <<< [apiv2][body] GET https://cloudfunctions.googleapis.com/v2/projects/paklan-45c3c/locations/us-central1/operations/operation-1788972964819-65b0fba14b38c-1c33e652-4e60532e {"name":"projects/paklan-45c3c/locations/us-central1/operations/operation-1788972964819-65b0fba14b38c-1c33e652-4e60532e","metadata":{"@type":"type.googleapis.com/google.cloud.functions.v2.OperationMetadata","createTime":"2026-09-09T16:56:05.547462480Z","target":"projects/paklan-45c3c/locations/us-central1/functions/send_message_notifications","verb":"create","cancelRequested":false,"apiVersion":"v2","requestResource":{"@type":"type.googleapis.com/google.cloud.functions.v2.Function","name":"projects/paklan-45c3c/locations/us-central1/functions/send_message_notifications","buildConfig":{"runtime":"python313","entryPoint":"send_message_notifications","source":{"storageSource":{"bucket":"gcf-v2-sources-833776742151-us-central1","object":"send_message_notifications/function-source.zip","generation":"1788972965116280"}},"environmentVariables":{"GOOGLE_NODE_RUN_SCRIPTS":""},"serviceAccount":"projects/paklan-45c3c/serviceAccounts/833776742151-compute@developer.gserviceaccount.com","automaticUpdatePolicy":{}},"serviceConfig":{"service":"projects/paklan-45c3c/locations/us-central1/services/send-message-notifications","timeoutSeconds":60,"environmentVariables":{"FIREBASE_CONFIG":"{\"projectId\":\"paklan-45c3c\",\"storageBucket\":\"paklan-45c3c.firebasestorage.app\"}","GCLOUD_PROJECT":"paklan-45c3c","EVENTARC_CLOUD_EVENT_SOURCE":"projects/paklan-45c3c/locations/us-central1/services/send_message_notifications","FUNCTION_SIGNATURE_TYPE":"cloudevent","FUNCTION_TARGET":"send_message_notifications","LOG_EXECUTION_ID":"true"},"maxInstanceCount":40,"ingressSettings":"ALLOW_ALL","serviceAccountEmail":"833776742151-compute@developer.gserviceaccount.com","availableMemory":"256Mi","maxInstanceRequestConcurrency":80,"availableCpu":"1"},"eventTrigger":{"trigger":"projects/paklan-45c3c/locations/northamerica-south1/triggers/send-message-notifications-595064","triggerRegion":"northamerica-south1","eventType":"google.cloud.firestore.document.v1.created","eventFilters":[{"attribute":"database","value":"(default)"},{"attribute":"namespace","value":"(default)"},{"attribute":"document","value":"chats/{chatId}/messages/{messageId}","operator":"match-path-pattern"}],"serviceAccountEmail":"833776742151-compute@developer.gserviceaccount.com","retryPolicy":"RETRY_POLICY_DO_NOT_RETRY"},"labels":{"deployment-tool":"cli-firebase","firebase-functions-hash":"6b3db7f88a3c63cdfb7f613ca4ffc1e6723651f4"},"environment":"GEN_2"},"stages":[{"name":"BUILD","message":"Build in progress","state":"IN_PROGRESS","resource":"projects/833776742151/locations/us-central1/builds/2fcaee57-6df2-47da-89cb-b568601a2b3e","resourceUri":"https://console.cloud.google.com/cloud-build/builds;region=us-central1/2fcaee57-6df2-47da-89cb-b568601a2b3e?project=833776742151"},{"name":"SERVICE","state":"NOT_STARTED"},{"name":"TRIGGER","state":"NOT_STARTED"}],"operationType":"CREATE_FUNCTION","buildName":"projects/833776742151/locations/us-central1/builds/2fcaee57-6df2-47da-89cb-b568601a2b3e"},"done":false}
[debug] [2026-09-09T16:56:09.767Z] [update-default-us-central1-get_time_from_server] Retrying task index 0
[debug] [2026-09-09T16:56:09.768Z] Checked if tokens are valid: true, expires at: 1788974279132
[debug] [2026-09-09T16:56:09.768Z] Checked if tokens are valid: true, expires at: 1788974279132
[debug] [2026-09-09T16:56:09.768Z] >>> [apiv2][query] GET https://cloudfunctions.googleapis.com/v2/projects/paklan-45c3c/locations/us-central1/operations/operation-1788972964887-65b0fba15badf-84146974-4c0f0664 [none]
[debug] [2026-09-09T16:56:09.886Z] <<< [apiv2][status] GET https://cloudfunctions.googleapis.com/v2/projects/paklan-45c3c/locations/us-central1/operations/operation-1788972964887-65b0fba15badf-84146974-4c0f0664 200
[debug] [2026-09-09T16:56:09.887Z] <<< [apiv2][body] GET https://cloudfunctions.googleapis.com/v2/projects/paklan-45c3c/locations/us-central1/operations/operation-1788972964887-65b0fba15badf-84146974-4c0f0664 {"name":"projects/paklan-45c3c/locations/us-central1/operations/operation-1788972964887-65b0fba15badf-84146974-4c0f0664","metadata":{"@type":"type.googleapis.com/google.cloud.functions.v2.OperationMetadata","createTime":"2026-09-09T16:56:05.885633136Z","target":"projects/paklan-45c3c/locations/us-central1/functions/get_time_from_server","verb":"update","cancelRequested":false,"apiVersion":"v2","requestResource":{"@type":"type.googleapis.com/google.cloud.functions.v2.Function","name":"projects/paklan-45c3c/locations/us-central1/functions/get_time_from_server","buildConfig":{"runtime":"python313","entryPoint":"get_time_from_server","source":{"storageSource":{"bucket":"gcf-v2-sources-833776742151-us-central1","object":"get_time_from_server/function-source.zip","generation":"1788972965815779"}},"environmentVariables":{"GOOGLE_NODE_RUN_SCRIPTS":""},"dockerRepository":"projects/paklan-45c3c/locations/us-central1/repositories/gcf-artifacts","sourceProvenance":{"resolvedStorageSource":{"bucket":"gcf-v2-sources-833776742151-us-central1","object":"get_time_from_server/function-source.zip","generation":"1788970692696270"}},"dockerRegistry":"ARTIFACT_REGISTRY","serviceAccount":"projects/paklan-45c3c/serviceAccounts/833776742151-compute@developer.gserviceaccount.com","automaticUpdatePolicy":{}},"serviceConfig":{"service":"projects/paklan-45c3c/locations/us-central1/services/get-time-from-server","timeoutSeconds":60,"environmentVariables":{"FIREBASE_CONFIG":"{\"projectId\":\"paklan-45c3c\",\"storageBucket\":\"paklan-45c3c.firebasestorage.app\"}","GCLOUD_PROJECT":"paklan-45c3c","EVENTARC_CLOUD_EVENT_SOURCE":"projects/paklan-45c3c/locations/us-central1/services/get_time_from_server","FUNCTION_TARGET":"get_time_from_server","LOG_EXECUTION_ID":"true"},"maxInstanceCount":40,"ingressSettings":"ALLOW_ALL","uri":"https://get-time-from-server-ntcfxe6d7q-uc.a.run.app","serviceAccountEmail":"833776742151-compute@developer.gserviceaccount.com","availableMemory":"256Mi","allTrafficOnLatestRevision":true,"revision":"get-time-from-server-00038-nay","maxInstanceRequestConcurrency":80,"availableCpu":"1"},"state":"ACTIVE","labels":{"deployment-callable":"true","deployment-tool":"cli-firebase","firebase-functions-hash":"6b3db7f88a3c63cdfb7f613ca4ffc1e6723651f4"},"environment":"GEN_2","url":"https://us-central1-paklan-45c3c.cloudfunctions.net/get_time_from_server","satisfiesPzi":true},"stages":[{"name":"BUILD","message":"Build in progress","state":"IN_PROGRESS","resource":"projects/833776742151/locations/us-central1/builds/2e63a805-f4e4-48b8-9a31-9f973075d855","resourceUri":"https://console.cloud.google.com/cloud-build/builds;region=us-central1/2e63a805-f4e4-48b8-9a31-9f973075d855?project=833776742151"},{"name":"SERVICE","state":"NOT_STARTED"}],"operationType":"UPDATE_FUNCTION","buildName":"projects/833776742151/locations/us-central1/builds/2e63a805-f4e4-48b8-9a31-9f973075d855"},"done":false}
[debug] [2026-09-09T16:56:13.628Z] [create-default-us-central1-send_message_notifications] Retrying task index 0
[debug] [2026-09-09T16:56:13.629Z] Checked if tokens are valid: true, expires at: 1788974279132
[debug] [2026-09-09T16:56:13.629Z] Checked if tokens are valid: true, expires at: 1788974279132
[debug] [2026-09-09T16:56:13.630Z] >>> [apiv2][query] GET https://cloudfunctions.googleapis.com/v2/projects/paklan-45c3c/locations/us-central1/operations/operation-1788972964819-65b0fba14b38c-1c33e652-4e60532e [none]
[debug] [2026-09-09T16:56:13.793Z] <<< [apiv2][status] GET https://cloudfunctions.googleapis.com/v2/projects/paklan-45c3c/locations/us-central1/operations/operation-1788972964819-65b0fba14b38c-1c33e652-4e60532e 200
[debug] [2026-09-09T16:56:13.794Z] <<< [apiv2][body] GET https://cloudfunctions.googleapis.com/v2/projects/paklan-45c3c/locations/us-central1/operations/operation-1788972964819-65b0fba14b38c-1c33e652-4e60532e {"name":"projects/paklan-45c3c/locations/us-central1/operations/operation-1788972964819-65b0fba14b38c-1c33e652-4e60532e","metadata":{"@type":"type.googleapis.com/google.cloud.functions.v2.OperationMetadata","createTime":"2026-09-09T16:56:05.547462480Z","target":"projects/paklan-45c3c/locations/us-central1/functions/send_message_notifications","verb":"create","cancelRequested":false,"apiVersion":"v2","requestResource":{"@type":"type.googleapis.com/google.cloud.functions.v2.Function","name":"projects/paklan-45c3c/locations/us-central1/functions/send_message_notifications","buildConfig":{"runtime":"python313","entryPoint":"send_message_notifications","source":{"storageSource":{"bucket":"gcf-v2-sources-833776742151-us-central1","object":"send_message_notifications/function-source.zip","generation":"1788972965116280"}},"environmentVariables":{"GOOGLE_NODE_RUN_SCRIPTS":""},"serviceAccount":"projects/paklan-45c3c/serviceAccounts/833776742151-compute@developer.gserviceaccount.com","automaticUpdatePolicy":{}},"serviceConfig":{"service":"projects/paklan-45c3c/locations/us-central1/services/send-message-notifications","timeoutSeconds":60,"environmentVariables":{"FIREBASE_CONFIG":"{\"projectId\":\"paklan-45c3c\",\"storageBucket\":\"paklan-45c3c.firebasestorage.app\"}","GCLOUD_PROJECT":"paklan-45c3c","EVENTARC_CLOUD_EVENT_SOURCE":"projects/paklan-45c3c/locations/us-central1/services/send_message_notifications","FUNCTION_SIGNATURE_TYPE":"cloudevent","FUNCTION_TARGET":"send_message_notifications","LOG_EXECUTION_ID":"true"},"maxInstanceCount":40,"ingressSettings":"ALLOW_ALL","serviceAccountEmail":"833776742151-compute@developer.gserviceaccount.com","availableMemory":"256Mi","maxInstanceRequestConcurrency":80,"availableCpu":"1"},"eventTrigger":{"trigger":"projects/paklan-45c3c/locations/northamerica-south1/triggers/send-message-notifications-595064","triggerRegion":"northamerica-south1","eventType":"google.cloud.firestore.document.v1.created","eventFilters":[{"attribute":"database","value":"(default)"},{"attribute":"namespace","value":"(default)"},{"attribute":"document","value":"chats/{chatId}/messages/{messageId}","operator":"match-path-pattern"}],"serviceAccountEmail":"833776742151-compute@developer.gserviceaccount.com","retryPolicy":"RETRY_POLICY_DO_NOT_RETRY"},"labels":{"deployment-tool":"cli-firebase","firebase-functions-hash":"6b3db7f88a3c63cdfb7f613ca4ffc1e6723651f4"},"environment":"GEN_2"},"stages":[{"name":"BUILD","message":"Build in progress","state":"IN_PROGRESS","resource":"projects/833776742151/locations/us-central1/builds/2fcaee57-6df2-47da-89cb-b568601a2b3e","resourceUri":"https://console.cloud.google.com/cloud-build/builds;region=us-central1/2fcaee57-6df2-47da-89cb-b568601a2b3e?project=833776742151"},{"name":"SERVICE","state":"NOT_STARTED"},{"name":"TRIGGER","state":"NOT_STARTED"}],"operationType":"CREATE_FUNCTION","buildName":"projects/833776742151/locations/us-central1/builds/2fcaee57-6df2-47da-89cb-b568601a2b3e"},"done":false}
[debug] [2026-09-09T16:56:13.887Z] [update-default-us-central1-get_time_from_server] Retrying task index 0
[debug] [2026-09-09T16:56:13.887Z] Checked if tokens are valid: true, expires at: 1788974279132
[debug] [2026-09-09T16:56:13.887Z] Checked if tokens are valid: true, expires at: 1788974279132
[debug] [2026-09-09T16:56:13.887Z] >>> [apiv2][query] GET https://cloudfunctions.googleapis.com/v2/projects/paklan-45c3c/locations/us-central1/operations/operation-1788972964887-65b0fba15badf-84146974-4c0f0664 [none]
[debug] [2026-09-09T16:56:13.976Z] <<< [apiv2][status] GET https://cloudfunctions.googleapis.com/v2/projects/paklan-45c3c/locations/us-central1/operations/operation-1788972964887-65b0fba15badf-84146974-4c0f0664 200
[debug] [2026-09-09T16:56:13.976Z] <<< [apiv2][body] GET https://cloudfunctions.googleapis.com/v2/projects/paklan-45c3c/locations/us-central1/operations/operation-1788972964887-65b0fba15badf-84146974-4c0f0664 {"name":"projects/paklan-45c3c/locations/us-central1/operations/operation-1788972964887-65b0fba15badf-84146974-4c0f0664","metadata":{"@type":"type.googleapis.com/google.cloud.functions.v2.OperationMetadata","createTime":"2026-09-09T16:56:05.885633136Z","target":"projects/paklan-45c3c/locations/us-central1/functions/get_time_from_server","verb":"update","cancelRequested":false,"apiVersion":"v2","requestResource":{"@type":"type.googleapis.com/google.cloud.functions.v2.Function","name":"projects/paklan-45c3c/locations/us-central1/functions/get_time_from_server","buildConfig":{"runtime":"python313","entryPoint":"get_time_from_server","source":{"storageSource":{"bucket":"gcf-v2-sources-833776742151-us-central1","object":"get_time_from_server/function-source.zip","generation":"1788972965815779"}},"environmentVariables":{"GOOGLE_NODE_RUN_SCRIPTS":""},"dockerRepository":"projects/paklan-45c3c/locations/us-central1/repositories/gcf-artifacts","sourceProvenance":{"resolvedStorageSource":{"bucket":"gcf-v2-sources-833776742151-us-central1","object":"get_time_from_server/function-source.zip","generation":"1788970692696270"}},"dockerRegistry":"ARTIFACT_REGISTRY","serviceAccount":"projects/paklan-45c3c/serviceAccounts/833776742151-compute@developer.gserviceaccount.com","automaticUpdatePolicy":{}},"serviceConfig":{"service":"projects/paklan-45c3c/locations/us-central1/services/get-time-from-server","timeoutSeconds":60,"environmentVariables":{"FIREBASE_CONFIG":"{\"projectId\":\"paklan-45c3c\",\"storageBucket\":\"paklan-45c3c.firebasestorage.app\"}","GCLOUD_PROJECT":"paklan-45c3c","EVENTARC_CLOUD_EVENT_SOURCE":"projects/paklan-45c3c/locations/us-central1/services/get_time_from_server","FUNCTION_TARGET":"get_time_from_server","LOG_EXECUTION_ID":"true"},"maxInstanceCount":40,"ingressSettings":"ALLOW_ALL","uri":"https://get-time-from-server-ntcfxe6d7q-uc.a.run.app","serviceAccountEmail":"833776742151-compute@developer.gserviceaccount.com","availableMemory":"256Mi","allTrafficOnLatestRevision":true,"revision":"get-time-from-server-00038-nay","maxInstanceRequestConcurrency":80,"availableCpu":"1"},"state":"ACTIVE","labels":{"deployment-callable":"true","deployment-tool":"cli-firebase","firebase-functions-hash":"6b3db7f88a3c63cdfb7f613ca4ffc1e6723651f4"},"environment":"GEN_2","url":"https://us-central1-paklan-45c3c.cloudfunctions.net/get_time_from_server","satisfiesPzi":true},"stages":[{"name":"BUILD","message":"Build in progress","state":"IN_PROGRESS","resource":"projects/833776742151/locations/us-central1/builds/2e63a805-f4e4-48b8-9a31-9f973075d855","resourceUri":"https://console.cloud.google.com/cloud-build/builds;region=us-central1/2e63a805-f4e4-48b8-9a31-9f973075d855?project=833776742151"},{"name":"SERVICE","state":"NOT_STARTED"}],"operationType":"UPDATE_FUNCTION","buildName":"projects/833776742151/locations/us-central1/builds/2e63a805-f4e4-48b8-9a31-9f973075d855"},"done":false}
[debug] [2026-09-09T16:56:21.796Z] [create-default-us-central1-send_message_notifications] Retrying task index 0
[debug] [2026-09-09T16:56:21.797Z] Checked if tokens are valid: true, expires at: 1788974279132
[debug] [2026-09-09T16:56:21.797Z] Checked if tokens are valid: true, expires at: 1788974279132
[debug] [2026-09-09T16:56:21.797Z] >>> [apiv2][query] GET https://cloudfunctions.googleapis.com/v2/projects/paklan-45c3c/locations/us-central1/operations/operation-1788972964819-65b0fba14b38c-1c33e652-4e60532e [none]
[debug] [2026-09-09T16:56:21.977Z] [update-default-us-central1-get_time_from_server] Retrying task index 0
[debug] [2026-09-09T16:56:21.978Z] Checked if tokens are valid: true, expires at: 1788974279132
[debug] [2026-09-09T16:56:21.978Z] Checked if tokens are valid: true, expires at: 1788974279132
[debug] [2026-09-09T16:56:21.978Z] >>> [apiv2][query] GET https://cloudfunctions.googleapis.com/v2/projects/paklan-45c3c/locations/us-central1/operations/operation-1788972964887-65b0fba15badf-84146974-4c0f0664 [none]
[debug] [2026-09-09T16:56:22.152Z] <<< [apiv2][status] GET https://cloudfunctions.googleapis.com/v2/projects/paklan-45c3c/locations/us-central1/operations/operation-1788972964887-65b0fba15badf-84146974-4c0f0664 200
[debug] [2026-09-09T16:56:22.152Z] <<< [apiv2][body] GET https://cloudfunctions.googleapis.com/v2/projects/paklan-45c3c/locations/us-central1/operations/operation-1788972964887-65b0fba15badf-84146974-4c0f0664 {"name":"projects/paklan-45c3c/locations/us-central1/operations/operation-1788972964887-65b0fba15badf-84146974-4c0f0664","metadata":{"@type":"type.googleapis.com/google.cloud.functions.v2.OperationMetadata","createTime":"2026-09-09T16:56:05.885633136Z","target":"projects/paklan-45c3c/locations/us-central1/functions/get_time_from_server","verb":"update","cancelRequested":false,"apiVersion":"v2","requestResource":{"@type":"type.googleapis.com/google.cloud.functions.v2.Function","name":"projects/paklan-45c3c/locations/us-central1/functions/get_time_from_server","buildConfig":{"runtime":"python313","entryPoint":"get_time_from_server","source":{"storageSource":{"bucket":"gcf-v2-sources-833776742151-us-central1","object":"get_time_from_server/function-source.zip","generation":"1788972965815779"}},"environmentVariables":{"GOOGLE_NODE_RUN_SCRIPTS":""},"dockerRepository":"projects/paklan-45c3c/locations/us-central1/repositories/gcf-artifacts","sourceProvenance":{"resolvedStorageSource":{"bucket":"gcf-v2-sources-833776742151-us-central1","object":"get_time_from_server/function-source.zip","generation":"1788970692696270"}},"dockerRegistry":"ARTIFACT_REGISTRY","serviceAccount":"projects/paklan-45c3c/serviceAccounts/833776742151-compute@developer.gserviceaccount.com","automaticUpdatePolicy":{}},"serviceConfig":{"service":"projects/paklan-45c3c/locations/us-central1/services/get-time-from-server","timeoutSeconds":60,"environmentVariables":{"FIREBASE_CONFIG":"{\"projectId\":\"paklan-45c3c\",\"storageBucket\":\"paklan-45c3c.firebasestorage.app\"}","GCLOUD_PROJECT":"paklan-45c3c","EVENTARC_CLOUD_EVENT_SOURCE":"projects/paklan-45c3c/locations/us-central1/services/get_time_from_server","FUNCTION_TARGET":"get_time_from_server","LOG_EXECUTION_ID":"true"},"maxInstanceCount":40,"ingressSettings":"ALLOW_ALL","uri":"https://get-time-from-server-ntcfxe6d7q-uc.a.run.app","serviceAccountEmail":"833776742151-compute@developer.gserviceaccount.com","availableMemory":"256Mi","allTrafficOnLatestRevision":true,"revision":"get-time-from-server-00038-nay","maxInstanceRequestConcurrency":80,"availableCpu":"1"},"state":"ACTIVE","labels":{"deployment-callable":"true","deployment-tool":"cli-firebase","firebase-functions-hash":"6b3db7f88a3c63cdfb7f613ca4ffc1e6723651f4"},"environment":"GEN_2","url":"https://us-central1-paklan-45c3c.cloudfunctions.net/get_time_from_server","satisfiesPzi":true},"stages":[{"name":"BUILD","message":"Build in progress","state":"IN_PROGRESS","resource":"projects/833776742151/locations/us-central1/builds/2e63a805-f4e4-48b8-9a31-9f973075d855","resourceUri":"https://console.cloud.google.com/cloud-build/builds;region=us-central1/2e63a805-f4e4-48b8-9a31-9f973075d855?project=833776742151"},{"name":"SERVICE","state":"NOT_STARTED"}],"operationType":"UPDATE_FUNCTION","buildName":"projects/833776742151/locations/us-central1/builds/2e63a805-f4e4-48b8-9a31-9f973075d855"},"done":false}
[debug] [2026-09-09T16:56:22.229Z] <<< [apiv2][status] GET https://cloudfunctions.googleapis.com/v2/projects/paklan-45c3c/locations/us-central1/operations/operation-1788972964819-65b0fba14b38c-1c33e652-4e60532e 200
[debug] [2026-09-09T16:56:22.229Z] <<< [apiv2][body] GET https://cloudfunctions.googleapis.com/v2/projects/paklan-45c3c/locations/us-central1/operations/operation-1788972964819-65b0fba14b38c-1c33e652-4e60532e {"name":"projects/paklan-45c3c/locations/us-central1/operations/operation-1788972964819-65b0fba14b38c-1c33e652-4e60532e","metadata":{"@type":"type.googleapis.com/google.cloud.functions.v2.OperationMetadata","createTime":"2026-09-09T16:56:05.547462480Z","target":"projects/paklan-45c3c/locations/us-central1/functions/send_message_notifications","verb":"create","cancelRequested":false,"apiVersion":"v2","requestResource":{"@type":"type.googleapis.com/google.cloud.functions.v2.Function","name":"projects/paklan-45c3c/locations/us-central1/functions/send_message_notifications","buildConfig":{"runtime":"python313","entryPoint":"send_message_notifications","source":{"storageSource":{"bucket":"gcf-v2-sources-833776742151-us-central1","object":"send_message_notifications/function-source.zip","generation":"1788972965116280"}},"environmentVariables":{"GOOGLE_NODE_RUN_SCRIPTS":""},"serviceAccount":"projects/paklan-45c3c/serviceAccounts/833776742151-compute@developer.gserviceaccount.com","automaticUpdatePolicy":{}},"serviceConfig":{"service":"projects/paklan-45c3c/locations/us-central1/services/send-message-notifications","timeoutSeconds":60,"environmentVariables":{"FIREBASE_CONFIG":"{\"projectId\":\"paklan-45c3c\",\"storageBucket\":\"paklan-45c3c.firebasestorage.app\"}","GCLOUD_PROJECT":"paklan-45c3c","EVENTARC_CLOUD_EVENT_SOURCE":"projects/paklan-45c3c/locations/us-central1/services/send_message_notifications","FUNCTION_SIGNATURE_TYPE":"cloudevent","FUNCTION_TARGET":"send_message_notifications","LOG_EXECUTION_ID":"true"},"maxInstanceCount":40,"ingressSettings":"ALLOW_ALL","serviceAccountEmail":"833776742151-compute@developer.gserviceaccount.com","availableMemory":"256Mi","maxInstanceRequestConcurrency":80,"availableCpu":"1"},"eventTrigger":{"trigger":"projects/paklan-45c3c/locations/northamerica-south1/triggers/send-message-notifications-595064","triggerRegion":"northamerica-south1","eventType":"google.cloud.firestore.document.v1.created","eventFilters":[{"attribute":"database","value":"(default)"},{"attribute":"namespace","value":"(default)"},{"attribute":"document","value":"chats/{chatId}/messages/{messageId}","operator":"match-path-pattern"}],"serviceAccountEmail":"833776742151-compute@developer.gserviceaccount.com","retryPolicy":"RETRY_POLICY_DO_NOT_RETRY"},"labels":{"deployment-tool":"cli-firebase","firebase-functions-hash":"6b3db7f88a3c63cdfb7f613ca4ffc1e6723651f4"},"environment":"GEN_2"},"stages":[{"name":"BUILD","message":"Build in progress","state":"IN_PROGRESS","resource":"projects/833776742151/locations/us-central1/builds/2fcaee57-6df2-47da-89cb-b568601a2b3e","resourceUri":"https://console.cloud.google.com/cloud-build/builds;region=us-central1/2fcaee57-6df2-47da-89cb-b568601a2b3e?project=833776742151"},{"name":"SERVICE","state":"NOT_STARTED"},{"name":"TRIGGER","state":"NOT_STARTED"}],"operationType":"CREATE_FUNCTION","buildName":"projects/833776742151/locations/us-central1/builds/2fcaee57-6df2-47da-89cb-b568601a2b3e"},"done":false}
[debug] [2026-09-09T16:56:32.153Z] [update-default-us-central1-get_time_from_server] Retrying task index 0
[debug] [2026-09-09T16:56:32.154Z] Checked if tokens are valid: true, expires at: 1788974279132
[debug] [2026-09-09T16:56:32.154Z] Checked if tokens are valid: true, expires at: 1788974279132
[debug] [2026-09-09T16:56:32.154Z] >>> [apiv2][query] GET https://cloudfunctions.googleapis.com/v2/projects/paklan-45c3c/locations/us-central1/operations/operation-1788972964887-65b0fba15badf-84146974-4c0f0664 [none]
[debug] [2026-09-09T16:56:32.230Z] [create-default-us-central1-send_message_notifications] Retrying task index 0
[debug] [2026-09-09T16:56:32.230Z] Checked if tokens are valid: true, expires at: 1788974279132
[debug] [2026-09-09T16:56:32.230Z] Checked if tokens are valid: true, expires at: 1788974279132
[debug] [2026-09-09T16:56:32.231Z] >>> [apiv2][query] GET https://cloudfunctions.googleapis.com/v2/projects/paklan-45c3c/locations/us-central1/operations/operation-1788972964819-65b0fba14b38c-1c33e652-4e60532e [none]
[debug] [2026-09-09T16:56:32.380Z] <<< [apiv2][status] GET https://cloudfunctions.googleapis.com/v2/projects/paklan-45c3c/locations/us-central1/operations/operation-1788972964887-65b0fba15badf-84146974-4c0f0664 200
[debug] [2026-09-09T16:56:32.380Z] <<< [apiv2][body] GET https://cloudfunctions.googleapis.com/v2/projects/paklan-45c3c/locations/us-central1/operations/operation-1788972964887-65b0fba15badf-84146974-4c0f0664 {"name":"projects/paklan-45c3c/locations/us-central1/operations/operation-1788972964887-65b0fba15badf-84146974-4c0f0664","metadata":{"@type":"type.googleapis.com/google.cloud.functions.v2.OperationMetadata","createTime":"2026-09-09T16:56:05.885633136Z","target":"projects/paklan-45c3c/locations/us-central1/functions/get_time_from_server","verb":"update","cancelRequested":false,"apiVersion":"v2","requestResource":{"@type":"type.googleapis.com/google.cloud.functions.v2.Function","name":"projects/paklan-45c3c/locations/us-central1/functions/get_time_from_server","buildConfig":{"runtime":"python313","entryPoint":"get_time_from_server","source":{"storageSource":{"bucket":"gcf-v2-sources-833776742151-us-central1","object":"get_time_from_server/function-source.zip","generation":"1788972965815779"}},"environmentVariables":{"GOOGLE_NODE_RUN_SCRIPTS":""},"dockerRepository":"projects/paklan-45c3c/locations/us-central1/repositories/gcf-artifacts","sourceProvenance":{"resolvedStorageSource":{"bucket":"gcf-v2-sources-833776742151-us-central1","object":"get_time_from_server/function-source.zip","generation":"1788970692696270"}},"dockerRegistry":"ARTIFACT_REGISTRY","serviceAccount":"projects/paklan-45c3c/serviceAccounts/833776742151-compute@developer.gserviceaccount.com","automaticUpdatePolicy":{}},"serviceConfig":{"service":"projects/paklan-45c3c/locations/us-central1/services/get-time-from-server","timeoutSeconds":60,"environmentVariables":{"FIREBASE_CONFIG":"{\"projectId\":\"paklan-45c3c\",\"storageBucket\":\"paklan-45c3c.firebasestorage.app\"}","GCLOUD_PROJECT":"paklan-45c3c","EVENTARC_CLOUD_EVENT_SOURCE":"projects/paklan-45c3c/locations/us-central1/services/get_time_from_server","FUNCTION_TARGET":"get_time_from_server","LOG_EXECUTION_ID":"true"},"maxInstanceCount":40,"ingressSettings":"ALLOW_ALL","uri":"https://get-time-from-server-ntcfxe6d7q-uc.a.run.app","serviceAccountEmail":"833776742151-compute@developer.gserviceaccount.com","availableMemory":"256Mi","allTrafficOnLatestRevision":true,"revision":"get-time-from-server-00038-nay","maxInstanceRequestConcurrency":80,"availableCpu":"1"},"state":"ACTIVE","labels":{"deployment-callable":"true","deployment-tool":"cli-firebase","firebase-functions-hash":"6b3db7f88a3c63cdfb7f613ca4ffc1e6723651f4"},"environment":"GEN_2","url":"https://us-central1-paklan-45c3c.cloudfunctions.net/get_time_from_server","satisfiesPzi":true},"stages":[{"name":"BUILD","message":"Build in progress","state":"IN_PROGRESS","resource":"projects/833776742151/locations/us-central1/builds/2e63a805-f4e4-48b8-9a31-9f973075d855","resourceUri":"https://console.cloud.google.com/cloud-build/builds;region=us-central1/2e63a805-f4e4-48b8-9a31-9f973075d855?project=833776742151"},{"name":"SERVICE","state":"NOT_STARTED"}],"operationType":"UPDATE_FUNCTION","buildName":"projects/833776742151/locations/us-central1/builds/2e63a805-f4e4-48b8-9a31-9f973075d855"},"done":false}
[debug] [2026-09-09T16:56:32.451Z] <<< [apiv2][status] GET https://cloudfunctions.googleapis.com/v2/projects/paklan-45c3c/locations/us-central1/operations/operation-1788972964819-65b0fba14b38c-1c33e652-4e60532e 200
[debug] [2026-09-09T16:56:32.451Z] <<< [apiv2][body] GET https://cloudfunctions.googleapis.com/v2/projects/paklan-45c3c/locations/us-central1/operations/operation-1788972964819-65b0fba14b38c-1c33e652-4e60532e {"name":"projects/paklan-45c3c/locations/us-central1/operations/operation-1788972964819-65b0fba14b38c-1c33e652-4e60532e","metadata":{"@type":"type.googleapis.com/google.cloud.functions.v2.OperationMetadata","createTime":"2026-09-09T16:56:05.547462480Z","target":"projects/paklan-45c3c/locations/us-central1/functions/send_message_notifications","verb":"create","cancelRequested":false,"apiVersion":"v2","requestResource":{"@type":"type.googleapis.com/google.cloud.functions.v2.Function","name":"projects/paklan-45c3c/locations/us-central1/functions/send_message_notifications","buildConfig":{"runtime":"python313","entryPoint":"send_message_notifications","source":{"storageSource":{"bucket":"gcf-v2-sources-833776742151-us-central1","object":"send_message_notifications/function-source.zip","generation":"1788972965116280"}},"environmentVariables":{"GOOGLE_NODE_RUN_SCRIPTS":""},"serviceAccount":"projects/paklan-45c3c/serviceAccounts/833776742151-compute@developer.gserviceaccount.com","automaticUpdatePolicy":{}},"serviceConfig":{"service":"projects/paklan-45c3c/locations/us-central1/services/send-message-notifications","timeoutSeconds":60,"environmentVariables":{"FIREBASE_CONFIG":"{\"projectId\":\"paklan-45c3c\",\"storageBucket\":\"paklan-45c3c.firebasestorage.app\"}","GCLOUD_PROJECT":"paklan-45c3c","EVENTARC_CLOUD_EVENT_SOURCE":"projects/paklan-45c3c/locations/us-central1/services/send_message_notifications","FUNCTION_SIGNATURE_TYPE":"cloudevent","FUNCTION_TARGET":"send_message_notifications","LOG_EXECUTION_ID":"true"},"maxInstanceCount":40,"ingressSettings":"ALLOW_ALL","serviceAccountEmail":"833776742151-compute@developer.gserviceaccount.com","availableMemory":"256Mi","maxInstanceRequestConcurrency":80,"availableCpu":"1"},"eventTrigger":{"trigger":"projects/paklan-45c3c/locations/northamerica-south1/triggers/send-message-notifications-595064","triggerRegion":"northamerica-south1","eventType":"google.cloud.firestore.document.v1.created","eventFilters":[{"attribute":"database","value":"(default)"},{"attribute":"namespace","value":"(default)"},{"attribute":"document","value":"chats/{chatId}/messages/{messageId}","operator":"match-path-pattern"}],"serviceAccountEmail":"833776742151-compute@developer.gserviceaccount.com","retryPolicy":"RETRY_POLICY_DO_NOT_RETRY"},"labels":{"deployment-tool":"cli-firebase","firebase-functions-hash":"6b3db7f88a3c63cdfb7f613ca4ffc1e6723651f4"},"environment":"GEN_2"},"stages":[{"name":"BUILD","message":"Build in progress","state":"IN_PROGRESS","resource":"projects/833776742151/locations/us-central1/builds/2fcaee57-6df2-47da-89cb-b568601a2b3e","resourceUri":"https://console.cloud.google.com/cloud-build/builds;region=us-central1/2fcaee57-6df2-47da-89cb-b568601a2b3e?project=833776742151"},{"name":"SERVICE","state":"NOT_STARTED"},{"name":"TRIGGER","state":"NOT_STARTED"}],"operationType":"CREATE_FUNCTION","buildName":"projects/833776742151/locations/us-central1/builds/2fcaee57-6df2-47da-89cb-b568601a2b3e"},"done":false}
[debug] [2026-09-09T16:56:42.381Z] [update-default-us-central1-get_time_from_server] Retrying task index 0
[debug] [2026-09-09T16:56:42.382Z] Checked if tokens are valid: true, expires at: 1788974279132
[debug] [2026-09-09T16:56:42.382Z] Checked if tokens are valid: true, expires at: 1788974279132
[debug] [2026-09-09T16:56:42.382Z] >>> [apiv2][query] GET https://cloudfunctions.googleapis.com/v2/projects/paklan-45c3c/locations/us-central1/operations/operation-1788972964887-65b0fba15badf-84146974-4c0f0664 [none]
[debug] [2026-09-09T16:56:42.451Z] [create-default-us-central1-send_message_notifications] Retrying task index 0
[debug] [2026-09-09T16:56:42.451Z] Checked if tokens are valid: true, expires at: 1788974279132
[debug] [2026-09-09T16:56:42.452Z] Checked if tokens are valid: true, expires at: 1788974279132
[debug] [2026-09-09T16:56:42.452Z] >>> [apiv2][query] GET https://cloudfunctions.googleapis.com/v2/projects/paklan-45c3c/locations/us-central1/operations/operation-1788972964819-65b0fba14b38c-1c33e652-4e60532e [none]
[debug] [2026-09-09T16:56:42.596Z] <<< [apiv2][status] GET https://cloudfunctions.googleapis.com/v2/projects/paklan-45c3c/locations/us-central1/operations/operation-1788972964887-65b0fba15badf-84146974-4c0f0664 200
[debug] [2026-09-09T16:56:42.596Z] <<< [apiv2][body] GET https://cloudfunctions.googleapis.com/v2/projects/paklan-45c3c/locations/us-central1/operations/operation-1788972964887-65b0fba15badf-84146974-4c0f0664 {"name":"projects/paklan-45c3c/locations/us-central1/operations/operation-1788972964887-65b0fba15badf-84146974-4c0f0664","metadata":{"@type":"type.googleapis.com/google.cloud.functions.v2.OperationMetadata","createTime":"2026-09-09T16:56:05.885633136Z","target":"projects/paklan-45c3c/locations/us-central1/functions/get_time_from_server","verb":"update","cancelRequested":false,"apiVersion":"v2","requestResource":{"@type":"type.googleapis.com/google.cloud.functions.v2.Function","name":"projects/paklan-45c3c/locations/us-central1/functions/get_time_from_server","buildConfig":{"runtime":"python313","entryPoint":"get_time_from_server","source":{"storageSource":{"bucket":"gcf-v2-sources-833776742151-us-central1","object":"get_time_from_server/function-source.zip","generation":"1788972965815779"}},"environmentVariables":{"GOOGLE_NODE_RUN_SCRIPTS":""},"dockerRepository":"projects/paklan-45c3c/locations/us-central1/repositories/gcf-artifacts","sourceProvenance":{"resolvedStorageSource":{"bucket":"gcf-v2-sources-833776742151-us-central1","object":"get_time_from_server/function-source.zip","generation":"1788970692696270"}},"dockerRegistry":"ARTIFACT_REGISTRY","serviceAccount":"projects/paklan-45c3c/serviceAccounts/833776742151-compute@developer.gserviceaccount.com","automaticUpdatePolicy":{}},"serviceConfig":{"service":"projects/paklan-45c3c/locations/us-central1/services/get-time-from-server","timeoutSeconds":60,"environmentVariables":{"FIREBASE_CONFIG":"{\"projectId\":\"paklan-45c3c\",\"storageBucket\":\"paklan-45c3c.firebasestorage.app\"}","GCLOUD_PROJECT":"paklan-45c3c","EVENTARC_CLOUD_EVENT_SOURCE":"projects/paklan-45c3c/locations/us-central1/services/get_time_from_server","FUNCTION_TARGET":"get_time_from_server","LOG_EXECUTION_ID":"true"},"maxInstanceCount":40,"ingressSettings":"ALLOW_ALL","uri":"https://get-time-from-server-ntcfxe6d7q-uc.a.run.app","serviceAccountEmail":"833776742151-compute@developer.gserviceaccount.com","availableMemory":"256Mi","allTrafficOnLatestRevision":true,"revision":"get-time-from-server-00038-nay","maxInstanceRequestConcurrency":80,"availableCpu":"1"},"state":"ACTIVE","labels":{"deployment-callable":"true","deployment-tool":"cli-firebase","firebase-functions-hash":"6b3db7f88a3c63cdfb7f613ca4ffc1e6723651f4"},"environment":"GEN_2","url":"https://us-central1-paklan-45c3c.cloudfunctions.net/get_time_from_server","satisfiesPzi":true},"stages":[{"name":"BUILD","message":"Build in progress","state":"IN_PROGRESS","resource":"projects/833776742151/locations/us-central1/builds/2e63a805-f4e4-48b8-9a31-9f973075d855","resourceUri":"https://console.cloud.google.com/cloud-build/builds;region=us-central1/2e63a805-f4e4-48b8-9a31-9f973075d855?project=833776742151"},{"name":"SERVICE","state":"NOT_STARTED"}],"operationType":"UPDATE_FUNCTION","buildName":"projects/833776742151/locations/us-central1/builds/2e63a805-f4e4-48b8-9a31-9f973075d855"},"done":false}
[debug] [2026-09-09T16:56:42.663Z] <<< [apiv2][status] GET https://cloudfunctions.googleapis.com/v2/projects/paklan-45c3c/locations/us-central1/operations/operation-1788972964819-65b0fba14b38c-1c33e652-4e60532e 200
[debug] [2026-09-09T16:56:42.663Z] <<< [apiv2][body] GET https://cloudfunctions.googleapis.com/v2/projects/paklan-45c3c/locations/us-central1/operations/operation-1788972964819-65b0fba14b38c-1c33e652-4e60532e {"name":"projects/paklan-45c3c/locations/us-central1/operations/operation-1788972964819-65b0fba14b38c-1c33e652-4e60532e","metadata":{"@type":"type.googleapis.com/google.cloud.functions.v2.OperationMetadata","createTime":"2026-09-09T16:56:05.547462480Z","target":"projects/paklan-45c3c/locations/us-central1/functions/send_message_notifications","verb":"create","cancelRequested":false,"apiVersion":"v2","requestResource":{"@type":"type.googleapis.com/google.cloud.functions.v2.Function","name":"projects/paklan-45c3c/locations/us-central1/functions/send_message_notifications","buildConfig":{"runtime":"python313","entryPoint":"send_message_notifications","source":{"storageSource":{"bucket":"gcf-v2-sources-833776742151-us-central1","object":"send_message_notifications/function-source.zip","generation":"1788972965116280"}},"environmentVariables":{"GOOGLE_NODE_RUN_SCRIPTS":""},"serviceAccount":"projects/paklan-45c3c/serviceAccounts/833776742151-compute@developer.gserviceaccount.com","automaticUpdatePolicy":{}},"serviceConfig":{"service":"projects/paklan-45c3c/locations/us-central1/services/send-message-notifications","timeoutSeconds":60,"environmentVariables":{"FIREBASE_CONFIG":"{\"projectId\":\"paklan-45c3c\",\"storageBucket\":\"paklan-45c3c.firebasestorage.app\"}","GCLOUD_PROJECT":"paklan-45c3c","EVENTARC_CLOUD_EVENT_SOURCE":"projects/paklan-45c3c/locations/us-central1/services/send_message_notifications","FUNCTION_SIGNATURE_TYPE":"cloudevent","FUNCTION_TARGET":"send_message_notifications","LOG_EXECUTION_ID":"true"},"maxInstanceCount":40,"ingressSettings":"ALLOW_ALL","serviceAccountEmail":"833776742151-compute@developer.gserviceaccount.com","availableMemory":"256Mi","maxInstanceRequestConcurrency":80,"availableCpu":"1"},"eventTrigger":{"trigger":"projects/paklan-45c3c/locations/northamerica-south1/triggers/send-message-notifications-595064","triggerRegion":"northamerica-south1","eventType":"google.cloud.firestore.document.v1.created","eventFilters":[{"attribute":"database","value":"(default)"},{"attribute":"namespace","value":"(default)"},{"attribute":"document","value":"chats/{chatId}/messages/{messageId}","operator":"match-path-pattern"}],"serviceAccountEmail":"833776742151-compute@developer.gserviceaccount.com","retryPolicy":"RETRY_POLICY_DO_NOT_RETRY"},"labels":{"deployment-tool":"cli-firebase","firebase-functions-hash":"6b3db7f88a3c63cdfb7f613ca4ffc1e6723651f4"},"environment":"GEN_2"},"stages":[{"name":"BUILD","message":"Build in progress","state":"IN_PROGRESS","resource":"projects/833776742151/locations/us-central1/builds/2fcaee57-6df2-47da-89cb-b568601a2b3e","resourceUri":"https://console.cloud.google.com/cloud-build/builds;region=us-central1/2fcaee57-6df2-47da-89cb-b568601a2b3e?project=833776742151"},{"name":"SERVICE","state":"NOT_STARTED"},{"name":"TRIGGER","state":"NOT_STARTED"}],"operationType":"CREATE_FUNCTION","buildName":"projects/833776742151/locations/us-central1/builds/2fcaee57-6df2-47da-89cb-b568601a2b3e"},"done":false}
[debug] [2026-09-09T16:56:52.596Z] [update-default-us-central1-get_time_from_server] Retrying task index 0
[debug] [2026-09-09T16:56:52.597Z] Checked if tokens are valid: true, expires at: 1788974279132
[debug] [2026-09-09T16:56:52.597Z] Checked if tokens are valid: true, expires at: 1788974279132
[debug] [2026-09-09T16:56:52.597Z] >>> [apiv2][query] GET https://cloudfunctions.googleapis.com/v2/projects/paklan-45c3c/locations/us-central1/operations/operation-1788972964887-65b0fba15badf-84146974-4c0f0664 [none]
[debug] [2026-09-09T16:56:52.665Z] [create-default-us-central1-send_message_notifications] Retrying task index 0
[debug] [2026-09-09T16:56:52.665Z] Checked if tokens are valid: true, expires at: 1788974279132
[debug] [2026-09-09T16:56:52.665Z] Checked if tokens are valid: true, expires at: 1788974279132
[debug] [2026-09-09T16:56:52.665Z] >>> [apiv2][query] GET https://cloudfunctions.googleapis.com/v2/projects/paklan-45c3c/locations/us-central1/operations/operation-1788972964819-65b0fba14b38c-1c33e652-4e60532e [none]
[debug] [2026-09-09T16:56:52.843Z] <<< [apiv2][status] GET https://cloudfunctions.googleapis.com/v2/projects/paklan-45c3c/locations/us-central1/operations/operation-1788972964887-65b0fba15badf-84146974-4c0f0664 200
[debug] [2026-09-09T16:56:52.843Z] <<< [apiv2][body] GET https://cloudfunctions.googleapis.com/v2/projects/paklan-45c3c/locations/us-central1/operations/operation-1788972964887-65b0fba15badf-84146974-4c0f0664 {"name":"projects/paklan-45c3c/locations/us-central1/operations/operation-1788972964887-65b0fba15badf-84146974-4c0f0664","metadata":{"@type":"type.googleapis.com/google.cloud.functions.v2.OperationMetadata","createTime":"2026-09-09T16:56:05.885633136Z","target":"projects/paklan-45c3c/locations/us-central1/functions/get_time_from_server","verb":"update","cancelRequested":false,"apiVersion":"v2","requestResource":{"@type":"type.googleapis.com/google.cloud.functions.v2.Function","name":"projects/paklan-45c3c/locations/us-central1/functions/get_time_from_server","buildConfig":{"runtime":"python313","entryPoint":"get_time_from_server","source":{"storageSource":{"bucket":"gcf-v2-sources-833776742151-us-central1","object":"get_time_from_server/function-source.zip","generation":"1788972965815779"}},"environmentVariables":{"GOOGLE_NODE_RUN_SCRIPTS":""},"dockerRepository":"projects/paklan-45c3c/locations/us-central1/repositories/gcf-artifacts","sourceProvenance":{"resolvedStorageSource":{"bucket":"gcf-v2-sources-833776742151-us-central1","object":"get_time_from_server/function-source.zip","generation":"1788970692696270"}},"dockerRegistry":"ARTIFACT_REGISTRY","serviceAccount":"projects/paklan-45c3c/serviceAccounts/833776742151-compute@developer.gserviceaccount.com","automaticUpdatePolicy":{}},"serviceConfig":{"service":"projects/paklan-45c3c/locations/us-central1/services/get-time-from-server","timeoutSeconds":60,"environmentVariables":{"FIREBASE_CONFIG":"{\"projectId\":\"paklan-45c3c\",\"storageBucket\":\"paklan-45c3c.firebasestorage.app\"}","GCLOUD_PROJECT":"paklan-45c3c","EVENTARC_CLOUD_EVENT_SOURCE":"projects/paklan-45c3c/locations/us-central1/services/get_time_from_server","FUNCTION_TARGET":"get_time_from_server","LOG_EXECUTION_ID":"true"},"maxInstanceCount":40,"ingressSettings":"ALLOW_ALL","uri":"https://get-time-from-server-ntcfxe6d7q-uc.a.run.app","serviceAccountEmail":"833776742151-compute@developer.gserviceaccount.com","availableMemory":"256Mi","allTrafficOnLatestRevision":true,"revision":"get-time-from-server-00038-nay","maxInstanceRequestConcurrency":80,"availableCpu":"1"},"state":"ACTIVE","labels":{"deployment-callable":"true","deployment-tool":"cli-firebase","firebase-functions-hash":"6b3db7f88a3c63cdfb7f613ca4ffc1e6723651f4"},"environment":"GEN_2","url":"https://us-central1-paklan-45c3c.cloudfunctions.net/get_time_from_server","satisfiesPzi":true},"stages":[{"name":"BUILD","message":"Build in progress","state":"IN_PROGRESS","resource":"projects/833776742151/locations/us-central1/builds/2e63a805-f4e4-48b8-9a31-9f973075d855","resourceUri":"https://console.cloud.google.com/cloud-build/builds;region=us-central1/2e63a805-f4e4-48b8-9a31-9f973075d855?project=833776742151"},{"name":"SERVICE","state":"NOT_STARTED"}],"operationType":"UPDATE_FUNCTION","buildName":"projects/833776742151/locations/us-central1/builds/2e63a805-f4e4-48b8-9a31-9f973075d855"},"done":false}
[debug] [2026-09-09T16:56:52.872Z] <<< [apiv2][status] GET https://cloudfunctions.googleapis.com/v2/projects/paklan-45c3c/locations/us-central1/operations/operation-1788972964819-65b0fba14b38c-1c33e652-4e60532e 200
[debug] [2026-09-09T16:56:52.872Z] <<< [apiv2][body] GET https://cloudfunctions.googleapis.com/v2/projects/paklan-45c3c/locations/us-central1/operations/operation-1788972964819-65b0fba14b38c-1c33e652-4e60532e {"name":"projects/paklan-45c3c/locations/us-central1/operations/operation-1788972964819-65b0fba14b38c-1c33e652-4e60532e","metadata":{"@type":"type.googleapis.com/google.cloud.functions.v2.OperationMetadata","createTime":"2026-09-09T16:56:05.547462480Z","target":"projects/paklan-45c3c/locations/us-central1/functions/send_message_notifications","verb":"create","cancelRequested":false,"apiVersion":"v2","requestResource":{"@type":"type.googleapis.com/google.cloud.functions.v2.Function","name":"projects/paklan-45c3c/locations/us-central1/functions/send_message_notifications","buildConfig":{"runtime":"python313","entryPoint":"send_message_notifications","source":{"storageSource":{"bucket":"gcf-v2-sources-833776742151-us-central1","object":"send_message_notifications/function-source.zip","generation":"1788972965116280"}},"environmentVariables":{"GOOGLE_NODE_RUN_SCRIPTS":""},"serviceAccount":"projects/paklan-45c3c/serviceAccounts/833776742151-compute@developer.gserviceaccount.com","automaticUpdatePolicy":{}},"serviceConfig":{"service":"projects/paklan-45c3c/locations/us-central1/services/send-message-notifications","timeoutSeconds":60,"environmentVariables":{"FIREBASE_CONFIG":"{\"projectId\":\"paklan-45c3c\",\"storageBucket\":\"paklan-45c3c.firebasestorage.app\"}","GCLOUD_PROJECT":"paklan-45c3c","EVENTARC_CLOUD_EVENT_SOURCE":"projects/paklan-45c3c/locations/us-central1/services/send_message_notifications","FUNCTION_SIGNATURE_TYPE":"cloudevent","FUNCTION_TARGET":"send_message_notifications","LOG_EXECUTION_ID":"true"},"maxInstanceCount":40,"ingressSettings":"ALLOW_ALL","serviceAccountEmail":"833776742151-compute@developer.gserviceaccount.com","availableMemory":"256Mi","maxInstanceRequestConcurrency":80,"availableCpu":"1"},"eventTrigger":{"trigger":"projects/paklan-45c3c/locations/northamerica-south1/triggers/send-message-notifications-595064","triggerRegion":"northamerica-south1","eventType":"google.cloud.firestore.document.v1.created","eventFilters":[{"attribute":"database","value":"(default)"},{"attribute":"namespace","value":"(default)"},{"attribute":"document","value":"chats/{chatId}/messages/{messageId}","operator":"match-path-pattern"}],"serviceAccountEmail":"833776742151-compute@developer.gserviceaccount.com","retryPolicy":"RETRY_POLICY_DO_NOT_RETRY"},"labels":{"deployment-tool":"cli-firebase","firebase-functions-hash":"6b3db7f88a3c63cdfb7f613ca4ffc1e6723651f4"},"environment":"GEN_2"},"stages":[{"name":"BUILD","message":"Build in progress","state":"IN_PROGRESS","resource":"projects/833776742151/locations/us-central1/builds/2fcaee57-6df2-47da-89cb-b568601a2b3e","resourceUri":"https://console.cloud.google.com/cloud-build/builds;region=us-central1/2fcaee57-6df2-47da-89cb-b568601a2b3e?project=833776742151"},{"name":"SERVICE","state":"NOT_STARTED"},{"name":"TRIGGER","state":"NOT_STARTED"}],"operationType":"CREATE_FUNCTION","buildName":"projects/833776742151/locations/us-central1/builds/2fcaee57-6df2-47da-89cb-b568601a2b3e"},"done":false}
[debug] [2026-09-09T16:57:02.844Z] [update-default-us-central1-get_time_from_server] Retrying task index 0
[debug] [2026-09-09T16:57:02.845Z] Checked if tokens are valid: true, expires at: 1788974279132
[debug] [2026-09-09T16:57:02.845Z] Checked if tokens are valid: true, expires at: 1788974279132
[debug] [2026-09-09T16:57:02.845Z] >>> [apiv2][query] GET https://cloudfunctions.googleapis.com/v2/projects/paklan-45c3c/locations/us-central1/operations/operation-1788972964887-65b0fba15badf-84146974-4c0f0664 [none]
[debug] [2026-09-09T16:57:02.873Z] [create-default-us-central1-send_message_notifications] Retrying task index 0
[debug] [2026-09-09T16:57:02.873Z] Checked if tokens are valid: true, expires at: 1788974279132
[debug] [2026-09-09T16:57:02.873Z] Checked if tokens are valid: true, expires at: 1788974279132
[debug] [2026-09-09T16:57:02.873Z] >>> [apiv2][query] GET https://cloudfunctions.googleapis.com/v2/projects/paklan-45c3c/locations/us-central1/operations/operation-1788972964819-65b0fba14b38c-1c33e652-4e60532e [none]
[debug] [2026-09-09T16:57:03.067Z] <<< [apiv2][status] GET https://cloudfunctions.googleapis.com/v2/projects/paklan-45c3c/locations/us-central1/operations/operation-1788972964887-65b0fba15badf-84146974-4c0f0664 200
[debug] [2026-09-09T16:57:03.067Z] <<< [apiv2][body] GET https://cloudfunctions.googleapis.com/v2/projects/paklan-45c3c/locations/us-central1/operations/operation-1788972964887-65b0fba15badf-84146974-4c0f0664 {"name":"projects/paklan-45c3c/locations/us-central1/operations/operation-1788972964887-65b0fba15badf-84146974-4c0f0664","metadata":{"@type":"type.googleapis.com/google.cloud.functions.v2.OperationMetadata","createTime":"2026-09-09T16:56:05.885633136Z","target":"projects/paklan-45c3c/locations/us-central1/functions/get_time_from_server","verb":"update","cancelRequested":false,"apiVersion":"v2","requestResource":{"@type":"type.googleapis.com/google.cloud.functions.v2.Function","name":"projects/paklan-45c3c/locations/us-central1/functions/get_time_from_server","buildConfig":{"runtime":"python313","entryPoint":"get_time_from_server","source":{"storageSource":{"bucket":"gcf-v2-sources-833776742151-us-central1","object":"get_time_from_server/function-source.zip","generation":"1788972965815779"}},"environmentVariables":{"GOOGLE_NODE_RUN_SCRIPTS":""},"dockerRepository":"projects/paklan-45c3c/locations/us-central1/repositories/gcf-artifacts","sourceProvenance":{"resolvedStorageSource":{"bucket":"gcf-v2-sources-833776742151-us-central1","object":"get_time_from_server/function-source.zip","generation":"1788970692696270"}},"dockerRegistry":"ARTIFACT_REGISTRY","serviceAccount":"projects/paklan-45c3c/serviceAccounts/833776742151-compute@developer.gserviceaccount.com","automaticUpdatePolicy":{}},"serviceConfig":{"service":"projects/paklan-45c3c/locations/us-central1/services/get-time-from-server","timeoutSeconds":60,"environmentVariables":{"FIREBASE_CONFIG":"{\"projectId\":\"paklan-45c3c\",\"storageBucket\":\"paklan-45c3c.firebasestorage.app\"}","GCLOUD_PROJECT":"paklan-45c3c","EVENTARC_CLOUD_EVENT_SOURCE":"projects/paklan-45c3c/locations/us-central1/services/get_time_from_server","FUNCTION_TARGET":"get_time_from_server","LOG_EXECUTION_ID":"true"},"maxInstanceCount":40,"ingressSettings":"ALLOW_ALL","uri":"https://get-time-from-server-ntcfxe6d7q-uc.a.run.app","serviceAccountEmail":"833776742151-compute@developer.gserviceaccount.com","availableMemory":"256Mi","allTrafficOnLatestRevision":true,"revision":"get-time-from-server-00038-nay","maxInstanceRequestConcurrency":80,"availableCpu":"1"},"state":"ACTIVE","labels":{"deployment-callable":"true","deployment-tool":"cli-firebase","firebase-functions-hash":"6b3db7f88a3c63cdfb7f613ca4ffc1e6723651f4"},"environment":"GEN_2","url":"https://us-central1-paklan-45c3c.cloudfunctions.net/get_time_from_server","satisfiesPzi":true},"stages":[{"name":"BUILD","message":"Build in progress","state":"IN_PROGRESS","resource":"projects/833776742151/locations/us-central1/builds/2e63a805-f4e4-48b8-9a31-9f973075d855","resourceUri":"https://console.cloud.google.com/cloud-build/builds;region=us-central1/2e63a805-f4e4-48b8-9a31-9f973075d855?project=833776742151"},{"name":"SERVICE","state":"NOT_STARTED"}],"operationType":"UPDATE_FUNCTION","buildName":"projects/833776742151/locations/us-central1/builds/2e63a805-f4e4-48b8-9a31-9f973075d855"},"done":false}
[debug] [2026-09-09T16:57:03.074Z] <<< [apiv2][status] GET https://cloudfunctions.googleapis.com/v2/projects/paklan-45c3c/locations/us-central1/operations/operation-1788972964819-65b0fba14b38c-1c33e652-4e60532e 200
[debug] [2026-09-09T16:57:03.074Z] <<< [apiv2][body] GET https://cloudfunctions.googleapis.com/v2/projects/paklan-45c3c/locations/us-central1/operations/operation-1788972964819-65b0fba14b38c-1c33e652-4e60532e {"name":"projects/paklan-45c3c/locations/us-central1/operations/operation-1788972964819-65b0fba14b38c-1c33e652-4e60532e","metadata":{"@type":"type.googleapis.com/google.cloud.functions.v2.OperationMetadata","createTime":"2026-09-09T16:56:05.547462480Z","target":"projects/paklan-45c3c/locations/us-central1/functions/send_message_notifications","verb":"create","cancelRequested":false,"apiVersion":"v2","requestResource":{"@type":"type.googleapis.com/google.cloud.functions.v2.Function","name":"projects/paklan-45c3c/locations/us-central1/functions/send_message_notifications","buildConfig":{"runtime":"python313","entryPoint":"send_message_notifications","source":{"storageSource":{"bucket":"gcf-v2-sources-833776742151-us-central1","object":"send_message_notifications/function-source.zip","generation":"1788972965116280"}},"environmentVariables":{"GOOGLE_NODE_RUN_SCRIPTS":""},"serviceAccount":"projects/paklan-45c3c/serviceAccounts/833776742151-compute@developer.gserviceaccount.com","automaticUpdatePolicy":{}},"serviceConfig":{"service":"projects/paklan-45c3c/locations/us-central1/services/send-message-notifications","timeoutSeconds":60,"environmentVariables":{"FIREBASE_CONFIG":"{\"projectId\":\"paklan-45c3c\",\"storageBucket\":\"paklan-45c3c.firebasestorage.app\"}","GCLOUD_PROJECT":"paklan-45c3c","EVENTARC_CLOUD_EVENT_SOURCE":"projects/paklan-45c3c/locations/us-central1/services/send_message_notifications","FUNCTION_SIGNATURE_TYPE":"cloudevent","FUNCTION_TARGET":"send_message_notifications","LOG_EXECUTION_ID":"true"},"maxInstanceCount":40,"ingressSettings":"ALLOW_ALL","serviceAccountEmail":"833776742151-compute@developer.gserviceaccount.com","availableMemory":"256Mi","maxInstanceRequestConcurrency":80,"availableCpu":"1"},"eventTrigger":{"trigger":"projects/paklan-45c3c/locations/northamerica-south1/triggers/send-message-notifications-595064","triggerRegion":"northamerica-south1","eventType":"google.cloud.firestore.document.v1.created","eventFilters":[{"attribute":"database","value":"(default)"},{"attribute":"namespace","value":"(default)"},{"attribute":"document","value":"chats/{chatId}/messages/{messageId}","operator":"match-path-pattern"}],"serviceAccountEmail":"833776742151-compute@developer.gserviceaccount.com","retryPolicy":"RETRY_POLICY_DO_NOT_RETRY"},"labels":{"deployment-tool":"cli-firebase","firebase-functions-hash":"6b3db7f88a3c63cdfb7f613ca4ffc1e6723651f4"},"environment":"GEN_2"},"stages":[{"name":"BUILD","message":"Build in progress","state":"IN_PROGRESS","resource":"projects/833776742151/locations/us-central1/builds/2fcaee57-6df2-47da-89cb-b568601a2b3e","resourceUri":"https://console.cloud.google.com/cloud-build/builds;region=us-central1/2fcaee57-6df2-47da-89cb-b568601a2b3e?project=833776742151"},{"name":"SERVICE","state":"NOT_STARTED"},{"name":"TRIGGER","state":"NOT_STARTED"}],"operationType":"CREATE_FUNCTION","buildName":"projects/833776742151/locations/us-central1/builds/2fcaee57-6df2-47da-89cb-b568601a2b3e"},"done":false}
[debug] [2026-09-09T16:57:13.068Z] [update-default-us-central1-get_time_from_server] Retrying task index 0
[debug] [2026-09-09T16:57:13.069Z] Checked if tokens are valid: true, expires at: 1788974279132
[debug] [2026-09-09T16:57:13.069Z] Checked if tokens are valid: true, expires at: 1788974279132
[debug] [2026-09-09T16:57:13.069Z] >>> [apiv2][query] GET https://cloudfunctions.googleapis.com/v2/projects/paklan-45c3c/locations/us-central1/operations/operation-1788972964887-65b0fba15badf-84146974-4c0f0664 [none]
[debug] [2026-09-09T16:57:13.074Z] [create-default-us-central1-send_message_notifications] Retrying task index 0
[debug] [2026-09-09T16:57:13.074Z] Checked if tokens are valid: true, expires at: 1788974279132
[debug] [2026-09-09T16:57:13.075Z] Checked if tokens are valid: true, expires at: 1788974279132
[debug] [2026-09-09T16:57:13.075Z] >>> [apiv2][query] GET https://cloudfunctions.googleapis.com/v2/projects/paklan-45c3c/locations/us-central1/operations/operation-1788972964819-65b0fba14b38c-1c33e652-4e60532e [none]
[debug] [2026-09-09T16:57:13.278Z] <<< [apiv2][status] GET https://cloudfunctions.googleapis.com/v2/projects/paklan-45c3c/locations/us-central1/operations/operation-1788972964887-65b0fba15badf-84146974-4c0f0664 200
[debug] [2026-09-09T16:57:13.278Z] <<< [apiv2][body] GET https://cloudfunctions.googleapis.com/v2/projects/paklan-45c3c/locations/us-central1/operations/operation-1788972964887-65b0fba15badf-84146974-4c0f0664 {"name":"projects/paklan-45c3c/locations/us-central1/operations/operation-1788972964887-65b0fba15badf-84146974-4c0f0664","metadata":{"@type":"type.googleapis.com/google.cloud.functions.v2.OperationMetadata","createTime":"2026-09-09T16:56:05.885633136Z","target":"projects/paklan-45c3c/locations/us-central1/functions/get_time_from_server","verb":"update","cancelRequested":false,"apiVersion":"v2","requestResource":{"@type":"type.googleapis.com/google.cloud.functions.v2.Function","name":"projects/paklan-45c3c/locations/us-central1/functions/get_time_from_server","buildConfig":{"runtime":"python313","entryPoint":"get_time_from_server","source":{"storageSource":{"bucket":"gcf-v2-sources-833776742151-us-central1","object":"get_time_from_server/function-source.zip","generation":"1788972965815779"}},"environmentVariables":{"GOOGLE_NODE_RUN_SCRIPTS":""},"dockerRepository":"projects/paklan-45c3c/locations/us-central1/repositories/gcf-artifacts","sourceProvenance":{"resolvedStorageSource":{"bucket":"gcf-v2-sources-833776742151-us-central1","object":"get_time_from_server/function-source.zip","generation":"1788970692696270"}},"dockerRegistry":"ARTIFACT_REGISTRY","serviceAccount":"projects/paklan-45c3c/serviceAccounts/833776742151-compute@developer.gserviceaccount.com","automaticUpdatePolicy":{}},"serviceConfig":{"service":"projects/paklan-45c3c/locations/us-central1/services/get-time-from-server","timeoutSeconds":60,"environmentVariables":{"FIREBASE_CONFIG":"{\"projectId\":\"paklan-45c3c\",\"storageBucket\":\"paklan-45c3c.firebasestorage.app\"}","GCLOUD_PROJECT":"paklan-45c3c","EVENTARC_CLOUD_EVENT_SOURCE":"projects/paklan-45c3c/locations/us-central1/services/get_time_from_server","FUNCTION_TARGET":"get_time_from_server","LOG_EXECUTION_ID":"true"},"maxInstanceCount":40,"ingressSettings":"ALLOW_ALL","uri":"https://get-time-from-server-ntcfxe6d7q-uc.a.run.app","serviceAccountEmail":"833776742151-compute@developer.gserviceaccount.com","availableMemory":"256Mi","allTrafficOnLatestRevision":true,"revision":"get-time-from-server-00038-nay","maxInstanceRequestConcurrency":80,"availableCpu":"1"},"state":"ACTIVE","labels":{"deployment-callable":"true","deployment-tool":"cli-firebase","firebase-functions-hash":"6b3db7f88a3c63cdfb7f613ca4ffc1e6723651f4"},"environment":"GEN_2","url":"https://us-central1-paklan-45c3c.cloudfunctions.net/get_time_from_server","satisfiesPzi":true},"stages":[{"name":"BUILD","message":"Build in progress","state":"IN_PROGRESS","resource":"projects/833776742151/locations/us-central1/builds/2e63a805-f4e4-48b8-9a31-9f973075d855","resourceUri":"https://console.cloud.google.com/cloud-build/builds;region=us-central1/2e63a805-f4e4-48b8-9a31-9f973075d855?project=833776742151"},{"name":"SERVICE","state":"NOT_STARTED"}],"operationType":"UPDATE_FUNCTION","buildName":"projects/833776742151/locations/us-central1/builds/2e63a805-f4e4-48b8-9a31-9f973075d855"},"done":false}
[debug] [2026-09-09T16:57:13.309Z] <<< [apiv2][status] GET https://cloudfunctions.googleapis.com/v2/projects/paklan-45c3c/locations/us-central1/operations/operation-1788972964819-65b0fba14b38c-1c33e652-4e60532e 200
[debug] [2026-09-09T16:57:13.309Z] <<< [apiv2][body] GET https://cloudfunctions.googleapis.com/v2/projects/paklan-45c3c/locations/us-central1/operations/operation-1788972964819-65b0fba14b38c-1c33e652-4e60532e {"name":"projects/paklan-45c3c/locations/us-central1/operations/operation-1788972964819-65b0fba14b38c-1c33e652-4e60532e","metadata":{"@type":"type.googleapis.com/google.cloud.functions.v2.OperationMetadata","createTime":"2026-09-09T16:56:05.547462480Z","target":"projects/paklan-45c3c/locations/us-central1/functions/send_message_notifications","verb":"create","cancelRequested":false,"apiVersion":"v2","requestResource":{"@type":"type.googleapis.com/google.cloud.functions.v2.Function","name":"projects/paklan-45c3c/locations/us-central1/functions/send_message_notifications","buildConfig":{"runtime":"python313","entryPoint":"send_message_notifications","source":{"storageSource":{"bucket":"gcf-v2-sources-833776742151-us-central1","object":"send_message_notifications/function-source.zip","generation":"1788972965116280"}},"environmentVariables":{"GOOGLE_NODE_RUN_SCRIPTS":""},"serviceAccount":"projects/paklan-45c3c/serviceAccounts/833776742151-compute@developer.gserviceaccount.com","automaticUpdatePolicy":{}},"serviceConfig":{"service":"projects/paklan-45c3c/locations/us-central1/services/send-message-notifications","timeoutSeconds":60,"environmentVariables":{"FIREBASE_CONFIG":"{\"projectId\":\"paklan-45c3c\",\"storageBucket\":\"paklan-45c3c.firebasestorage.app\"}","GCLOUD_PROJECT":"paklan-45c3c","EVENTARC_CLOUD_EVENT_SOURCE":"projects/paklan-45c3c/locations/us-central1/services/send_message_notifications","FUNCTION_SIGNATURE_TYPE":"cloudevent","FUNCTION_TARGET":"send_message_notifications","LOG_EXECUTION_ID":"true"},"maxInstanceCount":40,"ingressSettings":"ALLOW_ALL","serviceAccountEmail":"833776742151-compute@developer.gserviceaccount.com","availableMemory":"256Mi","maxInstanceRequestConcurrency":80,"availableCpu":"1"},"eventTrigger":{"trigger":"projects/paklan-45c3c/locations/northamerica-south1/triggers/send-message-notifications-595064","triggerRegion":"northamerica-south1","eventType":"google.cloud.firestore.document.v1.created","eventFilters":[{"attribute":"database","value":"(default)"},{"attribute":"namespace","value":"(default)"},{"attribute":"document","value":"chats/{chatId}/messages/{messageId}","operator":"match-path-pattern"}],"serviceAccountEmail":"833776742151-compute@developer.gserviceaccount.com","retryPolicy":"RETRY_POLICY_DO_NOT_RETRY"},"labels":{"deployment-tool":"cli-firebase","firebase-functions-hash":"6b3db7f88a3c63cdfb7f613ca4ffc1e6723651f4"},"environment":"GEN_2"},"stages":[{"name":"BUILD","message":"Build in progress","state":"IN_PROGRESS","resource":"projects/833776742151/locations/us-central1/builds/2fcaee57-6df2-47da-89cb-b568601a2b3e","resourceUri":"https://console.cloud.google.com/cloud-build/builds;region=us-central1/2fcaee57-6df2-47da-89cb-b568601a2b3e?project=833776742151"},{"name":"SERVICE","state":"NOT_STARTED"},{"name":"TRIGGER","state":"NOT_STARTED"}],"operationType":"CREATE_FUNCTION","buildName":"projects/833776742151/locations/us-central1/builds/2fcaee57-6df2-47da-89cb-b568601a2b3e"},"done":false}
[debug] [2026-09-09T16:57:23.279Z] [update-default-us-central1-get_time_from_server] Retrying task index 0
[debug] [2026-09-09T16:57:23.280Z] Checked if tokens are valid: true, expires at: 1788974279132
[debug] [2026-09-09T16:57:23.280Z] Checked if tokens are valid: true, expires at: 1788974279132
[debug] [2026-09-09T16:57:23.280Z] >>> [apiv2][query] GET https://cloudfunctions.googleapis.com/v2/projects/paklan-45c3c/locations/us-central1/operations/operation-1788972964887-65b0fba15badf-84146974-4c0f0664 [none]
[debug] [2026-09-09T16:57:23.310Z] [create-default-us-central1-send_message_notifications] Retrying task index 0
[debug] [2026-09-09T16:57:23.311Z] Checked if tokens are valid: true, expires at: 1788974279132
[debug] [2026-09-09T16:57:23.311Z] Checked if tokens are valid: true, expires at: 1788974279132
[debug] [2026-09-09T16:57:23.311Z] >>> [apiv2][query] GET https://cloudfunctions.googleapis.com/v2/projects/paklan-45c3c/locations/us-central1/operations/operation-1788972964819-65b0fba14b38c-1c33e652-4e60532e [none]
[debug] [2026-09-09T16:57:23.526Z] <<< [apiv2][status] GET https://cloudfunctions.googleapis.com/v2/projects/paklan-45c3c/locations/us-central1/operations/operation-1788972964887-65b0fba15badf-84146974-4c0f0664 200
[debug] [2026-09-09T16:57:23.527Z] <<< [apiv2][body] GET https://cloudfunctions.googleapis.com/v2/projects/paklan-45c3c/locations/us-central1/operations/operation-1788972964887-65b0fba15badf-84146974-4c0f0664 {"name":"projects/paklan-45c3c/locations/us-central1/operations/operation-1788972964887-65b0fba15badf-84146974-4c0f0664","metadata":{"@type":"type.googleapis.com/google.cloud.functions.v2.OperationMetadata","createTime":"2026-09-09T16:56:05.885633136Z","target":"projects/paklan-45c3c/locations/us-central1/functions/get_time_from_server","verb":"update","cancelRequested":false,"apiVersion":"v2","requestResource":{"@type":"type.googleapis.com/google.cloud.functions.v2.Function","name":"projects/paklan-45c3c/locations/us-central1/functions/get_time_from_server","buildConfig":{"runtime":"python313","entryPoint":"get_time_from_server","source":{"storageSource":{"bucket":"gcf-v2-sources-833776742151-us-central1","object":"get_time_from_server/function-source.zip","generation":"1788972965815779"}},"environmentVariables":{"GOOGLE_NODE_RUN_SCRIPTS":""},"dockerRepository":"projects/paklan-45c3c/locations/us-central1/repositories/gcf-artifacts","sourceProvenance":{"resolvedStorageSource":{"bucket":"gcf-v2-sources-833776742151-us-central1","object":"get_time_from_server/function-source.zip","generation":"1788970692696270"}},"dockerRegistry":"ARTIFACT_REGISTRY","serviceAccount":"projects/paklan-45c3c/serviceAccounts/833776742151-compute@developer.gserviceaccount.com","automaticUpdatePolicy":{}},"serviceConfig":{"service":"projects/paklan-45c3c/locations/us-central1/services/get-time-from-server","timeoutSeconds":60,"environmentVariables":{"FIREBASE_CONFIG":"{\"projectId\":\"paklan-45c3c\",\"storageBucket\":\"paklan-45c3c.firebasestorage.app\"}","GCLOUD_PROJECT":"paklan-45c3c","EVENTARC_CLOUD_EVENT_SOURCE":"projects/paklan-45c3c/locations/us-central1/services/get_time_from_server","FUNCTION_TARGET":"get_time_from_server","LOG_EXECUTION_ID":"true"},"maxInstanceCount":40,"ingressSettings":"ALLOW_ALL","uri":"https://get-time-from-server-ntcfxe6d7q-uc.a.run.app","serviceAccountEmail":"833776742151-compute@developer.gserviceaccount.com","availableMemory":"256Mi","allTrafficOnLatestRevision":true,"revision":"get-time-from-server-00038-nay","maxInstanceRequestConcurrency":80,"availableCpu":"1"},"state":"ACTIVE","labels":{"deployment-callable":"true","deployment-tool":"cli-firebase","firebase-functions-hash":"6b3db7f88a3c63cdfb7f613ca4ffc1e6723651f4"},"environment":"GEN_2","url":"https://us-central1-paklan-45c3c.cloudfunctions.net/get_time_from_server","satisfiesPzi":true},"stages":[{"name":"BUILD","message":"Build finished","state":"COMPLETE","resource":"projects/833776742151/locations/us-central1/builds/2e63a805-f4e4-48b8-9a31-9f973075d855","resourceUri":"https://console.cloud.google.com/cloud-build/builds;region=us-central1/2e63a805-f4e4-48b8-9a31-9f973075d855?project=833776742151"},{"name":"SERVICE","message":"Updating Cloud Run service","state":"IN_PROGRESS","resource":"projects/paklan-45c3c/locations/us-central1/services/get-time-from-server","resourceUri":"https://console.cloud.google.com/run/detail/us-central1/get-time-from-server?project=paklan-45c3c","stateMessages":[{"severity":"INFO","type":"CloudRunServiceNewRevisionTrafficInfo","message":"A new revision will be deployed serving with 100% traffic."}]}],"sourceToken":"Cldwcm9qZWN0cy84MzM3NzY3NDIxNTEvbG9jYXRpb25zL3VzLWNlbnRyYWwxL2J1aWxkcy8yZTYzYTgwNS1mNGU0LTQ4YjgtOWEzMS05Zjk3MzA3NWQ4NTUSdHVzLWNlbnRyYWwxLWRvY2tlci5wa2cuZGV2L3Bha2xhbi00NWMzYy9nY2YtYXJ0aWZhY3RzL3Bha2xhbi0tNDVjM2NfX3VzLS1jZW50cmFsMV9fZ2V0X190aW1lX19mcm9tX19zZXJ2ZXI6dmVyc2lvbl8xGIfe3YeiGCJKcHJvamVjdHMvcGFrbGFuLTQ1YzNjL2xvY2F0aW9ucy91cy1jZW50cmFsMS9mdW5jdGlvbnMvZ2V0X3RpbWVfZnJvbV9zZXJ2ZXIqDAjun4bVBhDggPiGAjIJcHl0aG9uMzEzOngKJGdjci5pby9nYWUtcnVudGltZXMvcHl0aG9uMzEzOnN0YWJsZRJQdXMtY2VudHJhbDEtZG9ja2VyLnBrZy5kZXYvc2VydmVybGVzcy1ydW50aW1lcy9nb29nbGUtMjItZnVsbC9ydW50aW1lcy9weXRob24zMTNAAQ==","operationType":"UPDATE_FUNCTION","buildName":"projects/833776742151/locations/us-central1/builds/2e63a805-f4e4-48b8-9a31-9f973075d855"},"done":false}
[debug] [2026-09-09T16:57:23.528Z] Got source token Cldwcm9qZWN0cy84MzM3NzY3NDIxNTEvbG9jYXRpb25zL3VzLWNlbnRyYWwxL2J1aWxkcy8yZTYzYTgwNS1mNGU0LTQ4YjgtOWEzMS05Zjk3MzA3NWQ4NTUSdHVzLWNlbnRyYWwxLWRvY2tlci5wa2cuZGV2L3Bha2xhbi00NWMzYy9nY2YtYXJ0aWZhY3RzL3Bha2xhbi0tNDVjM2NfX3VzLS1jZW50cmFsMV9fZ2V0X190aW1lX19mcm9tX19zZXJ2ZXI6dmVyc2lvbl8xGIfe3YeiGCJKcHJvamVjdHMvcGFrbGFuLTQ1YzNjL2xvY2F0aW9ucy91cy1jZW50cmFsMS9mdW5jdGlvbnMvZ2V0X3RpbWVfZnJvbV9zZXJ2ZXIqDAjun4bVBhDggPiGAjIJcHl0aG9uMzEzOngKJGdjci5pby9nYWUtcnVudGltZXMvcHl0aG9uMzEzOnN0YWJsZRJQdXMtY2VudHJhbDEtZG9ja2VyLnBrZy5kZXYvc2VydmVybGVzcy1ydW50aW1lcy9nb29nbGUtMjItZnVsbC9ydW50aW1lcy9weXRob24zMTNAAQ== for region us-central1
[debug] [2026-09-09T16:57:23.611Z] <<< [apiv2][status] GET https://cloudfunctions.googleapis.com/v2/projects/paklan-45c3c/locations/us-central1/operations/operation-1788972964819-65b0fba14b38c-1c33e652-4e60532e 200
[debug] [2026-09-09T16:57:23.611Z] <<< [apiv2][body] GET https://cloudfunctions.googleapis.com/v2/projects/paklan-45c3c/locations/us-central1/operations/operation-1788972964819-65b0fba14b38c-1c33e652-4e60532e {"name":"projects/paklan-45c3c/locations/us-central1/operations/operation-1788972964819-65b0fba14b38c-1c33e652-4e60532e","metadata":{"@type":"type.googleapis.com/google.cloud.functions.v2.OperationMetadata","createTime":"2026-09-09T16:56:05.547462480Z","target":"projects/paklan-45c3c/locations/us-central1/functions/send_message_notifications","verb":"create","cancelRequested":false,"apiVersion":"v2","requestResource":{"@type":"type.googleapis.com/google.cloud.functions.v2.Function","name":"projects/paklan-45c3c/locations/us-central1/functions/send_message_notifications","buildConfig":{"runtime":"python313","entryPoint":"send_message_notifications","source":{"storageSource":{"bucket":"gcf-v2-sources-833776742151-us-central1","object":"send_message_notifications/function-source.zip","generation":"1788972965116280"}},"environmentVariables":{"GOOGLE_NODE_RUN_SCRIPTS":""},"serviceAccount":"projects/paklan-45c3c/serviceAccounts/833776742151-compute@developer.gserviceaccount.com","automaticUpdatePolicy":{}},"serviceConfig":{"service":"projects/paklan-45c3c/locations/us-central1/services/send-message-notifications","timeoutSeconds":60,"environmentVariables":{"FIREBASE_CONFIG":"{\"projectId\":\"paklan-45c3c\",\"storageBucket\":\"paklan-45c3c.firebasestorage.app\"}","GCLOUD_PROJECT":"paklan-45c3c","EVENTARC_CLOUD_EVENT_SOURCE":"projects/paklan-45c3c/locations/us-central1/services/send_message_notifications","FUNCTION_SIGNATURE_TYPE":"cloudevent","FUNCTION_TARGET":"send_message_notifications","LOG_EXECUTION_ID":"true"},"maxInstanceCount":40,"ingressSettings":"ALLOW_ALL","serviceAccountEmail":"833776742151-compute@developer.gserviceaccount.com","availableMemory":"256Mi","maxInstanceRequestConcurrency":80,"availableCpu":"1"},"eventTrigger":{"trigger":"projects/paklan-45c3c/locations/northamerica-south1/triggers/send-message-notifications-595064","triggerRegion":"northamerica-south1","eventType":"google.cloud.firestore.document.v1.created","eventFilters":[{"attribute":"database","value":"(default)"},{"attribute":"namespace","value":"(default)"},{"attribute":"document","value":"chats/{chatId}/messages/{messageId}","operator":"match-path-pattern"}],"serviceAccountEmail":"833776742151-compute@developer.gserviceaccount.com","retryPolicy":"RETRY_POLICY_DO_NOT_RETRY"},"labels":{"deployment-tool":"cli-firebase","firebase-functions-hash":"6b3db7f88a3c63cdfb7f613ca4ffc1e6723651f4"},"environment":"GEN_2"},"stages":[{"name":"BUILD","message":"Build finished","state":"COMPLETE","resource":"projects/833776742151/locations/us-central1/builds/2fcaee57-6df2-47da-89cb-b568601a2b3e","resourceUri":"https://console.cloud.google.com/cloud-build/builds;region=us-central1/2fcaee57-6df2-47da-89cb-b568601a2b3e?project=833776742151"},{"name":"SERVICE","message":"Creating Cloud Run service","state":"IN_PROGRESS","resource":"projects/paklan-45c3c/locations/us-central1/services/send-message-notifications","resourceUri":"https://console.cloud.google.com/run/detail/us-central1/send-message-notifications?project=paklan-45c3c"},{"name":"TRIGGER","state":"NOT_STARTED"}],"sourceToken":"Cldwcm9qZWN0cy84MzM3NzY3NDIxNTEvbG9jYXRpb25zL3VzLWNlbnRyYWwxL2J1aWxkcy8yZmNhZWU1Ny02ZGYyLTQ3ZGEtODljYi1iNTY4NjAxYTJiM2USeXVzLWNlbnRyYWwxLWRvY2tlci5wa2cuZGV2L3Bha2xhbi00NWMzYy9nY2YtYXJ0aWZhY3RzL3Bha2xhbi0tNDVjM2NfX3VzLS1jZW50cmFsMV9fc2VuZF9fbWVzc2FnZV9fbm90aWZpY2F0aW9uczp2ZXJzaW9uXzEYh97dh6IYIlBwcm9qZWN0cy9wYWtsYW4tNDVjM2MvbG9jYXRpb25zL3VzLWNlbnRyYWwxL2Z1bmN0aW9ucy9zZW5kX21lc3NhZ2Vfbm90aWZpY2F0aW9ucyoLCOqfhtUGEMjr2TUyCXB5dGhvbjMxMzp4CiRnY3IuaW8vZ2FlLXJ1bnRpbWVzL3B5dGhvbjMxMzpzdGFibGUSUHVzLWNlbnRyYWwxLWRvY2tlci5wa2cuZGV2L3NlcnZlcmxlc3MtcnVudGltZXMvZ29vZ2xlLTIyLWZ1bGwvcnVudGltZXMvcHl0aG9uMzEzQAE=","operationType":"CREATE_FUNCTION","buildName":"projects/833776742151/locations/us-central1/builds/2fcaee57-6df2-47da-89cb-b568601a2b3e"},"done":false}
[debug] [2026-09-09T16:57:23.611Z] Got source token Cldwcm9qZWN0cy84MzM3NzY3NDIxNTEvbG9jYXRpb25zL3VzLWNlbnRyYWwxL2J1aWxkcy8yZmNhZWU1Ny02ZGYyLTQ3ZGEtODljYi1iNTY4NjAxYTJiM2USeXVzLWNlbnRyYWwxLWRvY2tlci5wa2cuZGV2L3Bha2xhbi00NWMzYy9nY2YtYXJ0aWZhY3RzL3Bha2xhbi0tNDVjM2NfX3VzLS1jZW50cmFsMV9fc2VuZF9fbWVzc2FnZV9fbm90aWZpY2F0aW9uczp2ZXJzaW9uXzEYh97dh6IYIlBwcm9qZWN0cy9wYWtsYW4tNDVjM2MvbG9jYXRpb25zL3VzLWNlbnRyYWwxL2Z1bmN0aW9ucy9zZW5kX21lc3NhZ2Vfbm90aWZpY2F0aW9ucyoLCOqfhtUGEMjr2TUyCXB5dGhvbjMxMzp4CiRnY3IuaW8vZ2FlLXJ1bnRpbWVzL3B5dGhvbjMxMzpzdGFibGUSUHVzLWNlbnRyYWwxLWRvY2tlci5wa2cuZGV2L3NlcnZlcmxlc3MtcnVudGltZXMvZ29vZ2xlLTIyLWZ1bGwvcnVudGltZXMvcHl0aG9uMzEzQAE= for region us-central1
[debug] [2026-09-09T16:57:23.612Z] Checked if tokens are valid: true, expires at: 1788974279132
[debug] [2026-09-09T16:57:23.612Z] Checked if tokens are valid: true, expires at: 1788974279132
[debug] [2026-09-09T16:57:23.612Z] Checked if tokens are valid: true, expires at: 1788974279132
[debug] [2026-09-09T16:57:23.612Z] Checked if tokens are valid: true, expires at: 1788974279132
[debug] [2026-09-09T16:57:23.612Z] Checked if tokens are valid: true, expires at: 1788974279132
[debug] [2026-09-09T16:57:23.612Z] Checked if tokens are valid: true, expires at: 1788974279132
[debug] [2026-09-09T16:57:23.612Z] Checked if tokens are valid: true, expires at: 1788974279132
[debug] [2026-09-09T16:57:23.612Z] Checked if tokens are valid: true, expires at: 1788974279132
[debug] [2026-09-09T16:57:23.612Z] Checked if tokens are valid: true, expires at: 1788974279132
[debug] [2026-09-09T16:57:23.612Z] Checked if tokens are valid: true, expires at: 1788974279132
[debug] [2026-09-09T16:57:23.612Z] >>> [apiv2][query] PATCH https://cloudfunctions.googleapis.com/v2/projects/paklan-45c3c/locations/us-central1/functions/create_connect_account updateMask=name%2CbuildConfig.runtime%2CbuildConfig.entryPoint%2CbuildConfig.source.storageSource.bucket%2CbuildConfig.source.storageSource.object%2CbuildConfig.environmentVariables%2CbuildConfig.sourceToken%2CserviceConfig.environmentVariables%2CserviceConfig.secretEnvironmentVariables%2CserviceConfig.ingressSettings%2CserviceConfig.timeoutSeconds%2CserviceConfig.serviceAccountEmail%2CserviceConfig.availableMemory%2CserviceConfig.minInstanceCount%2CserviceConfig.maxInstanceCount%2CserviceConfig.maxInstanceRequestConcurrency%2CserviceConfig.availableCpu%2Clabels
[debug] [2026-09-09T16:57:23.612Z] >>> [apiv2][body] PATCH https://cloudfunctions.googleapis.com/v2/projects/paklan-45c3c/locations/us-central1/functions/create_connect_account {"name":"projects/paklan-45c3c/locations/us-central1/functions/create_connect_account","buildConfig":{"runtime":"python313","entryPoint":"create_connect_account","source":{"storageSource":{"bucket":"gcf-v2-uploads-833776742151.us-central1.cloudfunctions.appspot.com","object":"766bdb15-f28d-48a3-8efd-34490e08aa1c.zip"}},"environmentVariables":{"GOOGLE_NODE_RUN_SCRIPTS":""},"sourceToken":"Cldwcm9qZWN0cy84MzM3NzY3NDIxNTEvbG9jYXRpb25zL3VzLWNlbnRyYWwxL2J1aWxkcy8yZmNhZWU1Ny02ZGYyLTQ3ZGEtODljYi1iNTY4NjAxYTJiM2USeXVzLWNlbnRyYWwxLWRvY2tlci5wa2cuZGV2L3Bha2xhbi00NWMzYy9nY2YtYXJ0aWZhY3RzL3Bha2xhbi0tNDVjM2NfX3VzLS1jZW50cmFsMV9fc2VuZF9fbWVzc2FnZV9fbm90aWZpY2F0aW9uczp2ZXJzaW9uXzEYh97dh6IYIlBwcm9qZWN0cy9wYWtsYW4tNDVjM2MvbG9jYXRpb25zL3VzLWNlbnRyYWwxL2Z1bmN0aW9ucy9zZW5kX21lc3NhZ2Vfbm90aWZpY2F0aW9ucyoLCOqfhtUGEMjr2TUyCXB5dGhvbjMxMzp4CiRnY3IuaW8vZ2FlLXJ1bnRpbWVzL3B5dGhvbjMxMzpzdGFibGUSUHVzLWNlbnRyYWwxLWRvY2tlci5wa2cuZGV2L3NlcnZlcmxlc3MtcnVudGltZXMvZ29vZ2xlLTIyLWZ1bGwvcnVudGltZXMvcHl0aG9uMzEzQAE="},"serviceConfig":{"environmentVariables":{"FIREBASE_CONFIG":"{\"projectId\":\"paklan-45c3c\",\"storageBucket\":\"paklan-45c3c.firebasestorage.app\"}","GCLOUD_PROJECT":"paklan-45c3c","EVENTARC_CLOUD_EVENT_SOURCE":"projects/paklan-45c3c/locations/us-central1/services/create_connect_account","FUNCTION_TARGET":"create_connect_account","LOG_EXECUTION_ID":"true"},"secretEnvironmentVariables":[{"key":"STRIPE_SECRET_JSON","secret":"STRIPE_SECRET_JSON","projectId":"paklan-45c3c","version":"2"}],"ingressSettings":null,"timeoutSeconds":null,"serviceAccountEmail":null,"availableMemory":"256Mi","minInstanceCount":null,"maxInstanceCount":null,"maxInstanceRequestConcurrency":80,"availableCpu":"1"},"labels":{"deployment-tool":"cli-firebase","firebase-functions-hash":"8726483970547ebb56a18dd10dc04c5958b9e046"}}
[debug] [2026-09-09T16:57:23.613Z] >>> [apiv2][query] PATCH https://cloudfunctions.googleapis.com/v2/projects/paklan-45c3c/locations/us-central1/functions/send_reminder updateMask=name%2CbuildConfig.runtime%2CbuildConfig.entryPoint%2CbuildConfig.source.storageSource.bucket%2CbuildConfig.source.storageSource.object%2CbuildConfig.environmentVariables%2CbuildConfig.sourceToken%2CserviceConfig.environmentVariables%2CserviceConfig.secretEnvironmentVariables%2CserviceConfig.ingressSettings%2CserviceConfig.timeoutSeconds%2CserviceConfig.serviceAccountEmail%2CserviceConfig.availableMemory%2CserviceConfig.minInstanceCount%2CserviceConfig.maxInstanceCount%2CserviceConfig.maxInstanceRequestConcurrency%2CserviceConfig.availableCpu%2Clabels
[debug] [2026-09-09T16:57:23.613Z] >>> [apiv2][body] PATCH https://cloudfunctions.googleapis.com/v2/projects/paklan-45c3c/locations/us-central1/functions/send_reminder {"name":"projects/paklan-45c3c/locations/us-central1/functions/send_reminder","buildConfig":{"runtime":"python313","entryPoint":"send_reminder","source":{"storageSource":{"bucket":"gcf-v2-uploads-833776742151.us-central1.cloudfunctions.appspot.com","object":"766bdb15-f28d-48a3-8efd-34490e08aa1c.zip"}},"environmentVariables":{"GOOGLE_NODE_RUN_SCRIPTS":""},"sourceToken":"Cldwcm9qZWN0cy84MzM3NzY3NDIxNTEvbG9jYXRpb25zL3VzLWNlbnRyYWwxL2J1aWxkcy8yZmNhZWU1Ny02ZGYyLTQ3ZGEtODljYi1iNTY4NjAxYTJiM2USeXVzLWNlbnRyYWwxLWRvY2tlci5wa2cuZGV2L3Bha2xhbi00NWMzYy9nY2YtYXJ0aWZhY3RzL3Bha2xhbi0tNDVjM2NfX3VzLS1jZW50cmFsMV9fc2VuZF9fbWVzc2FnZV9fbm90aWZpY2F0aW9uczp2ZXJzaW9uXzEYh97dh6IYIlBwcm9qZWN0cy9wYWtsYW4tNDVjM2MvbG9jYXRpb25zL3VzLWNlbnRyYWwxL2Z1bmN0aW9ucy9zZW5kX21lc3NhZ2Vfbm90aWZpY2F0aW9ucyoLCOqfhtUGEMjr2TUyCXB5dGhvbjMxMzp4CiRnY3IuaW8vZ2FlLXJ1bnRpbWVzL3B5dGhvbjMxMzpzdGFibGUSUHVzLWNlbnRyYWwxLWRvY2tlci5wa2cuZGV2L3NlcnZlcmxlc3MtcnVudGltZXMvZ29vZ2xlLTIyLWZ1bGwvcnVudGltZXMvcHl0aG9uMzEzQAE="},"serviceConfig":{"environmentVariables":{"FIREBASE_CONFIG":"{\"projectId\":\"paklan-45c3c\",\"storageBucket\":\"paklan-45c3c.firebasestorage.app\"}","GCLOUD_PROJECT":"paklan-45c3c","EVENTARC_CLOUD_EVENT_SOURCE":"projects/paklan-45c3c/locations/us-central1/services/send_reminder","FUNCTION_TARGET":"send_reminder","LOG_EXECUTION_ID":"true","FUNCTION_SIGNATURE_TYPE":"http"},"secretEnvironmentVariables":[],"ingressSettings":null,"timeoutSeconds":null,"serviceAccountEmail":null,"availableMemory":"256Mi","minInstanceCount":null,"maxInstanceCount":null,"maxInstanceRequestConcurrency":80,"availableCpu":"1"},"labels":{"deployment-tool":"cli-firebase","deployment-scheduled":"true","firebase-functions-hash":"6b3db7f88a3c63cdfb7f613ca4ffc1e6723651f4"}}
[debug] [2026-09-09T16:57:23.613Z] >>> [apiv2][query] PATCH https://cloudfunctions.googleapis.com/v2/projects/paklan-45c3c/locations/us-central1/functions/send_reminder_days updateMask=name%2CbuildConfig.runtime%2CbuildConfig.entryPoint%2CbuildConfig.source.storageSource.bucket%2CbuildConfig.source.storageSource.object%2CbuildConfig.environmentVariables%2CbuildConfig.sourceToken%2CserviceConfig.environmentVariables%2CserviceConfig.secretEnvironmentVariables%2CserviceConfig.ingressSettings%2CserviceConfig.timeoutSeconds%2CserviceConfig.serviceAccountEmail%2CserviceConfig.availableMemory%2CserviceConfig.minInstanceCount%2CserviceConfig.maxInstanceCount%2CserviceConfig.maxInstanceRequestConcurrency%2CserviceConfig.availableCpu%2Clabels
[debug] [2026-09-09T16:57:23.613Z] >>> [apiv2][body] PATCH https://cloudfunctions.googleapis.com/v2/projects/paklan-45c3c/locations/us-central1/functions/send_reminder_days {"name":"projects/paklan-45c3c/locations/us-central1/functions/send_reminder_days","buildConfig":{"runtime":"python313","entryPoint":"send_reminder_days","source":{"storageSource":{"bucket":"gcf-v2-uploads-833776742151.us-central1.cloudfunctions.appspot.com","object":"766bdb15-f28d-48a3-8efd-34490e08aa1c.zip"}},"environmentVariables":{"GOOGLE_NODE_RUN_SCRIPTS":""},"sourceToken":"Cldwcm9qZWN0cy84MzM3NzY3NDIxNTEvbG9jYXRpb25zL3VzLWNlbnRyYWwxL2J1aWxkcy8yZmNhZWU1Ny02ZGYyLTQ3ZGEtODljYi1iNTY4NjAxYTJiM2USeXVzLWNlbnRyYWwxLWRvY2tlci5wa2cuZGV2L3Bha2xhbi00NWMzYy9nY2YtYXJ0aWZhY3RzL3Bha2xhbi0tNDVjM2NfX3VzLS1jZW50cmFsMV9fc2VuZF9fbWVzc2FnZV9fbm90aWZpY2F0aW9uczp2ZXJzaW9uXzEYh97dh6IYIlBwcm9qZWN0cy9wYWtsYW4tNDVjM2MvbG9jYXRpb25zL3VzLWNlbnRyYWwxL2Z1bmN0aW9ucy9zZW5kX21lc3NhZ2Vfbm90aWZpY2F0aW9ucyoLCOqfhtUGEMjr2TUyCXB5dGhvbjMxMzp4CiRnY3IuaW8vZ2FlLXJ1bnRpbWVzL3B5dGhvbjMxMzpzdGFibGUSUHVzLWNlbnRyYWwxLWRvY2tlci5wa2cuZGV2L3NlcnZlcmxlc3MtcnVudGltZXMvZ29vZ2xlLTIyLWZ1bGwvcnVudGltZXMvcHl0aG9uMzEzQAE="},"serviceConfig":{"environmentVariables":{"FIREBASE_CONFIG":"{\"projectId\":\"paklan-45c3c\",\"storageBucket\":\"paklan-45c3c.firebasestorage.app\"}","GCLOUD_PROJECT":"paklan-45c3c","EVENTARC_CLOUD_EVENT_SOURCE":"projects/paklan-45c3c/locations/us-central1/services/send_reminder_days","FUNCTION_TARGET":"send_reminder_days","LOG_EXECUTION_ID":"true","FUNCTION_SIGNATURE_TYPE":"http"},"secretEnvironmentVariables":[],"ingressSettings":null,"timeoutSeconds":null,"serviceAccountEmail":null,"availableMemory":"256Mi","minInstanceCount":null,"maxInstanceCount":null,"maxInstanceRequestConcurrency":80,"availableCpu":"1"},"labels":{"deployment-tool":"cli-firebase","deployment-scheduled":"true","firebase-functions-hash":"6b3db7f88a3c63cdfb7f613ca4ffc1e6723651f4"}}
[debug] [2026-09-09T16:57:23.614Z] >>> [apiv2][query] PATCH https://cloudfunctions.googleapis.com/v2/projects/paklan-45c3c/locations/us-central1/functions/update_remaining_hours updateMask=name%2CbuildConfig.runtime%2CbuildConfig.entryPoint%2CbuildConfig.source.storageSource.bucket%2CbuildConfig.source.storageSource.object%2CbuildConfig.environmentVariables%2CbuildConfig.sourceToken%2CserviceConfig.environmentVariables%2CserviceConfig.secretEnvironmentVariables%2CserviceConfig.ingressSettings%2CserviceConfig.timeoutSeconds%2CserviceConfig.serviceAccountEmail%2CserviceConfig.availableMemory%2CserviceConfig.minInstanceCount%2CserviceConfig.maxInstanceCount%2CserviceConfig.maxInstanceRequestConcurrency%2CserviceConfig.availableCpu%2Clabels
[debug] [2026-09-09T16:57:23.614Z] >>> [apiv2][body] PATCH https://cloudfunctions.googleapis.com/v2/projects/paklan-45c3c/locations/us-central1/functions/update_remaining_hours {"name":"projects/paklan-45c3c/locations/us-central1/functions/update_remaining_hours","buildConfig":{"runtime":"python313","entryPoint":"update_remaining_hours","source":{"storageSource":{"bucket":"gcf-v2-uploads-833776742151.us-central1.cloudfunctions.appspot.com","object":"766bdb15-f28d-48a3-8efd-34490e08aa1c.zip"}},"environmentVariables":{"GOOGLE_NODE_RUN_SCRIPTS":""},"sourceToken":"Cldwcm9qZWN0cy84MzM3NzY3NDIxNTEvbG9jYXRpb25zL3VzLWNlbnRyYWwxL2J1aWxkcy8yZmNhZWU1Ny02ZGYyLTQ3ZGEtODljYi1iNTY4NjAxYTJiM2USeXVzLWNlbnRyYWwxLWRvY2tlci5wa2cuZGV2L3Bha2xhbi00NWMzYy9nY2YtYXJ0aWZhY3RzL3Bha2xhbi0tNDVjM2NfX3VzLS1jZW50cmFsMV9fc2VuZF9fbWVzc2FnZV9fbm90aWZpY2F0aW9uczp2ZXJzaW9uXzEYh97dh6IYIlBwcm9qZWN0cy9wYWtsYW4tNDVjM2MvbG9jYXRpb25zL3VzLWNlbnRyYWwxL2Z1bmN0aW9ucy9zZW5kX21lc3NhZ2Vfbm90aWZpY2F0aW9ucyoLCOqfhtUGEMjr2TUyCXB5dGhvbjMxMzp4CiRnY3IuaW8vZ2FlLXJ1bnRpbWVzL3B5dGhvbjMxMzpzdGFibGUSUHVzLWNlbnRyYWwxLWRvY2tlci5wa2cuZGV2L3NlcnZlcmxlc3MtcnVudGltZXMvZ29vZ2xlLTIyLWZ1bGwvcnVudGltZXMvcHl0aG9uMzEzQAE="},"serviceConfig":{"environmentVariables":{"FIREBASE_CONFIG":"{\"projectId\":\"paklan-45c3c\",\"storageBucket\":\"paklan-45c3c.firebasestorage.app\"}","GCLOUD_PROJECT":"paklan-45c3c","EVENTARC_CLOUD_EVENT_SOURCE":"projects/paklan-45c3c/locations/us-central1/services/update_remaining_hours","FUNCTION_TARGET":"update_remaining_hours","LOG_EXECUTION_ID":"true","FUNCTION_SIGNATURE_TYPE":"http"},"secretEnvironmentVariables":[],"ingressSettings":null,"timeoutSeconds":null,"serviceAccountEmail":null,"availableMemory":"256Mi","minInstanceCount":null,"maxInstanceCount":null,"maxInstanceRequestConcurrency":80,"availableCpu":"1"},"labels":{"deployment-tool":"cli-firebase","deployment-scheduled":"true","firebase-functions-hash":"6b3db7f88a3c63cdfb7f613ca4ffc1e6723651f4"}}
[debug] [2026-09-09T16:57:23.614Z] >>> [apiv2][query] PATCH https://cloudfunctions.googleapis.com/v2/projects/paklan-45c3c/locations/us-central1/functions/update_transactions updateMask=name%2CbuildConfig.runtime%2CbuildConfig.entryPoint%2CbuildConfig.source.storageSource.bucket%2CbuildConfig.source.storageSource.object%2CbuildConfig.environmentVariables%2CbuildConfig.sourceToken%2CserviceConfig.environmentVariables%2CserviceConfig.secretEnvironmentVariables%2CserviceConfig.ingressSettings%2CserviceConfig.timeoutSeconds%2CserviceConfig.serviceAccountEmail%2CserviceConfig.availableMemory%2CserviceConfig.minInstanceCount%2CserviceConfig.maxInstanceCount%2CserviceConfig.maxInstanceRequestConcurrency%2CserviceConfig.availableCpu%2Clabels%2CeventTrigger.eventType%2CeventTrigger.retryPolicy%2CeventTrigger.eventFilters%2CeventTrigger.triggerRegion
[debug] [2026-09-09T16:57:23.614Z] >>> [apiv2][body] PATCH https://cloudfunctions.googleapis.com/v2/projects/paklan-45c3c/locations/us-central1/functions/update_transactions {"name":"projects/paklan-45c3c/locations/us-central1/functions/update_transactions","buildConfig":{"runtime":"python313","entryPoint":"update_transactions","source":{"storageSource":{"bucket":"gcf-v2-uploads-833776742151.us-central1.cloudfunctions.appspot.com","object":"766bdb15-f28d-48a3-8efd-34490e08aa1c.zip"}},"environmentVariables":{"GOOGLE_NODE_RUN_SCRIPTS":""},"sourceToken":"Cldwcm9qZWN0cy84MzM3NzY3NDIxNTEvbG9jYXRpb25zL3VzLWNlbnRyYWwxL2J1aWxkcy8yZmNhZWU1Ny02ZGYyLTQ3ZGEtODljYi1iNTY4NjAxYTJiM2USeXVzLWNlbnRyYWwxLWRvY2tlci5wa2cuZGV2L3Bha2xhbi00NWMzYy9nY2YtYXJ0aWZhY3RzL3Bha2xhbi0tNDVjM2NfX3VzLS1jZW50cmFsMV9fc2VuZF9fbWVzc2FnZV9fbm90aWZpY2F0aW9uczp2ZXJzaW9uXzEYh97dh6IYIlBwcm9qZWN0cy9wYWtsYW4tNDVjM2MvbG9jYXRpb25zL3VzLWNlbnRyYWwxL2Z1bmN0aW9ucy9zZW5kX21lc3NhZ2Vfbm90aWZpY2F0aW9ucyoLCOqfhtUGEMjr2TUyCXB5dGhvbjMxMzp4CiRnY3IuaW8vZ2FlLXJ1bnRpbWVzL3B5dGhvbjMxMzpzdGFibGUSUHVzLWNlbnRyYWwxLWRvY2tlci5wa2cuZGV2L3NlcnZlcmxlc3MtcnVudGltZXMvZ29vZ2xlLTIyLWZ1bGwvcnVudGltZXMvcHl0aG9uMzEzQAE="},"serviceConfig":{"environmentVariables":{"FIREBASE_CONFIG":"{\"projectId\":\"paklan-45c3c\",\"storageBucket\":\"paklan-45c3c.firebasestorage.app\"}","GCLOUD_PROJECT":"paklan-45c3c","EVENTARC_CLOUD_EVENT_SOURCE":"projects/paklan-45c3c/locations/us-central1/services/update_transactions","FUNCTION_SIGNATURE_TYPE":"cloudevent","FUNCTION_TARGET":"update_transactions","LOG_EXECUTION_ID":"true"},"secretEnvironmentVariables":[],"ingressSettings":null,"timeoutSeconds":null,"serviceAccountEmail":null,"availableMemory":"256Mi","minInstanceCount":null,"maxInstanceCount":40,"maxInstanceRequestConcurrency":80,"availableCpu":"1"},"labels":{"deployment-tool":"cli-firebase","firebase-functions-hash":"6b3db7f88a3c63cdfb7f613ca4ffc1e6723651f4"},"eventTrigger":{"eventType":"google.cloud.firestore.document.v1.created","retryPolicy":"RETRY_POLICY_DO_NOT_RETRY","eventFilters":[{"attribute":"database","value":"(default)"},{"attribute":"namespace","value":"(default)"},{"attribute":"document","value":"transactions/{transactionId}/status/{statusId}","operator":"match-path-pattern"}],"triggerRegion":"northamerica-south1"}}
[debug] [2026-09-09T16:57:24.656Z] <<< [apiv2][status] PATCH https://cloudfunctions.googleapis.com/v2/projects/paklan-45c3c/locations/us-central1/functions/create_connect_account 200
[debug] [2026-09-09T16:57:24.656Z] <<< [apiv2][body] PATCH https://cloudfunctions.googleapis.com/v2/projects/paklan-45c3c/locations/us-central1/functions/create_connect_account {"name":"projects/paklan-45c3c/locations/us-central1/operations/operation-1788973043795-65b0fbec9c7a5-dec8ac87-4e9f7707","metadata":{"@type":"type.googleapis.com/google.cloud.functions.v2.OperationMetadata","createTime":"2026-09-09T16:57:24.675265149Z","target":"projects/paklan-45c3c/locations/us-central1/functions/create_connect_account","verb":"update","cancelRequested":false,"apiVersion":"v2"},"done":false}
[debug] [2026-09-09T16:57:24.657Z] Checked if tokens are valid: true, expires at: 1788974279132
[debug] [2026-09-09T16:57:24.657Z] Checked if tokens are valid: true, expires at: 1788974279132
[debug] [2026-09-09T16:57:24.657Z] >>> [apiv2][query] GET https://cloudfunctions.googleapis.com/v2/projects/paklan-45c3c/locations/us-central1/operations/operation-1788973043795-65b0fbec9c7a5-dec8ac87-4e9f7707 [none]
[debug] [2026-09-09T16:57:24.678Z] <<< [apiv2][status] PATCH https://cloudfunctions.googleapis.com/v2/projects/paklan-45c3c/locations/us-central1/functions/send_reminder 200
[debug] [2026-09-09T16:57:24.678Z] <<< [apiv2][body] PATCH https://cloudfunctions.googleapis.com/v2/projects/paklan-45c3c/locations/us-central1/functions/send_reminder {"name":"projects/paklan-45c3c/locations/us-central1/operations/operation-1788973043833-65b0fbeca5918-f20747df-98267adb","metadata":{"@type":"type.googleapis.com/google.cloud.functions.v2.OperationMetadata","createTime":"2026-09-09T16:57:24.688703448Z","target":"projects/paklan-45c3c/locations/us-central1/functions/send_reminder","verb":"update","cancelRequested":false,"apiVersion":"v2"},"done":false}
[debug] [2026-09-09T16:57:24.678Z] Checked if tokens are valid: true, expires at: 1788974279132
[debug] [2026-09-09T16:57:24.678Z] Checked if tokens are valid: true, expires at: 1788974279132
[debug] [2026-09-09T16:57:24.678Z] >>> [apiv2][query] GET https://cloudfunctions.googleapis.com/v2/projects/paklan-45c3c/locations/us-central1/operations/operation-1788973043833-65b0fbeca5918-f20747df-98267adb [none]
[debug] [2026-09-09T16:57:24.708Z] <<< [apiv2][status] PATCH https://cloudfunctions.googleapis.com/v2/projects/paklan-45c3c/locations/us-central1/functions/send_reminder_days 200
[debug] [2026-09-09T16:57:24.708Z] <<< [apiv2][body] PATCH https://cloudfunctions.googleapis.com/v2/projects/paklan-45c3c/locations/us-central1/functions/send_reminder_days {"name":"projects/paklan-45c3c/locations/us-central1/operations/operation-1788973043908-65b0fbecb7eaf-8889c026-a3bf8553","metadata":{"@type":"type.googleapis.com/google.cloud.functions.v2.OperationMetadata","createTime":"2026-09-09T16:57:24.723956700Z","target":"projects/paklan-45c3c/locations/us-central1/functions/send_reminder_days","verb":"update","cancelRequested":false,"apiVersion":"v2"},"done":false}
[debug] [2026-09-09T16:57:24.709Z] Checked if tokens are valid: true, expires at: 1788974279132
[debug] [2026-09-09T16:57:24.709Z] Checked if tokens are valid: true, expires at: 1788974279132
[debug] [2026-09-09T16:57:24.709Z] >>> [apiv2][query] GET https://cloudfunctions.googleapis.com/v2/projects/paklan-45c3c/locations/us-central1/operations/operation-1788973043908-65b0fbecb7eaf-8889c026-a3bf8553 [none]
[debug] [2026-09-09T16:57:24.738Z] <<< [apiv2][status] PATCH https://cloudfunctions.googleapis.com/v2/projects/paklan-45c3c/locations/us-central1/functions/update_remaining_hours 200
[debug] [2026-09-09T16:57:24.738Z] <<< [apiv2][body] PATCH https://cloudfunctions.googleapis.com/v2/projects/paklan-45c3c/locations/us-central1/functions/update_remaining_hours {"name":"projects/paklan-45c3c/locations/us-central1/operations/operation-1788973043960-65b0fbecc4950-209f8619-913613e1","metadata":{"@type":"type.googleapis.com/google.cloud.functions.v2.OperationMetadata","createTime":"2026-09-09T16:57:24.755356322Z","target":"projects/paklan-45c3c/locations/us-central1/functions/update_remaining_hours","verb":"update","cancelRequested":false,"apiVersion":"v2"},"done":false}
[debug] [2026-09-09T16:57:24.738Z] Checked if tokens are valid: true, expires at: 1788974279132
[debug] [2026-09-09T16:57:24.738Z] Checked if tokens are valid: true, expires at: 1788974279132
[debug] [2026-09-09T16:57:24.738Z] >>> [apiv2][query] GET https://cloudfunctions.googleapis.com/v2/projects/paklan-45c3c/locations/us-central1/operations/operation-1788973043960-65b0fbecc4950-209f8619-913613e1 [none]
[debug] [2026-09-09T16:57:24.833Z] <<< [apiv2][status] GET https://cloudfunctions.googleapis.com/v2/projects/paklan-45c3c/locations/us-central1/operations/operation-1788973043795-65b0fbec9c7a5-dec8ac87-4e9f7707 200
[debug] [2026-09-09T16:57:24.834Z] <<< [apiv2][body] GET https://cloudfunctions.googleapis.com/v2/projects/paklan-45c3c/locations/us-central1/operations/operation-1788973043795-65b0fbec9c7a5-dec8ac87-4e9f7707 {"name":"projects/paklan-45c3c/locations/us-central1/operations/operation-1788973043795-65b0fbec9c7a5-dec8ac87-4e9f7707","metadata":{"@type":"type.googleapis.com/google.cloud.functions.v2.OperationMetadata","createTime":"2026-09-09T16:57:24.675265149Z","target":"projects/paklan-45c3c/locations/us-central1/functions/create_connect_account","verb":"update","cancelRequested":false,"apiVersion":"v2","requestResource":{"@type":"type.googleapis.com/google.cloud.functions.v2.Function","name":"projects/paklan-45c3c/locations/us-central1/functions/create_connect_account","buildConfig":{"runtime":"python313","entryPoint":"create_connect_account","source":{"storageSource":{"bucket":"gcf-v2-sources-833776742151-us-central1","object":"create_connect_account/function-source.zip","generation":"1788973044620256"}},"environmentVariables":{"GOOGLE_NODE_RUN_SCRIPTS":""},"dockerRepository":"projects/paklan-45c3c/locations/us-central1/repositories/gcf-artifacts","sourceProvenance":{"resolvedStorageSource":{"bucket":"gcf-v2-sources-833776742151-us-central1","object":"create_connect_account/function-source.zip","generation":"1788970693159070"}},"dockerRegistry":"ARTIFACT_REGISTRY","sourceToken":"Cldwcm9qZWN0cy84MzM3NzY3NDIxNTEvbG9jYXRpb25zL3VzLWNlbnRyYWwxL2J1aWxkcy8yZmNhZWU1Ny02ZGYyLTQ3ZGEtODljYi1iNTY4NjAxYTJiM2USeXVzLWNlbnRyYWwxLWRvY2tlci5wa2cuZGV2L3Bha2xhbi00NWMzYy9nY2YtYXJ0aWZhY3RzL3Bha2xhbi0tNDVjM2NfX3VzLS1jZW50cmFsMV9fc2VuZF9fbWVzc2FnZV9fbm90aWZpY2F0aW9uczp2ZXJzaW9uXzEYh97dh6IYIlBwcm9qZWN0cy9wYWtsYW4tNDVjM2MvbG9jYXRpb25zL3VzLWNlbnRyYWwxL2Z1bmN0aW9ucy9zZW5kX21lc3NhZ2Vfbm90aWZpY2F0aW9ucyoLCOqfhtUGEMjr2TUyCXB5dGhvbjMxMzp4CiRnY3IuaW8vZ2FlLXJ1bnRpbWVzL3B5dGhvbjMxMzpzdGFibGUSUHVzLWNlbnRyYWwxLWRvY2tlci5wa2cuZGV2L3NlcnZlcmxlc3MtcnVudGltZXMvZ29vZ2xlLTIyLWZ1bGwvcnVudGltZXMvcHl0aG9uMzEzQAE=","serviceAccount":"projects/paklan-45c3c/serviceAccounts/833776742151-compute@developer.gserviceaccount.com","automaticUpdatePolicy":{}},"serviceConfig":{"service":"projects/paklan-45c3c/locations/us-central1/services/create-connect-account","timeoutSeconds":60,"environmentVariables":{"FIREBASE_CONFIG":"{\"projectId\":\"paklan-45c3c\",\"storageBucket\":\"paklan-45c3c.firebasestorage.app\"}","GCLOUD_PROJECT":"paklan-45c3c","EVENTARC_CLOUD_EVENT_SOURCE":"projects/paklan-45c3c/locations/us-central1/services/create_connect_account","FUNCTION_TARGET":"create_connect_account","LOG_EXECUTION_ID":"true","FUNCTION_SIGNATURE_TYPE":"http"},"ingressSettings":"ALLOW_ALL","uri":"https://create-connect-account-ntcfxe6d7q-uc.a.run.app","serviceAccountEmail":"833776742151-compute@developer.gserviceaccount.com","availableMemory":"256Mi","allTrafficOnLatestRevision":true,"secretEnvironmentVariables":[{"key":"STRIPE_SECRET_JSON","projectId":"paklan-45c3c","secret":"STRIPE_SECRET_JSON","version":"2"}],"revision":"create-connect-account-00007-naq","maxInstanceRequestConcurrency":80,"availableCpu":"1"},"state":"ACTIVE","labels":{"deployment-tool":"cli-firebase","firebase-functions-hash":"8726483970547ebb56a18dd10dc04c5958b9e046"},"environment":"GEN_2","url":"https://us-central1-paklan-45c3c.cloudfunctions.net/create_connect_account","satisfiesPzi":true},"stages":[{"name":"BUILD","state":"NOT_STARTED"},{"name":"SERVICE","state":"NOT_STARTED"}],"sourceToken":"Cldwcm9qZWN0cy84MzM3NzY3NDIxNTEvbG9jYXRpb25zL3VzLWNlbnRyYWwxL2J1aWxkcy8yZmNhZWU1Ny02ZGYyLTQ3ZGEtODljYi1iNTY4NjAxYTJiM2USeXVzLWNlbnRyYWwxLWRvY2tlci5wa2cuZGV2L3Bha2xhbi00NWMzYy9nY2YtYXJ0aWZhY3RzL3Bha2xhbi0tNDVjM2NfX3VzLS1jZW50cmFsMV9fc2VuZF9fbWVzc2FnZV9fbm90aWZpY2F0aW9uczp2ZXJzaW9uXzEYh97dh6IYIlBwcm9qZWN0cy9wYWtsYW4tNDVjM2MvbG9jYXRpb25zL3VzLWNlbnRyYWwxL2Z1bmN0aW9ucy9zZW5kX21lc3NhZ2Vfbm90aWZpY2F0aW9ucyoLCOqfhtUGEMjr2TUyCXB5dGhvbjMxMzp4CiRnY3IuaW8vZ2FlLXJ1bnRpbWVzL3B5dGhvbjMxMzpzdGFibGUSUHVzLWNlbnRyYWwxLWRvY2tlci5wa2cuZGV2L3NlcnZlcmxlc3MtcnVudGltZXMvZ29vZ2xlLTIyLWZ1bGwvcnVudGltZXMvcHl0aG9uMzEzQAE=","operationType":"UPDATE_FUNCTION"},"done":false}
[debug] [2026-09-09T16:57:24.834Z] Got source token Cldwcm9qZWN0cy84MzM3NzY3NDIxNTEvbG9jYXRpb25zL3VzLWNlbnRyYWwxL2J1aWxkcy8yZmNhZWU1Ny02ZGYyLTQ3ZGEtODljYi1iNTY4NjAxYTJiM2USeXVzLWNlbnRyYWwxLWRvY2tlci5wa2cuZGV2L3Bha2xhbi00NWMzYy9nY2YtYXJ0aWZhY3RzL3Bha2xhbi0tNDVjM2NfX3VzLS1jZW50cmFsMV9fc2VuZF9fbWVzc2FnZV9fbm90aWZpY2F0aW9uczp2ZXJzaW9uXzEYh97dh6IYIlBwcm9qZWN0cy9wYWtsYW4tNDVjM2MvbG9jYXRpb25zL3VzLWNlbnRyYWwxL2Z1bmN0aW9ucy9zZW5kX21lc3NhZ2Vfbm90aWZpY2F0aW9ucyoLCOqfhtUGEMjr2TUyCXB5dGhvbjMxMzp4CiRnY3IuaW8vZ2FlLXJ1bnRpbWVzL3B5dGhvbjMxMzpzdGFibGUSUHVzLWNlbnRyYWwxLWRvY2tlci5wa2cuZGV2L3NlcnZlcmxlc3MtcnVudGltZXMvZ29vZ2xlLTIyLWZ1bGwvcnVudGltZXMvcHl0aG9uMzEzQAE= for region us-central1
[debug] [2026-09-09T16:57:24.859Z] <<< [apiv2][status] GET https://cloudfunctions.googleapis.com/v2/projects/paklan-45c3c/locations/us-central1/operations/operation-1788973043833-65b0fbeca5918-f20747df-98267adb 200
[debug] [2026-09-09T16:57:24.859Z] <<< [apiv2][body] GET https://cloudfunctions.googleapis.com/v2/projects/paklan-45c3c/locations/us-central1/operations/operation-1788973043833-65b0fbeca5918-f20747df-98267adb {"name":"projects/paklan-45c3c/locations/us-central1/operations/operation-1788973043833-65b0fbeca5918-f20747df-98267adb","metadata":{"@type":"type.googleapis.com/google.cloud.functions.v2.OperationMetadata","createTime":"2026-09-09T16:57:24.688703448Z","target":"projects/paklan-45c3c/locations/us-central1/functions/send_reminder","verb":"update","cancelRequested":false,"apiVersion":"v2","requestResource":{"@type":"type.googleapis.com/google.cloud.functions.v2.Function","name":"projects/paklan-45c3c/locations/us-central1/functions/send_reminder","buildConfig":{"runtime":"python313","entryPoint":"send_reminder","source":{"storageSource":{"bucket":"gcf-v2-sources-833776742151-us-central1","object":"send_reminder/function-source.zip","generation":"1788973044627381"}},"environmentVariables":{"GOOGLE_NODE_RUN_SCRIPTS":""},"dockerRepository":"projects/paklan-45c3c/locations/us-central1/repositories/gcf-artifacts","sourceProvenance":{"resolvedStorageSource":{"bucket":"gcf-v2-sources-833776742151-us-central1","object":"send_reminder/function-source.zip","generation":"1788970791980702"}},"dockerRegistry":"ARTIFACT_REGISTRY","sourceToken":"Cldwcm9qZWN0cy84MzM3NzY3NDIxNTEvbG9jYXRpb25zL3VzLWNlbnRyYWwxL2J1aWxkcy8yZmNhZWU1Ny02ZGYyLTQ3ZGEtODljYi1iNTY4NjAxYTJiM2USeXVzLWNlbnRyYWwxLWRvY2tlci5wa2cuZGV2L3Bha2xhbi00NWMzYy9nY2YtYXJ0aWZhY3RzL3Bha2xhbi0tNDVjM2NfX3VzLS1jZW50cmFsMV9fc2VuZF9fbWVzc2FnZV9fbm90aWZpY2F0aW9uczp2ZXJzaW9uXzEYh97dh6IYIlBwcm9qZWN0cy9wYWtsYW4tNDVjM2MvbG9jYXRpb25zL3VzLWNlbnRyYWwxL2Z1bmN0aW9ucy9zZW5kX21lc3NhZ2Vfbm90aWZpY2F0aW9ucyoLCOqfhtUGEMjr2TUyCXB5dGhvbjMxMzp4CiRnY3IuaW8vZ2FlLXJ1bnRpbWVzL3B5dGhvbjMxMzpzdGFibGUSUHVzLWNlbnRyYWwxLWRvY2tlci5wa2cuZGV2L3NlcnZlcmxlc3MtcnVudGltZXMvZ29vZ2xlLTIyLWZ1bGwvcnVudGltZXMvcHl0aG9uMzEzQAE=","serviceAccount":"projects/paklan-45c3c/serviceAccounts/833776742151-compute@developer.gserviceaccount.com","automaticUpdatePolicy":{}},"serviceConfig":{"service":"projects/paklan-45c3c/locations/us-central1/services/send-reminder","timeoutSeconds":60,"environmentVariables":{"FIREBASE_CONFIG":"{\"projectId\":\"paklan-45c3c\",\"storageBucket\":\"paklan-45c3c.firebasestorage.app\"}","GCLOUD_PROJECT":"paklan-45c3c","EVENTARC_CLOUD_EVENT_SOURCE":"projects/paklan-45c3c/locations/us-central1/services/send_reminder","FUNCTION_TARGET":"send_reminder","LOG_EXECUTION_ID":"true","FUNCTION_SIGNATURE_TYPE":"http"},"ingressSettings":"ALLOW_ALL","uri":"https://send-reminder-ntcfxe6d7q-uc.a.run.app","serviceAccountEmail":"833776742151-compute@developer.gserviceaccount.com","availableMemory":"256Mi","allTrafficOnLatestRevision":true,"revision":"send-reminder-00045-jec","maxInstanceRequestConcurrency":80,"availableCpu":"1"},"state":"ACTIVE","labels":{"deployment-tool":"cli-firebase","deployment-scheduled":"true","firebase-functions-hash":"6b3db7f88a3c63cdfb7f613ca4ffc1e6723651f4"},"environment":"GEN_2","url":"https://us-central1-paklan-45c3c.cloudfunctions.net/send_reminder","satisfiesPzi":true},"stages":[{"name":"BUILD","state":"NOT_STARTED"},{"name":"SERVICE","state":"NOT_STARTED"}],"sourceToken":"Cldwcm9qZWN0cy84MzM3NzY3NDIxNTEvbG9jYXRpb25zL3VzLWNlbnRyYWwxL2J1aWxkcy8yZmNhZWU1Ny02ZGYyLTQ3ZGEtODljYi1iNTY4NjAxYTJiM2USeXVzLWNlbnRyYWwxLWRvY2tlci5wa2cuZGV2L3Bha2xhbi00NWMzYy9nY2YtYXJ0aWZhY3RzL3Bha2xhbi0tNDVjM2NfX3VzLS1jZW50cmFsMV9fc2VuZF9fbWVzc2FnZV9fbm90aWZpY2F0aW9uczp2ZXJzaW9uXzEYh97dh6IYIlBwcm9qZWN0cy9wYWtsYW4tNDVjM2MvbG9jYXRpb25zL3VzLWNlbnRyYWwxL2Z1bmN0aW9ucy9zZW5kX21lc3NhZ2Vfbm90aWZpY2F0aW9ucyoLCOqfhtUGEMjr2TUyCXB5dGhvbjMxMzp4CiRnY3IuaW8vZ2FlLXJ1bnRpbWVzL3B5dGhvbjMxMzpzdGFibGUSUHVzLWNlbnRyYWwxLWRvY2tlci5wa2cuZGV2L3NlcnZlcmxlc3MtcnVudGltZXMvZ29vZ2xlLTIyLWZ1bGwvcnVudGltZXMvcHl0aG9uMzEzQAE=","operationType":"UPDATE_FUNCTION"},"done":false}
[debug] [2026-09-09T16:57:24.859Z] Got source token Cldwcm9qZWN0cy84MzM3NzY3NDIxNTEvbG9jYXRpb25zL3VzLWNlbnRyYWwxL2J1aWxkcy8yZmNhZWU1Ny02ZGYyLTQ3ZGEtODljYi1iNTY4NjAxYTJiM2USeXVzLWNlbnRyYWwxLWRvY2tlci5wa2cuZGV2L3Bha2xhbi00NWMzYy9nY2YtYXJ0aWZhY3RzL3Bha2xhbi0tNDVjM2NfX3VzLS1jZW50cmFsMV9fc2VuZF9fbWVzc2FnZV9fbm90aWZpY2F0aW9uczp2ZXJzaW9uXzEYh97dh6IYIlBwcm9qZWN0cy9wYWtsYW4tNDVjM2MvbG9jYXRpb25zL3VzLWNlbnRyYWwxL2Z1bmN0aW9ucy9zZW5kX21lc3NhZ2Vfbm90aWZpY2F0aW9ucyoLCOqfhtUGEMjr2TUyCXB5dGhvbjMxMzp4CiRnY3IuaW8vZ2FlLXJ1bnRpbWVzL3B5dGhvbjMxMzpzdGFibGUSUHVzLWNlbnRyYWwxLWRvY2tlci5wa2cuZGV2L3NlcnZlcmxlc3MtcnVudGltZXMvZ29vZ2xlLTIyLWZ1bGwvcnVudGltZXMvcHl0aG9uMzEzQAE= for region us-central1
[debug] [2026-09-09T16:57:24.872Z] <<< [apiv2][status] GET https://cloudfunctions.googleapis.com/v2/projects/paklan-45c3c/locations/us-central1/operations/operation-1788973043908-65b0fbecb7eaf-8889c026-a3bf8553 200
[debug] [2026-09-09T16:57:24.872Z] <<< [apiv2][body] GET https://cloudfunctions.googleapis.com/v2/projects/paklan-45c3c/locations/us-central1/operations/operation-1788973043908-65b0fbecb7eaf-8889c026-a3bf8553 {"name":"projects/paklan-45c3c/locations/us-central1/operations/operation-1788973043908-65b0fbecb7eaf-8889c026-a3bf8553","metadata":{"@type":"type.googleapis.com/google.cloud.functions.v2.OperationMetadata","createTime":"2026-09-09T16:57:24.723956700Z","target":"projects/paklan-45c3c/locations/us-central1/functions/send_reminder_days","verb":"update","cancelRequested":false,"apiVersion":"v2","requestResource":{"@type":"type.googleapis.com/google.cloud.functions.v2.Function","name":"projects/paklan-45c3c/locations/us-central1/functions/send_reminder_days","buildConfig":{"runtime":"python313","entryPoint":"send_reminder_days","source":{"storageSource":{"bucket":"gcf-v2-sources-833776742151-us-central1","object":"send_reminder_days/function-source.zip","generation":"1788973044670399"}},"environmentVariables":{"GOOGLE_NODE_RUN_SCRIPTS":""},"dockerRepository":"projects/paklan-45c3c/locations/us-central1/repositories/gcf-artifacts","sourceProvenance":{"resolvedStorageSource":{"bucket":"gcf-v2-sources-833776742151-us-central1","object":"send_reminder_days/function-source.zip","generation":"1788970791908513"}},"dockerRegistry":"ARTIFACT_REGISTRY","sourceToken":"Cldwcm9qZWN0cy84MzM3NzY3NDIxNTEvbG9jYXRpb25zL3VzLWNlbnRyYWwxL2J1aWxkcy8yZmNhZWU1Ny02ZGYyLTQ3ZGEtODljYi1iNTY4NjAxYTJiM2USeXVzLWNlbnRyYWwxLWRvY2tlci5wa2cuZGV2L3Bha2xhbi00NWMzYy9nY2YtYXJ0aWZhY3RzL3Bha2xhbi0tNDVjM2NfX3VzLS1jZW50cmFsMV9fc2VuZF9fbWVzc2FnZV9fbm90aWZpY2F0aW9uczp2ZXJzaW9uXzEYh97dh6IYIlBwcm9qZWN0cy9wYWtsYW4tNDVjM2MvbG9jYXRpb25zL3VzLWNlbnRyYWwxL2Z1bmN0aW9ucy9zZW5kX21lc3NhZ2Vfbm90aWZpY2F0aW9ucyoLCOqfhtUGEMjr2TUyCXB5dGhvbjMxMzp4CiRnY3IuaW8vZ2FlLXJ1bnRpbWVzL3B5dGhvbjMxMzpzdGFibGUSUHVzLWNlbnRyYWwxLWRvY2tlci5wa2cuZGV2L3NlcnZlcmxlc3MtcnVudGltZXMvZ29vZ2xlLTIyLWZ1bGwvcnVudGltZXMvcHl0aG9uMzEzQAE=","serviceAccount":"projects/paklan-45c3c/serviceAccounts/833776742151-compute@developer.gserviceaccount.com","automaticUpdatePolicy":{}},"serviceConfig":{"service":"projects/paklan-45c3c/locations/us-central1/services/send-reminder-days","timeoutSeconds":60,"environmentVariables":{"FIREBASE_CONFIG":"{\"projectId\":\"paklan-45c3c\",\"storageBucket\":\"paklan-45c3c.firebasestorage.app\"}","GCLOUD_PROJECT":"paklan-45c3c","EVENTARC_CLOUD_EVENT_SOURCE":"projects/paklan-45c3c/locations/us-central1/services/send_reminder_days","FUNCTION_TARGET":"send_reminder_days","LOG_EXECUTION_ID":"true","FUNCTION_SIGNATURE_TYPE":"http"},"ingressSettings":"ALLOW_ALL","uri":"https://send-reminder-days-ntcfxe6d7q-uc.a.run.app","serviceAccountEmail":"833776742151-compute@developer.gserviceaccount.com","availableMemory":"256Mi","allTrafficOnLatestRevision":true,"revision":"send-reminder-days-00039-naf","maxInstanceRequestConcurrency":80,"availableCpu":"1"},"state":"ACTIVE","labels":{"deployment-tool":"cli-firebase","deployment-scheduled":"true","firebase-functions-hash":"6b3db7f88a3c63cdfb7f613ca4ffc1e6723651f4"},"environment":"GEN_2","url":"https://us-central1-paklan-45c3c.cloudfunctions.net/send_reminder_days","satisfiesPzi":true},"stages":[{"name":"BUILD","state":"NOT_STARTED"},{"name":"SERVICE","state":"NOT_STARTED"}],"sourceToken":"Cldwcm9qZWN0cy84MzM3NzY3NDIxNTEvbG9jYXRpb25zL3VzLWNlbnRyYWwxL2J1aWxkcy8yZmNhZWU1Ny02ZGYyLTQ3ZGEtODljYi1iNTY4NjAxYTJiM2USeXVzLWNlbnRyYWwxLWRvY2tlci5wa2cuZGV2L3Bha2xhbi00NWMzYy9nY2YtYXJ0aWZhY3RzL3Bha2xhbi0tNDVjM2NfX3VzLS1jZW50cmFsMV9fc2VuZF9fbWVzc2FnZV9fbm90aWZpY2F0aW9uczp2ZXJzaW9uXzEYh97dh6IYIlBwcm9qZWN0cy9wYWtsYW4tNDVjM2MvbG9jYXRpb25zL3VzLWNlbnRyYWwxL2Z1bmN0aW9ucy9zZW5kX21lc3NhZ2Vfbm90aWZpY2F0aW9ucyoLCOqfhtUGEMjr2TUyCXB5dGhvbjMxMzp4CiRnY3IuaW8vZ2FlLXJ1bnRpbWVzL3B5dGhvbjMxMzpzdGFibGUSUHVzLWNlbnRyYWwxLWRvY2tlci5wa2cuZGV2L3NlcnZlcmxlc3MtcnVudGltZXMvZ29vZ2xlLTIyLWZ1bGwvcnVudGltZXMvcHl0aG9uMzEzQAE=","operationType":"UPDATE_FUNCTION"},"done":false}
[debug] [2026-09-09T16:57:24.872Z] Got source token Cldwcm9qZWN0cy84MzM3NzY3NDIxNTEvbG9jYXRpb25zL3VzLWNlbnRyYWwxL2J1aWxkcy8yZmNhZWU1Ny02ZGYyLTQ3ZGEtODljYi1iNTY4NjAxYTJiM2USeXVzLWNlbnRyYWwxLWRvY2tlci5wa2cuZGV2L3Bha2xhbi00NWMzYy9nY2YtYXJ0aWZhY3RzL3Bha2xhbi0tNDVjM2NfX3VzLS1jZW50cmFsMV9fc2VuZF9fbWVzc2FnZV9fbm90aWZpY2F0aW9uczp2ZXJzaW9uXzEYh97dh6IYIlBwcm9qZWN0cy9wYWtsYW4tNDVjM2MvbG9jYXRpb25zL3VzLWNlbnRyYWwxL2Z1bmN0aW9ucy9zZW5kX21lc3NhZ2Vfbm90aWZpY2F0aW9ucyoLCOqfhtUGEMjr2TUyCXB5dGhvbjMxMzp4CiRnY3IuaW8vZ2FlLXJ1bnRpbWVzL3B5dGhvbjMxMzpzdGFibGUSUHVzLWNlbnRyYWwxLWRvY2tlci5wa2cuZGV2L3NlcnZlcmxlc3MtcnVudGltZXMvZ29vZ2xlLTIyLWZ1bGwvcnVudGltZXMvcHl0aG9uMzEzQAE= for region us-central1
[debug] [2026-09-09T16:57:24.922Z] <<< [apiv2][status] GET https://cloudfunctions.googleapis.com/v2/projects/paklan-45c3c/locations/us-central1/operations/operation-1788973043960-65b0fbecc4950-209f8619-913613e1 200
[debug] [2026-09-09T16:57:24.923Z] <<< [apiv2][body] GET https://cloudfunctions.googleapis.com/v2/projects/paklan-45c3c/locations/us-central1/operations/operation-1788973043960-65b0fbecc4950-209f8619-913613e1 {"name":"projects/paklan-45c3c/locations/us-central1/operations/operation-1788973043960-65b0fbecc4950-209f8619-913613e1","metadata":{"@type":"type.googleapis.com/google.cloud.functions.v2.OperationMetadata","createTime":"2026-09-09T16:57:24.755356322Z","target":"projects/paklan-45c3c/locations/us-central1/functions/update_remaining_hours","verb":"update","cancelRequested":false,"apiVersion":"v2","requestResource":{"@type":"type.googleapis.com/google.cloud.functions.v2.Function","name":"projects/paklan-45c3c/locations/us-central1/functions/update_remaining_hours","buildConfig":{"runtime":"python313","entryPoint":"update_remaining_hours","source":{"storageSource":{"bucket":"gcf-v2-sources-833776742151-us-central1","object":"update_remaining_hours/function-source.zip","generation":"1788973044706305"}},"environmentVariables":{"GOOGLE_NODE_RUN_SCRIPTS":""},"dockerRepository":"projects/paklan-45c3c/locations/us-central1/repositories/gcf-artifacts","sourceProvenance":{"resolvedStorageSource":{"bucket":"gcf-v2-sources-833776742151-us-central1","object":"update_remaining_hours/function-source.zip","generation":"1788970792102205"}},"dockerRegistry":"ARTIFACT_REGISTRY","sourceToken":"Cldwcm9qZWN0cy84MzM3NzY3NDIxNTEvbG9jYXRpb25zL3VzLWNlbnRyYWwxL2J1aWxkcy8yZmNhZWU1Ny02ZGYyLTQ3ZGEtODljYi1iNTY4NjAxYTJiM2USeXVzLWNlbnRyYWwxLWRvY2tlci5wa2cuZGV2L3Bha2xhbi00NWMzYy9nY2YtYXJ0aWZhY3RzL3Bha2xhbi0tNDVjM2NfX3VzLS1jZW50cmFsMV9fc2VuZF9fbWVzc2FnZV9fbm90aWZpY2F0aW9uczp2ZXJzaW9uXzEYh97dh6IYIlBwcm9qZWN0cy9wYWtsYW4tNDVjM2MvbG9jYXRpb25zL3VzLWNlbnRyYWwxL2Z1bmN0aW9ucy9zZW5kX21lc3NhZ2Vfbm90aWZpY2F0aW9ucyoLCOqfhtUGEMjr2TUyCXB5dGhvbjMxMzp4CiRnY3IuaW8vZ2FlLXJ1bnRpbWVzL3B5dGhvbjMxMzpzdGFibGUSUHVzLWNlbnRyYWwxLWRvY2tlci5wa2cuZGV2L3NlcnZlcmxlc3MtcnVudGltZXMvZ29vZ2xlLTIyLWZ1bGwvcnVudGltZXMvcHl0aG9uMzEzQAE=","serviceAccount":"projects/paklan-45c3c/serviceAccounts/833776742151-compute@developer.gserviceaccount.com","automaticUpdatePolicy":{}},"serviceConfig":{"service":"projects/paklan-45c3c/locations/us-central1/services/update-remaining-hours","timeoutSeconds":60,"environmentVariables":{"FIREBASE_CONFIG":"{\"projectId\":\"paklan-45c3c\",\"storageBucket\":\"paklan-45c3c.firebasestorage.app\"}","GCLOUD_PROJECT":"paklan-45c3c","EVENTARC_CLOUD_EVENT_SOURCE":"projects/paklan-45c3c/locations/us-central1/services/update_remaining_hours","FUNCTION_TARGET":"update_remaining_hours","LOG_EXECUTION_ID":"true","FUNCTION_SIGNATURE_TYPE":"http"},"ingressSettings":"ALLOW_ALL","uri":"https://update-remaining-hours-ntcfxe6d7q-uc.a.run.app","serviceAccountEmail":"833776742151-compute@developer.gserviceaccount.com","availableMemory":"256Mi","allTrafficOnLatestRevision":true,"revision":"update-remaining-hours-00045-tuk","maxInstanceRequestConcurrency":80,"availableCpu":"1"},"state":"ACTIVE","labels":{"deployment-tool":"cli-firebase","deployment-scheduled":"true","firebase-functions-hash":"6b3db7f88a3c63cdfb7f613ca4ffc1e6723651f4"},"environment":"GEN_2","url":"https://us-central1-paklan-45c3c.cloudfunctions.net/update_remaining_hours","satisfiesPzi":true},"stages":[{"name":"BUILD","state":"NOT_STARTED"},{"name":"SERVICE","state":"NOT_STARTED"}],"sourceToken":"Cldwcm9qZWN0cy84MzM3NzY3NDIxNTEvbG9jYXRpb25zL3VzLWNlbnRyYWwxL2J1aWxkcy8yZmNhZWU1Ny02ZGYyLTQ3ZGEtODljYi1iNTY4NjAxYTJiM2USeXVzLWNlbnRyYWwxLWRvY2tlci5wa2cuZGV2L3Bha2xhbi00NWMzYy9nY2YtYXJ0aWZhY3RzL3Bha2xhbi0tNDVjM2NfX3VzLS1jZW50cmFsMV9fc2VuZF9fbWVzc2FnZV9fbm90aWZpY2F0aW9uczp2ZXJzaW9uXzEYh97dh6IYIlBwcm9qZWN0cy9wYWtsYW4tNDVjM2MvbG9jYXRpb25zL3VzLWNlbnRyYWwxL2Z1bmN0aW9ucy9zZW5kX21lc3NhZ2Vfbm90aWZpY2F0aW9ucyoLCOqfhtUGEMjr2TUyCXB5dGhvbjMxMzp4CiRnY3IuaW8vZ2FlLXJ1bnRpbWVzL3B5dGhvbjMxMzpzdGFibGUSUHVzLWNlbnRyYWwxLWRvY2tlci5wa2cuZGV2L3NlcnZlcmxlc3MtcnVudGltZXMvZ29vZ2xlLTIyLWZ1bGwvcnVudGltZXMvcHl0aG9uMzEzQAE=","operationType":"UPDATE_FUNCTION"},"done":false}
[debug] [2026-09-09T16:57:24.923Z] Got source token Cldwcm9qZWN0cy84MzM3NzY3NDIxNTEvbG9jYXRpb25zL3VzLWNlbnRyYWwxL2J1aWxkcy8yZmNhZWU1Ny02ZGYyLTQ3ZGEtODljYi1iNTY4NjAxYTJiM2USeXVzLWNlbnRyYWwxLWRvY2tlci5wa2cuZGV2L3Bha2xhbi00NWMzYy9nY2YtYXJ0aWZhY3RzL3Bha2xhbi0tNDVjM2NfX3VzLS1jZW50cmFsMV9fc2VuZF9fbWVzc2FnZV9fbm90aWZpY2F0aW9uczp2ZXJzaW9uXzEYh97dh6IYIlBwcm9qZWN0cy9wYWtsYW4tNDVjM2MvbG9jYXRpb25zL3VzLWNlbnRyYWwxL2Z1bmN0aW9ucy9zZW5kX21lc3NhZ2Vfbm90aWZpY2F0aW9ucyoLCOqfhtUGEMjr2TUyCXB5dGhvbjMxMzp4CiRnY3IuaW8vZ2FlLXJ1bnRpbWVzL3B5dGhvbjMxMzpzdGFibGUSUHVzLWNlbnRyYWwxLWRvY2tlci5wa2cuZGV2L3NlcnZlcmxlc3MtcnVudGltZXMvZ29vZ2xlLTIyLWZ1bGwvcnVudGltZXMvcHl0aG9uMzEzQAE= for region us-central1
[debug] [2026-09-09T16:57:25.018Z] <<< [apiv2][status] PATCH https://cloudfunctions.googleapis.com/v2/projects/paklan-45c3c/locations/us-central1/functions/update_transactions 200
[debug] [2026-09-09T16:57:25.018Z] <<< [apiv2][body] PATCH https://cloudfunctions.googleapis.com/v2/projects/paklan-45c3c/locations/us-central1/functions/update_transactions {"name":"projects/paklan-45c3c/locations/us-central1/operations/operation-1788973043943-65b0fbecc08d0-6e813645-fc590533","metadata":{"@type":"type.googleapis.com/google.cloud.functions.v2.OperationMetadata","createTime":"2026-09-09T16:57:25.021467485Z","target":"projects/paklan-45c3c/locations/us-central1/functions/update_transactions","verb":"update","cancelRequested":false,"apiVersion":"v2"},"done":false}
[debug] [2026-09-09T16:57:25.019Z] Checked if tokens are valid: true, expires at: 1788974279132
[debug] [2026-09-09T16:57:25.019Z] Checked if tokens are valid: true, expires at: 1788974279132
[debug] [2026-09-09T16:57:25.019Z] >>> [apiv2][query] GET https://cloudfunctions.googleapis.com/v2/projects/paklan-45c3c/locations/us-central1/operations/operation-1788973043943-65b0fbecc08d0-6e813645-fc590533 [none]
[debug] [2026-09-09T16:57:25.195Z] <<< [apiv2][status] GET https://cloudfunctions.googleapis.com/v2/projects/paklan-45c3c/locations/us-central1/operations/operation-1788973043943-65b0fbecc08d0-6e813645-fc590533 200
[debug] [2026-09-09T16:57:25.195Z] <<< [apiv2][body] GET https://cloudfunctions.googleapis.com/v2/projects/paklan-45c3c/locations/us-central1/operations/operation-1788973043943-65b0fbecc08d0-6e813645-fc590533 {"name":"projects/paklan-45c3c/locations/us-central1/operations/operation-1788973043943-65b0fbecc08d0-6e813645-fc590533","metadata":{"@type":"type.googleapis.com/google.cloud.functions.v2.OperationMetadata","createTime":"2026-09-09T16:57:25.021467485Z","target":"projects/paklan-45c3c/locations/us-central1/functions/update_transactions","verb":"update","cancelRequested":false,"apiVersion":"v2","requestResource":{"@type":"type.googleapis.com/google.cloud.functions.v2.Function","name":"projects/paklan-45c3c/locations/us-central1/functions/update_transactions","buildConfig":{"runtime":"python313","entryPoint":"update_transactions","source":{"storageSource":{"bucket":"gcf-v2-sources-833776742151-us-central1","object":"update_transactions/function-source.zip","generation":"1788973044974601"}},"environmentVariables":{"GOOGLE_NODE_RUN_SCRIPTS":""},"dockerRepository":"projects/paklan-45c3c/locations/us-central1/repositories/gcf-artifacts","sourceProvenance":{"resolvedStorageSource":{"bucket":"gcf-v2-sources-833776742151-us-central1","object":"update_transactions/function-source.zip","generation":"1788970792226631"}},"dockerRegistry":"ARTIFACT_REGISTRY","sourceToken":"Cldwcm9qZWN0cy84MzM3NzY3NDIxNTEvbG9jYXRpb25zL3VzLWNlbnRyYWwxL2J1aWxkcy8yZmNhZWU1Ny02ZGYyLTQ3ZGEtODljYi1iNTY4NjAxYTJiM2USeXVzLWNlbnRyYWwxLWRvY2tlci5wa2cuZGV2L3Bha2xhbi00NWMzYy9nY2YtYXJ0aWZhY3RzL3Bha2xhbi0tNDVjM2NfX3VzLS1jZW50cmFsMV9fc2VuZF9fbWVzc2FnZV9fbm90aWZpY2F0aW9uczp2ZXJzaW9uXzEYh97dh6IYIlBwcm9qZWN0cy9wYWtsYW4tNDVjM2MvbG9jYXRpb25zL3VzLWNlbnRyYWwxL2Z1bmN0aW9ucy9zZW5kX21lc3NhZ2Vfbm90aWZpY2F0aW9ucyoLCOqfhtUGEMjr2TUyCXB5dGhvbjMxMzp4CiRnY3IuaW8vZ2FlLXJ1bnRpbWVzL3B5dGhvbjMxMzpzdGFibGUSUHVzLWNlbnRyYWwxLWRvY2tlci5wa2cuZGV2L3NlcnZlcmxlc3MtcnVudGltZXMvZ29vZ2xlLTIyLWZ1bGwvcnVudGltZXMvcHl0aG9uMzEzQAE=","serviceAccount":"projects/paklan-45c3c/serviceAccounts/833776742151-compute@developer.gserviceaccount.com","automaticUpdatePolicy":{}},"serviceConfig":{"service":"projects/paklan-45c3c/locations/us-central1/services/update-transactions","timeoutSeconds":60,"environmentVariables":{"FIREBASE_CONFIG":"{\"projectId\":\"paklan-45c3c\",\"storageBucket\":\"paklan-45c3c.firebasestorage.app\"}","GCLOUD_PROJECT":"paklan-45c3c","EVENTARC_CLOUD_EVENT_SOURCE":"projects/paklan-45c3c/locations/us-central1/services/update_transactions","FUNCTION_SIGNATURE_TYPE":"cloudevent","FUNCTION_TARGET":"update_transactions","LOG_EXECUTION_ID":"true"},"maxInstanceCount":40,"ingressSettings":"ALLOW_ALL","uri":"https://update-transactions-ntcfxe6d7q-uc.a.run.app","serviceAccountEmail":"833776742151-compute@developer.gserviceaccount.com","availableMemory":"256Mi","allTrafficOnLatestRevision":true,"revision":"update-transactions-00069-cel","maxInstanceRequestConcurrency":80,"availableCpu":"1"},"eventTrigger":{"trigger":"projects/paklan-45c3c/locations/northamerica-south1/triggers/update-transactions-224385","triggerRegion":"northamerica-south1","eventType":"google.cloud.firestore.document.v1.created","eventFilters":[{"attribute":"database","value":"(default)"},{"attribute":"namespace","value":"(default)"},{"attribute":"document","value":"transactions/{transactionId}/status/{statusId}","operator":"match-path-pattern"}],"pubsubTopic":"projects/paklan-45c3c/topics/eventarc-northamerica-south1-update-transactions-224385-165","serviceAccountEmail":"833776742151-compute@developer.gserviceaccount.com","retryPolicy":"RETRY_POLICY_DO_NOT_RETRY"},"state":"ACTIVE","labels":{"deployment-tool":"cli-firebase","firebase-functions-hash":"6b3db7f88a3c63cdfb7f613ca4ffc1e6723651f4"},"environment":"GEN_2","url":"https://us-central1-paklan-45c3c.cloudfunctions.net/update_transactions","satisfiesPzi":true},"stages":[{"name":"BUILD","state":"NOT_STARTED"},{"name":"SERVICE","state":"NOT_STARTED"},{"name":"TRIGGER","state":"NOT_STARTED"}],"sourceToken":"Cldwcm9qZWN0cy84MzM3NzY3NDIxNTEvbG9jYXRpb25zL3VzLWNlbnRyYWwxL2J1aWxkcy8yZmNhZWU1Ny02ZGYyLTQ3ZGEtODljYi1iNTY4NjAxYTJiM2USeXVzLWNlbnRyYWwxLWRvY2tlci5wa2cuZGV2L3Bha2xhbi00NWMzYy9nY2YtYXJ0aWZhY3RzL3Bha2xhbi0tNDVjM2NfX3VzLS1jZW50cmFsMV9fc2VuZF9fbWVzc2FnZV9fbm90aWZpY2F0aW9uczp2ZXJzaW9uXzEYh97dh6IYIlBwcm9qZWN0cy9wYWtsYW4tNDVjM2MvbG9jYXRpb25zL3VzLWNlbnRyYWwxL2Z1bmN0aW9ucy9zZW5kX21lc3NhZ2Vfbm90aWZpY2F0aW9ucyoLCOqfhtUGEMjr2TUyCXB5dGhvbjMxMzp4CiRnY3IuaW8vZ2FlLXJ1bnRpbWVzL3B5dGhvbjMxMzpzdGFibGUSUHVzLWNlbnRyYWwxLWRvY2tlci5wa2cuZGV2L3NlcnZlcmxlc3MtcnVudGltZXMvZ29vZ2xlLTIyLWZ1bGwvcnVudGltZXMvcHl0aG9uMzEzQAE=","operationType":"UPDATE_FUNCTION"},"done":false}
[debug] [2026-09-09T16:57:25.195Z] Got source token Cldwcm9qZWN0cy84MzM3NzY3NDIxNTEvbG9jYXRpb25zL3VzLWNlbnRyYWwxL2J1aWxkcy8yZmNhZWU1Ny02ZGYyLTQ3ZGEtODljYi1iNTY4NjAxYTJiM2USeXVzLWNlbnRyYWwxLWRvY2tlci5wa2cuZGV2L3Bha2xhbi00NWMzYy9nY2YtYXJ0aWZhY3RzL3Bha2xhbi0tNDVjM2NfX3VzLS1jZW50cmFsMV9fc2VuZF9fbWVzc2FnZV9fbm90aWZpY2F0aW9uczp2ZXJzaW9uXzEYh97dh6IYIlBwcm9qZWN0cy9wYWtsYW4tNDVjM2MvbG9jYXRpb25zL3VzLWNlbnRyYWwxL2Z1bmN0aW9ucy9zZW5kX21lc3NhZ2Vfbm90aWZpY2F0aW9ucyoLCOqfhtUGEMjr2TUyCXB5dGhvbjMxMzp4CiRnY3IuaW8vZ2FlLXJ1bnRpbWVzL3B5dGhvbjMxMzpzdGFibGUSUHVzLWNlbnRyYWwxLWRvY2tlci5wa2cuZGV2L3NlcnZlcmxlc3MtcnVudGltZXMvZ29vZ2xlLTIyLWZ1bGwvcnVudGltZXMvcHl0aG9uMzEzQAE= for region us-central1
[debug] [2026-09-09T16:57:25.335Z] [update-default-us-central1-create_connect_account] Retrying task index 0
[debug] [2026-09-09T16:57:25.335Z] Checked if tokens are valid: true, expires at: 1788974279132
[debug] [2026-09-09T16:57:25.336Z] Checked if tokens are valid: true, expires at: 1788974279132
[debug] [2026-09-09T16:57:25.336Z] >>> [apiv2][query] GET https://cloudfunctions.googleapis.com/v2/projects/paklan-45c3c/locations/us-central1/operations/operation-1788973043795-65b0fbec9c7a5-dec8ac87-4e9f7707 [none]
[debug] [2026-09-09T16:57:25.361Z] [update-default-us-central1-send_reminder] Retrying task index 0
[debug] [2026-09-09T16:57:25.361Z] Checked if tokens are valid: true, expires at: 1788974279132
[debug] [2026-09-09T16:57:25.362Z] Checked if tokens are valid: true, expires at: 1788974279132
[debug] [2026-09-09T16:57:25.362Z] >>> [apiv2][query] GET https://cloudfunctions.googleapis.com/v2/projects/paklan-45c3c/locations/us-central1/operations/operation-1788973043833-65b0fbeca5918-f20747df-98267adb [none]
[debug] [2026-09-09T16:57:25.373Z] [update-default-us-central1-send_reminder_days] Retrying task index 0
[debug] [2026-09-09T16:57:25.374Z] Checked if tokens are valid: true, expires at: 1788974279132
[debug] [2026-09-09T16:57:25.374Z] Checked if tokens are valid: true, expires at: 1788974279132
[debug] [2026-09-09T16:57:25.374Z] >>> [apiv2][query] GET https://cloudfunctions.googleapis.com/v2/projects/paklan-45c3c/locations/us-central1/operations/operation-1788973043908-65b0fbecb7eaf-8889c026-a3bf8553 [none]
[debug] [2026-09-09T16:57:25.424Z] [update-default-us-central1-update_remaining_hours] Retrying task index 0
[debug] [2026-09-09T16:57:25.425Z] Checked if tokens are valid: true, expires at: 1788974279132
[debug] [2026-09-09T16:57:25.425Z] Checked if tokens are valid: true, expires at: 1788974279132
[debug] [2026-09-09T16:57:25.425Z] >>> [apiv2][query] GET https://cloudfunctions.googleapis.com/v2/projects/paklan-45c3c/locations/us-central1/operations/operation-1788973043960-65b0fbecc4950-209f8619-913613e1 [none]
[debug] [2026-09-09T16:57:25.511Z] <<< [apiv2][status] GET https://cloudfunctions.googleapis.com/v2/projects/paklan-45c3c/locations/us-central1/operations/operation-1788973043795-65b0fbec9c7a5-dec8ac87-4e9f7707 200
[debug] [2026-09-09T16:57:25.511Z] <<< [apiv2][body] GET https://cloudfunctions.googleapis.com/v2/projects/paklan-45c3c/locations/us-central1/operations/operation-1788973043795-65b0fbec9c7a5-dec8ac87-4e9f7707 {"name":"projects/paklan-45c3c/locations/us-central1/operations/operation-1788973043795-65b0fbec9c7a5-dec8ac87-4e9f7707","metadata":{"@type":"type.googleapis.com/google.cloud.functions.v2.OperationMetadata","createTime":"2026-09-09T16:57:24.675265149Z","target":"projects/paklan-45c3c/locations/us-central1/functions/create_connect_account","verb":"update","cancelRequested":false,"apiVersion":"v2","requestResource":{"@type":"type.googleapis.com/google.cloud.functions.v2.Function","name":"projects/paklan-45c3c/locations/us-central1/functions/create_connect_account","buildConfig":{"runtime":"python313","entryPoint":"create_connect_account","source":{"storageSource":{"bucket":"gcf-v2-sources-833776742151-us-central1","object":"create_connect_account/function-source.zip","generation":"1788973044620256"}},"environmentVariables":{"GOOGLE_NODE_RUN_SCRIPTS":""},"dockerRepository":"projects/paklan-45c3c/locations/us-central1/repositories/gcf-artifacts","sourceProvenance":{"resolvedStorageSource":{"bucket":"gcf-v2-sources-833776742151-us-central1","object":"create_connect_account/function-source.zip","generation":"1788970693159070"}},"dockerRegistry":"ARTIFACT_REGISTRY","sourceToken":"Cldwcm9qZWN0cy84MzM3NzY3NDIxNTEvbG9jYXRpb25zL3VzLWNlbnRyYWwxL2J1aWxkcy8yZmNhZWU1Ny02ZGYyLTQ3ZGEtODljYi1iNTY4NjAxYTJiM2USeXVzLWNlbnRyYWwxLWRvY2tlci5wa2cuZGV2L3Bha2xhbi00NWMzYy9nY2YtYXJ0aWZhY3RzL3Bha2xhbi0tNDVjM2NfX3VzLS1jZW50cmFsMV9fc2VuZF9fbWVzc2FnZV9fbm90aWZpY2F0aW9uczp2ZXJzaW9uXzEYh97dh6IYIlBwcm9qZWN0cy9wYWtsYW4tNDVjM2MvbG9jYXRpb25zL3VzLWNlbnRyYWwxL2Z1bmN0aW9ucy9zZW5kX21lc3NhZ2Vfbm90aWZpY2F0aW9ucyoLCOqfhtUGEMjr2TUyCXB5dGhvbjMxMzp4CiRnY3IuaW8vZ2FlLXJ1bnRpbWVzL3B5dGhvbjMxMzpzdGFibGUSUHVzLWNlbnRyYWwxLWRvY2tlci5wa2cuZGV2L3NlcnZlcmxlc3MtcnVudGltZXMvZ29vZ2xlLTIyLWZ1bGwvcnVudGltZXMvcHl0aG9uMzEzQAE=","serviceAccount":"projects/paklan-45c3c/serviceAccounts/833776742151-compute@developer.gserviceaccount.com","automaticUpdatePolicy":{}},"serviceConfig":{"service":"projects/paklan-45c3c/locations/us-central1/services/create-connect-account","timeoutSeconds":60,"environmentVariables":{"FIREBASE_CONFIG":"{\"projectId\":\"paklan-45c3c\",\"storageBucket\":\"paklan-45c3c.firebasestorage.app\"}","GCLOUD_PROJECT":"paklan-45c3c","EVENTARC_CLOUD_EVENT_SOURCE":"projects/paklan-45c3c/locations/us-central1/services/create_connect_account","FUNCTION_TARGET":"create_connect_account","LOG_EXECUTION_ID":"true","FUNCTION_SIGNATURE_TYPE":"http"},"ingressSettings":"ALLOW_ALL","uri":"https://create-connect-account-ntcfxe6d7q-uc.a.run.app","serviceAccountEmail":"833776742151-compute@developer.gserviceaccount.com","availableMemory":"256Mi","allTrafficOnLatestRevision":true,"secretEnvironmentVariables":[{"key":"STRIPE_SECRET_JSON","projectId":"paklan-45c3c","secret":"STRIPE_SECRET_JSON","version":"2"}],"revision":"create-connect-account-00007-naq","maxInstanceRequestConcurrency":80,"availableCpu":"1"},"state":"ACTIVE","labels":{"deployment-tool":"cli-firebase","firebase-functions-hash":"8726483970547ebb56a18dd10dc04c5958b9e046"},"environment":"GEN_2","url":"https://us-central1-paklan-45c3c.cloudfunctions.net/create_connect_account","satisfiesPzi":true},"stages":[{"name":"BUILD","message":"Reusing build","state":"COMPLETE","resource":"projects/833776742151/locations/us-central1/builds/2fcaee57-6df2-47da-89cb-b568601a2b3e"},{"name":"SERVICE","message":"Updating Cloud Run service","state":"IN_PROGRESS","resource":"projects/paklan-45c3c/locations/us-central1/services/create-connect-account","resourceUri":"https://console.cloud.google.com/run/detail/us-central1/create-connect-account?project=paklan-45c3c","stateMessages":[{"severity":"INFO","type":"CloudRunServiceNewRevisionTrafficInfo","message":"A new revision will be deployed serving with 100% traffic."}]}],"sourceToken":"Cldwcm9qZWN0cy84MzM3NzY3NDIxNTEvbG9jYXRpb25zL3VzLWNlbnRyYWwxL2J1aWxkcy8yZmNhZWU1Ny02ZGYyLTQ3ZGEtODljYi1iNTY4NjAxYTJiM2USeXVzLWNlbnRyYWwxLWRvY2tlci5wa2cuZGV2L3Bha2xhbi00NWMzYy9nY2YtYXJ0aWZhY3RzL3Bha2xhbi0tNDVjM2NfX3VzLS1jZW50cmFsMV9fc2VuZF9fbWVzc2FnZV9fbm90aWZpY2F0aW9uczp2ZXJzaW9uXzEYh97dh6IYIlBwcm9qZWN0cy9wYWtsYW4tNDVjM2MvbG9jYXRpb25zL3VzLWNlbnRyYWwxL2Z1bmN0aW9ucy9zZW5kX21lc3NhZ2Vfbm90aWZpY2F0aW9ucyoLCOqfhtUGEMjr2TUyCXB5dGhvbjMxMzp4CiRnY3IuaW8vZ2FlLXJ1bnRpbWVzL3B5dGhvbjMxMzpzdGFibGUSUHVzLWNlbnRyYWwxLWRvY2tlci5wa2cuZGV2L3NlcnZlcmxlc3MtcnVudGltZXMvZ29vZ2xlLTIyLWZ1bGwvcnVudGltZXMvcHl0aG9uMzEzQAE=","operationType":"UPDATE_FUNCTION","buildName":"projects/833776742151/locations/us-central1/builds/2fcaee57-6df2-47da-89cb-b568601a2b3e"},"done":false}
[debug] [2026-09-09T16:57:25.512Z] Got source token Cldwcm9qZWN0cy84MzM3NzY3NDIxNTEvbG9jYXRpb25zL3VzLWNlbnRyYWwxL2J1aWxkcy8yZmNhZWU1Ny02ZGYyLTQ3ZGEtODljYi1iNTY4NjAxYTJiM2USeXVzLWNlbnRyYWwxLWRvY2tlci5wa2cuZGV2L3Bha2xhbi00NWMzYy9nY2YtYXJ0aWZhY3RzL3Bha2xhbi0tNDVjM2NfX3VzLS1jZW50cmFsMV9fc2VuZF9fbWVzc2FnZV9fbm90aWZpY2F0aW9uczp2ZXJzaW9uXzEYh97dh6IYIlBwcm9qZWN0cy9wYWtsYW4tNDVjM2MvbG9jYXRpb25zL3VzLWNlbnRyYWwxL2Z1bmN0aW9ucy9zZW5kX21lc3NhZ2Vfbm90aWZpY2F0aW9ucyoLCOqfhtUGEMjr2TUyCXB5dGhvbjMxMzp4CiRnY3IuaW8vZ2FlLXJ1bnRpbWVzL3B5dGhvbjMxMzpzdGFibGUSUHVzLWNlbnRyYWwxLWRvY2tlci5wa2cuZGV2L3NlcnZlcmxlc3MtcnVudGltZXMvZ29vZ2xlLTIyLWZ1bGwvcnVudGltZXMvcHl0aG9uMzEzQAE= for region us-central1
[debug] [2026-09-09T16:57:25.537Z] <<< [apiv2][status] GET https://cloudfunctions.googleapis.com/v2/projects/paklan-45c3c/locations/us-central1/operations/operation-1788973043833-65b0fbeca5918-f20747df-98267adb 200
[debug] [2026-09-09T16:57:25.537Z] <<< [apiv2][body] GET https://cloudfunctions.googleapis.com/v2/projects/paklan-45c3c/locations/us-central1/operations/operation-1788973043833-65b0fbeca5918-f20747df-98267adb {"name":"projects/paklan-45c3c/locations/us-central1/operations/operation-1788973043833-65b0fbeca5918-f20747df-98267adb","metadata":{"@type":"type.googleapis.com/google.cloud.functions.v2.OperationMetadata","createTime":"2026-09-09T16:57:24.688703448Z","target":"projects/paklan-45c3c/locations/us-central1/functions/send_reminder","verb":"update","cancelRequested":false,"apiVersion":"v2","requestResource":{"@type":"type.googleapis.com/google.cloud.functions.v2.Function","name":"projects/paklan-45c3c/locations/us-central1/functions/send_reminder","buildConfig":{"runtime":"python313","entryPoint":"send_reminder","source":{"storageSource":{"bucket":"gcf-v2-sources-833776742151-us-central1","object":"send_reminder/function-source.zip","generation":"1788973044627381"}},"environmentVariables":{"GOOGLE_NODE_RUN_SCRIPTS":""},"dockerRepository":"projects/paklan-45c3c/locations/us-central1/repositories/gcf-artifacts","sourceProvenance":{"resolvedStorageSource":{"bucket":"gcf-v2-sources-833776742151-us-central1","object":"send_reminder/function-source.zip","generation":"1788970791980702"}},"dockerRegistry":"ARTIFACT_REGISTRY","sourceToken":"Cldwcm9qZWN0cy84MzM3NzY3NDIxNTEvbG9jYXRpb25zL3VzLWNlbnRyYWwxL2J1aWxkcy8yZmNhZWU1Ny02ZGYyLTQ3ZGEtODljYi1iNTY4NjAxYTJiM2USeXVzLWNlbnRyYWwxLWRvY2tlci5wa2cuZGV2L3Bha2xhbi00NWMzYy9nY2YtYXJ0aWZhY3RzL3Bha2xhbi0tNDVjM2NfX3VzLS1jZW50cmFsMV9fc2VuZF9fbWVzc2FnZV9fbm90aWZpY2F0aW9uczp2ZXJzaW9uXzEYh97dh6IYIlBwcm9qZWN0cy9wYWtsYW4tNDVjM2MvbG9jYXRpb25zL3VzLWNlbnRyYWwxL2Z1bmN0aW9ucy9zZW5kX21lc3NhZ2Vfbm90aWZpY2F0aW9ucyoLCOqfhtUGEMjr2TUyCXB5dGhvbjMxMzp4CiRnY3IuaW8vZ2FlLXJ1bnRpbWVzL3B5dGhvbjMxMzpzdGFibGUSUHVzLWNlbnRyYWwxLWRvY2tlci5wa2cuZGV2L3NlcnZlcmxlc3MtcnVudGltZXMvZ29vZ2xlLTIyLWZ1bGwvcnVudGltZXMvcHl0aG9uMzEzQAE=","serviceAccount":"projects/paklan-45c3c/serviceAccounts/833776742151-compute@developer.gserviceaccount.com","automaticUpdatePolicy":{}},"serviceConfig":{"service":"projects/paklan-45c3c/locations/us-central1/services/send-reminder","timeoutSeconds":60,"environmentVariables":{"FIREBASE_CONFIG":"{\"projectId\":\"paklan-45c3c\",\"storageBucket\":\"paklan-45c3c.firebasestorage.app\"}","GCLOUD_PROJECT":"paklan-45c3c","EVENTARC_CLOUD_EVENT_SOURCE":"projects/paklan-45c3c/locations/us-central1/services/send_reminder","FUNCTION_TARGET":"send_reminder","LOG_EXECUTION_ID":"true","FUNCTION_SIGNATURE_TYPE":"http"},"ingressSettings":"ALLOW_ALL","uri":"https://send-reminder-ntcfxe6d7q-uc.a.run.app","serviceAccountEmail":"833776742151-compute@developer.gserviceaccount.com","availableMemory":"256Mi","allTrafficOnLatestRevision":true,"revision":"send-reminder-00045-jec","maxInstanceRequestConcurrency":80,"availableCpu":"1"},"state":"ACTIVE","labels":{"deployment-tool":"cli-firebase","deployment-scheduled":"true","firebase-functions-hash":"6b3db7f88a3c63cdfb7f613ca4ffc1e6723651f4"},"environment":"GEN_2","url":"https://us-central1-paklan-45c3c.cloudfunctions.net/send_reminder","satisfiesPzi":true},"stages":[{"name":"BUILD","message":"Reusing build","state":"COMPLETE","resource":"projects/833776742151/locations/us-central1/builds/2fcaee57-6df2-47da-89cb-b568601a2b3e"},{"name":"SERVICE","state":"NOT_STARTED"}],"sourceToken":"Cldwcm9qZWN0cy84MzM3NzY3NDIxNTEvbG9jYXRpb25zL3VzLWNlbnRyYWwxL2J1aWxkcy8yZmNhZWU1Ny02ZGYyLTQ3ZGEtODljYi1iNTY4NjAxYTJiM2USeXVzLWNlbnRyYWwxLWRvY2tlci5wa2cuZGV2L3Bha2xhbi00NWMzYy9nY2YtYXJ0aWZhY3RzL3Bha2xhbi0tNDVjM2NfX3VzLS1jZW50cmFsMV9fc2VuZF9fbWVzc2FnZV9fbm90aWZpY2F0aW9uczp2ZXJzaW9uXzEYh97dh6IYIlBwcm9qZWN0cy9wYWtsYW4tNDVjM2MvbG9jYXRpb25zL3VzLWNlbnRyYWwxL2Z1bmN0aW9ucy9zZW5kX21lc3NhZ2Vfbm90aWZpY2F0aW9ucyoLCOqfhtUGEMjr2TUyCXB5dGhvbjMxMzp4CiRnY3IuaW8vZ2FlLXJ1bnRpbWVzL3B5dGhvbjMxMzpzdGFibGUSUHVzLWNlbnRyYWwxLWRvY2tlci5wa2cuZGV2L3NlcnZlcmxlc3MtcnVudGltZXMvZ29vZ2xlLTIyLWZ1bGwvcnVudGltZXMvcHl0aG9uMzEzQAE=","operationType":"UPDATE_FUNCTION","buildName":"projects/833776742151/locations/us-central1/builds/2fcaee57-6df2-47da-89cb-b568601a2b3e"},"done":false}
[debug] [2026-09-09T16:57:25.538Z] Got source token Cldwcm9qZWN0cy84MzM3NzY3NDIxNTEvbG9jYXRpb25zL3VzLWNlbnRyYWwxL2J1aWxkcy8yZmNhZWU1Ny02ZGYyLTQ3ZGEtODljYi1iNTY4NjAxYTJiM2USeXVzLWNlbnRyYWwxLWRvY2tlci5wa2cuZGV2L3Bha2xhbi00NWMzYy9nY2YtYXJ0aWZhY3RzL3Bha2xhbi0tNDVjM2NfX3VzLS1jZW50cmFsMV9fc2VuZF9fbWVzc2FnZV9fbm90aWZpY2F0aW9uczp2ZXJzaW9uXzEYh97dh6IYIlBwcm9qZWN0cy9wYWtsYW4tNDVjM2MvbG9jYXRpb25zL3VzLWNlbnRyYWwxL2Z1bmN0aW9ucy9zZW5kX21lc3NhZ2Vfbm90aWZpY2F0aW9ucyoLCOqfhtUGEMjr2TUyCXB5dGhvbjMxMzp4CiRnY3IuaW8vZ2FlLXJ1bnRpbWVzL3B5dGhvbjMxMzpzdGFibGUSUHVzLWNlbnRyYWwxLWRvY2tlci5wa2cuZGV2L3NlcnZlcmxlc3MtcnVudGltZXMvZ29vZ2xlLTIyLWZ1bGwvcnVudGltZXMvcHl0aG9uMzEzQAE= for region us-central1
[debug] [2026-09-09T16:57:25.539Z] <<< [apiv2][status] GET https://cloudfunctions.googleapis.com/v2/projects/paklan-45c3c/locations/us-central1/operations/operation-1788973043908-65b0fbecb7eaf-8889c026-a3bf8553 200
[debug] [2026-09-09T16:57:25.539Z] <<< [apiv2][body] GET https://cloudfunctions.googleapis.com/v2/projects/paklan-45c3c/locations/us-central1/operations/operation-1788973043908-65b0fbecb7eaf-8889c026-a3bf8553 {"name":"projects/paklan-45c3c/locations/us-central1/operations/operation-1788973043908-65b0fbecb7eaf-8889c026-a3bf8553","metadata":{"@type":"type.googleapis.com/google.cloud.functions.v2.OperationMetadata","createTime":"2026-09-09T16:57:24.723956700Z","target":"projects/paklan-45c3c/locations/us-central1/functions/send_reminder_days","verb":"update","cancelRequested":false,"apiVersion":"v2","requestResource":{"@type":"type.googleapis.com/google.cloud.functions.v2.Function","name":"projects/paklan-45c3c/locations/us-central1/functions/send_reminder_days","buildConfig":{"runtime":"python313","entryPoint":"send_reminder_days","source":{"storageSource":{"bucket":"gcf-v2-sources-833776742151-us-central1","object":"send_reminder_days/function-source.zip","generation":"1788973044670399"}},"environmentVariables":{"GOOGLE_NODE_RUN_SCRIPTS":""},"dockerRepository":"projects/paklan-45c3c/locations/us-central1/repositories/gcf-artifacts","sourceProvenance":{"resolvedStorageSource":{"bucket":"gcf-v2-sources-833776742151-us-central1","object":"send_reminder_days/function-source.zip","generation":"1788970791908513"}},"dockerRegistry":"ARTIFACT_REGISTRY","sourceToken":"Cldwcm9qZWN0cy84MzM3NzY3NDIxNTEvbG9jYXRpb25zL3VzLWNlbnRyYWwxL2J1aWxkcy8yZmNhZWU1Ny02ZGYyLTQ3ZGEtODljYi1iNTY4NjAxYTJiM2USeXVzLWNlbnRyYWwxLWRvY2tlci5wa2cuZGV2L3Bha2xhbi00NWMzYy9nY2YtYXJ0aWZhY3RzL3Bha2xhbi0tNDVjM2NfX3VzLS1jZW50cmFsMV9fc2VuZF9fbWVzc2FnZV9fbm90aWZpY2F0aW9uczp2ZXJzaW9uXzEYh97dh6IYIlBwcm9qZWN0cy9wYWtsYW4tNDVjM2MvbG9jYXRpb25zL3VzLWNlbnRyYWwxL2Z1bmN0aW9ucy9zZW5kX21lc3NhZ2Vfbm90aWZpY2F0aW9ucyoLCOqfhtUGEMjr2TUyCXB5dGhvbjMxMzp4CiRnY3IuaW8vZ2FlLXJ1bnRpbWVzL3B5dGhvbjMxMzpzdGFibGUSUHVzLWNlbnRyYWwxLWRvY2tlci5wa2cuZGV2L3NlcnZlcmxlc3MtcnVudGltZXMvZ29vZ2xlLTIyLWZ1bGwvcnVudGltZXMvcHl0aG9uMzEzQAE=","serviceAccount":"projects/paklan-45c3c/serviceAccounts/833776742151-compute@developer.gserviceaccount.com","automaticUpdatePolicy":{}},"serviceConfig":{"service":"projects/paklan-45c3c/locations/us-central1/services/send-reminder-days","timeoutSeconds":60,"environmentVariables":{"FIREBASE_CONFIG":"{\"projectId\":\"paklan-45c3c\",\"storageBucket\":\"paklan-45c3c.firebasestorage.app\"}","GCLOUD_PROJECT":"paklan-45c3c","EVENTARC_CLOUD_EVENT_SOURCE":"projects/paklan-45c3c/locations/us-central1/services/send_reminder_days","FUNCTION_TARGET":"send_reminder_days","LOG_EXECUTION_ID":"true","FUNCTION_SIGNATURE_TYPE":"http"},"ingressSettings":"ALLOW_ALL","uri":"https://send-reminder-days-ntcfxe6d7q-uc.a.run.app","serviceAccountEmail":"833776742151-compute@developer.gserviceaccount.com","availableMemory":"256Mi","allTrafficOnLatestRevision":true,"revision":"send-reminder-days-00039-naf","maxInstanceRequestConcurrency":80,"availableCpu":"1"},"state":"ACTIVE","labels":{"deployment-tool":"cli-firebase","deployment-scheduled":"true","firebase-functions-hash":"6b3db7f88a3c63cdfb7f613ca4ffc1e6723651f4"},"environment":"GEN_2","url":"https://us-central1-paklan-45c3c.cloudfunctions.net/send_reminder_days","satisfiesPzi":true},"stages":[{"name":"BUILD","message":"Reusing build","state":"COMPLETE","resource":"projects/833776742151/locations/us-central1/builds/2fcaee57-6df2-47da-89cb-b568601a2b3e"},{"name":"SERVICE","message":"Updating Cloud Run service","state":"IN_PROGRESS","resource":"projects/paklan-45c3c/locations/us-central1/services/send-reminder-days","resourceUri":"https://console.cloud.google.com/run/detail/us-central1/send-reminder-days?project=paklan-45c3c","stateMessages":[{"severity":"INFO","type":"CloudRunServiceNewRevisionTrafficInfo","message":"A new revision will be deployed serving with 100% traffic."}]}],"sourceToken":"Cldwcm9qZWN0cy84MzM3NzY3NDIxNTEvbG9jYXRpb25zL3VzLWNlbnRyYWwxL2J1aWxkcy8yZmNhZWU1Ny02ZGYyLTQ3ZGEtODljYi1iNTY4NjAxYTJiM2USeXVzLWNlbnRyYWwxLWRvY2tlci5wa2cuZGV2L3Bha2xhbi00NWMzYy9nY2YtYXJ0aWZhY3RzL3Bha2xhbi0tNDVjM2NfX3VzLS1jZW50cmFsMV9fc2VuZF9fbWVzc2FnZV9fbm90aWZpY2F0aW9uczp2ZXJzaW9uXzEYh97dh6IYIlBwcm9qZWN0cy9wYWtsYW4tNDVjM2MvbG9jYXRpb25zL3VzLWNlbnRyYWwxL2Z1bmN0aW9ucy9zZW5kX21lc3NhZ2Vfbm90aWZpY2F0aW9ucyoLCOqfhtUGEMjr2TUyCXB5dGhvbjMxMzp4CiRnY3IuaW8vZ2FlLXJ1bnRpbWVzL3B5dGhvbjMxMzpzdGFibGUSUHVzLWNlbnRyYWwxLWRvY2tlci5wa2cuZGV2L3NlcnZlcmxlc3MtcnVudGltZXMvZ29vZ2xlLTIyLWZ1bGwvcnVudGltZXMvcHl0aG9uMzEzQAE=","operationType":"UPDATE_FUNCTION","buildName":"projects/833776742151/locations/us-central1/builds/2fcaee57-6df2-47da-89cb-b568601a2b3e"},"done":false}
[debug] [2026-09-09T16:57:25.539Z] Got source token Cldwcm9qZWN0cy84MzM3NzY3NDIxNTEvbG9jYXRpb25zL3VzLWNlbnRyYWwxL2J1aWxkcy8yZmNhZWU1Ny02ZGYyLTQ3ZGEtODljYi1iNTY4NjAxYTJiM2USeXVzLWNlbnRyYWwxLWRvY2tlci5wa2cuZGV2L3Bha2xhbi00NWMzYy9nY2YtYXJ0aWZhY3RzL3Bha2xhbi0tNDVjM2NfX3VzLS1jZW50cmFsMV9fc2VuZF9fbWVzc2FnZV9fbm90aWZpY2F0aW9uczp2ZXJzaW9uXzEYh97dh6IYIlBwcm9qZWN0cy9wYWtsYW4tNDVjM2MvbG9jYXRpb25zL3VzLWNlbnRyYWwxL2Z1bmN0aW9ucy9zZW5kX21lc3NhZ2Vfbm90aWZpY2F0aW9ucyoLCOqfhtUGEMjr2TUyCXB5dGhvbjMxMzp4CiRnY3IuaW8vZ2FlLXJ1bnRpbWVzL3B5dGhvbjMxMzpzdGFibGUSUHVzLWNlbnRyYWwxLWRvY2tlci5wa2cuZGV2L3NlcnZlcmxlc3MtcnVudGltZXMvZ29vZ2xlLTIyLWZ1bGwvcnVudGltZXMvcHl0aG9uMzEzQAE= for region us-central1
[debug] [2026-09-09T16:57:25.592Z] <<< [apiv2][status] GET https://cloudfunctions.googleapis.com/v2/projects/paklan-45c3c/locations/us-central1/operations/operation-1788973043960-65b0fbecc4950-209f8619-913613e1 200
[debug] [2026-09-09T16:57:25.592Z] <<< [apiv2][body] GET https://cloudfunctions.googleapis.com/v2/projects/paklan-45c3c/locations/us-central1/operations/operation-1788973043960-65b0fbecc4950-209f8619-913613e1 {"name":"projects/paklan-45c3c/locations/us-central1/operations/operation-1788973043960-65b0fbecc4950-209f8619-913613e1","metadata":{"@type":"type.googleapis.com/google.cloud.functions.v2.OperationMetadata","createTime":"2026-09-09T16:57:24.755356322Z","target":"projects/paklan-45c3c/locations/us-central1/functions/update_remaining_hours","verb":"update","cancelRequested":false,"apiVersion":"v2","requestResource":{"@type":"type.googleapis.com/google.cloud.functions.v2.Function","name":"projects/paklan-45c3c/locations/us-central1/functions/update_remaining_hours","buildConfig":{"runtime":"python313","entryPoint":"update_remaining_hours","source":{"storageSource":{"bucket":"gcf-v2-sources-833776742151-us-central1","object":"update_remaining_hours/function-source.zip","generation":"1788973044706305"}},"environmentVariables":{"GOOGLE_NODE_RUN_SCRIPTS":""},"dockerRepository":"projects/paklan-45c3c/locations/us-central1/repositories/gcf-artifacts","sourceProvenance":{"resolvedStorageSource":{"bucket":"gcf-v2-sources-833776742151-us-central1","object":"update_remaining_hours/function-source.zip","generation":"1788970792102205"}},"dockerRegistry":"ARTIFACT_REGISTRY","sourceToken":"Cldwcm9qZWN0cy84MzM3NzY3NDIxNTEvbG9jYXRpb25zL3VzLWNlbnRyYWwxL2J1aWxkcy8yZmNhZWU1Ny02ZGYyLTQ3ZGEtODljYi1iNTY4NjAxYTJiM2USeXVzLWNlbnRyYWwxLWRvY2tlci5wa2cuZGV2L3Bha2xhbi00NWMzYy9nY2YtYXJ0aWZhY3RzL3Bha2xhbi0tNDVjM2NfX3VzLS1jZW50cmFsMV9fc2VuZF9fbWVzc2FnZV9fbm90aWZpY2F0aW9uczp2ZXJzaW9uXzEYh97dh6IYIlBwcm9qZWN0cy9wYWtsYW4tNDVjM2MvbG9jYXRpb25zL3VzLWNlbnRyYWwxL2Z1bmN0aW9ucy9zZW5kX21lc3NhZ2Vfbm90aWZpY2F0aW9ucyoLCOqfhtUGEMjr2TUyCXB5dGhvbjMxMzp4CiRnY3IuaW8vZ2FlLXJ1bnRpbWVzL3B5dGhvbjMxMzpzdGFibGUSUHVzLWNlbnRyYWwxLWRvY2tlci5wa2cuZGV2L3NlcnZlcmxlc3MtcnVudGltZXMvZ29vZ2xlLTIyLWZ1bGwvcnVudGltZXMvcHl0aG9uMzEzQAE=","serviceAccount":"projects/paklan-45c3c/serviceAccounts/833776742151-compute@developer.gserviceaccount.com","automaticUpdatePolicy":{}},"serviceConfig":{"service":"projects/paklan-45c3c/locations/us-central1/services/update-remaining-hours","timeoutSeconds":60,"environmentVariables":{"FIREBASE_CONFIG":"{\"projectId\":\"paklan-45c3c\",\"storageBucket\":\"paklan-45c3c.firebasestorage.app\"}","GCLOUD_PROJECT":"paklan-45c3c","EVENTARC_CLOUD_EVENT_SOURCE":"projects/paklan-45c3c/locations/us-central1/services/update_remaining_hours","FUNCTION_TARGET":"update_remaining_hours","LOG_EXECUTION_ID":"true","FUNCTION_SIGNATURE_TYPE":"http"},"ingressSettings":"ALLOW_ALL","uri":"https://update-remaining-hours-ntcfxe6d7q-uc.a.run.app","serviceAccountEmail":"833776742151-compute@developer.gserviceaccount.com","availableMemory":"256Mi","allTrafficOnLatestRevision":true,"revision":"update-remaining-hours-00045-tuk","maxInstanceRequestConcurrency":80,"availableCpu":"1"},"state":"ACTIVE","labels":{"deployment-tool":"cli-firebase","deployment-scheduled":"true","firebase-functions-hash":"6b3db7f88a3c63cdfb7f613ca4ffc1e6723651f4"},"environment":"GEN_2","url":"https://us-central1-paklan-45c3c.cloudfunctions.net/update_remaining_hours","satisfiesPzi":true},"stages":[{"name":"BUILD","message":"Reusing build","state":"COMPLETE","resource":"projects/833776742151/locations/us-central1/builds/2fcaee57-6df2-47da-89cb-b568601a2b3e"},{"name":"SERVICE","message":"Updating Cloud Run service","state":"IN_PROGRESS","resource":"projects/paklan-45c3c/locations/us-central1/services/update-remaining-hours","resourceUri":"https://console.cloud.google.com/run/detail/us-central1/update-remaining-hours?project=paklan-45c3c","stateMessages":[{"severity":"INFO","type":"CloudRunServiceNewRevisionTrafficInfo","message":"A new revision will be deployed serving with 100% traffic."}]}],"sourceToken":"Cldwcm9qZWN0cy84MzM3NzY3NDIxNTEvbG9jYXRpb25zL3VzLWNlbnRyYWwxL2J1aWxkcy8yZmNhZWU1Ny02ZGYyLTQ3ZGEtODljYi1iNTY4NjAxYTJiM2USeXVzLWNlbnRyYWwxLWRvY2tlci5wa2cuZGV2L3Bha2xhbi00NWMzYy9nY2YtYXJ0aWZhY3RzL3Bha2xhbi0tNDVjM2NfX3VzLS1jZW50cmFsMV9fc2VuZF9fbWVzc2FnZV9fbm90aWZpY2F0aW9uczp2ZXJzaW9uXzEYh97dh6IYIlBwcm9qZWN0cy9wYWtsYW4tNDVjM2MvbG9jYXRpb25zL3VzLWNlbnRyYWwxL2Z1bmN0aW9ucy9zZW5kX21lc3NhZ2Vfbm90aWZpY2F0aW9ucyoLCOqfhtUGEMjr2TUyCXB5dGhvbjMxMzp4CiRnY3IuaW8vZ2FlLXJ1bnRpbWVzL3B5dGhvbjMxMzpzdGFibGUSUHVzLWNlbnRyYWwxLWRvY2tlci5wa2cuZGV2L3NlcnZlcmxlc3MtcnVudGltZXMvZ29vZ2xlLTIyLWZ1bGwvcnVudGltZXMvcHl0aG9uMzEzQAE=","operationType":"UPDATE_FUNCTION","buildName":"projects/833776742151/locations/us-central1/builds/2fcaee57-6df2-47da-89cb-b568601a2b3e"},"done":false}
[debug] [2026-09-09T16:57:25.592Z] Got source token Cldwcm9qZWN0cy84MzM3NzY3NDIxNTEvbG9jYXRpb25zL3VzLWNlbnRyYWwxL2J1aWxkcy8yZmNhZWU1Ny02ZGYyLTQ3ZGEtODljYi1iNTY4NjAxYTJiM2USeXVzLWNlbnRyYWwxLWRvY2tlci5wa2cuZGV2L3Bha2xhbi00NWMzYy9nY2YtYXJ0aWZhY3RzL3Bha2xhbi0tNDVjM2NfX3VzLS1jZW50cmFsMV9fc2VuZF9fbWVzc2FnZV9fbm90aWZpY2F0aW9uczp2ZXJzaW9uXzEYh97dh6IYIlBwcm9qZWN0cy9wYWtsYW4tNDVjM2MvbG9jYXRpb25zL3VzLWNlbnRyYWwxL2Z1bmN0aW9ucy9zZW5kX21lc3NhZ2Vfbm90aWZpY2F0aW9ucyoLCOqfhtUGEMjr2TUyCXB5dGhvbjMxMzp4CiRnY3IuaW8vZ2FlLXJ1bnRpbWVzL3B5dGhvbjMxMzpzdGFibGUSUHVzLWNlbnRyYWwxLWRvY2tlci5wa2cuZGV2L3NlcnZlcmxlc3MtcnVudGltZXMvZ29vZ2xlLTIyLWZ1bGwvcnVudGltZXMvcHl0aG9uMzEzQAE= for region us-central1
[debug] [2026-09-09T16:57:25.696Z] [update-default-us-central1-update_transactions] Retrying task index 0
[debug] [2026-09-09T16:57:25.697Z] Checked if tokens are valid: true, expires at: 1788974279132
[debug] [2026-09-09T16:57:25.697Z] Checked if tokens are valid: true, expires at: 1788974279132
[debug] [2026-09-09T16:57:25.697Z] >>> [apiv2][query] GET https://cloudfunctions.googleapis.com/v2/projects/paklan-45c3c/locations/us-central1/operations/operation-1788973043943-65b0fbecc08d0-6e813645-fc590533 [none]
[debug] [2026-09-09T16:57:25.828Z] <<< [apiv2][status] GET https://cloudfunctions.googleapis.com/v2/projects/paklan-45c3c/locations/us-central1/operations/operation-1788973043943-65b0fbecc08d0-6e813645-fc590533 200
[debug] [2026-09-09T16:57:25.828Z] <<< [apiv2][body] GET https://cloudfunctions.googleapis.com/v2/projects/paklan-45c3c/locations/us-central1/operations/operation-1788973043943-65b0fbecc08d0-6e813645-fc590533 {"name":"projects/paklan-45c3c/locations/us-central1/operations/operation-1788973043943-65b0fbecc08d0-6e813645-fc590533","metadata":{"@type":"type.googleapis.com/google.cloud.functions.v2.OperationMetadata","createTime":"2026-09-09T16:57:25.021467485Z","target":"projects/paklan-45c3c/locations/us-central1/functions/update_transactions","verb":"update","cancelRequested":false,"apiVersion":"v2","requestResource":{"@type":"type.googleapis.com/google.cloud.functions.v2.Function","name":"projects/paklan-45c3c/locations/us-central1/functions/update_transactions","buildConfig":{"runtime":"python313","entryPoint":"update_transactions","source":{"storageSource":{"bucket":"gcf-v2-sources-833776742151-us-central1","object":"update_transactions/function-source.zip","generation":"1788973044974601"}},"environmentVariables":{"GOOGLE_NODE_RUN_SCRIPTS":""},"dockerRepository":"projects/paklan-45c3c/locations/us-central1/repositories/gcf-artifacts","sourceProvenance":{"resolvedStorageSource":{"bucket":"gcf-v2-sources-833776742151-us-central1","object":"update_transactions/function-source.zip","generation":"1788970792226631"}},"dockerRegistry":"ARTIFACT_REGISTRY","sourceToken":"Cldwcm9qZWN0cy84MzM3NzY3NDIxNTEvbG9jYXRpb25zL3VzLWNlbnRyYWwxL2J1aWxkcy8yZmNhZWU1Ny02ZGYyLTQ3ZGEtODljYi1iNTY4NjAxYTJiM2USeXVzLWNlbnRyYWwxLWRvY2tlci5wa2cuZGV2L3Bha2xhbi00NWMzYy9nY2YtYXJ0aWZhY3RzL3Bha2xhbi0tNDVjM2NfX3VzLS1jZW50cmFsMV9fc2VuZF9fbWVzc2FnZV9fbm90aWZpY2F0aW9uczp2ZXJzaW9uXzEYh97dh6IYIlBwcm9qZWN0cy9wYWtsYW4tNDVjM2MvbG9jYXRpb25zL3VzLWNlbnRyYWwxL2Z1bmN0aW9ucy9zZW5kX21lc3NhZ2Vfbm90aWZpY2F0aW9ucyoLCOqfhtUGEMjr2TUyCXB5dGhvbjMxMzp4CiRnY3IuaW8vZ2FlLXJ1bnRpbWVzL3B5dGhvbjMxMzpzdGFibGUSUHVzLWNlbnRyYWwxLWRvY2tlci5wa2cuZGV2L3NlcnZlcmxlc3MtcnVudGltZXMvZ29vZ2xlLTIyLWZ1bGwvcnVudGltZXMvcHl0aG9uMzEzQAE=","serviceAccount":"projects/paklan-45c3c/serviceAccounts/833776742151-compute@developer.gserviceaccount.com","automaticUpdatePolicy":{}},"serviceConfig":{"service":"projects/paklan-45c3c/locations/us-central1/services/update-transactions","timeoutSeconds":60,"environmentVariables":{"FIREBASE_CONFIG":"{\"projectId\":\"paklan-45c3c\",\"storageBucket\":\"paklan-45c3c.firebasestorage.app\"}","GCLOUD_PROJECT":"paklan-45c3c","EVENTARC_CLOUD_EVENT_SOURCE":"projects/paklan-45c3c/locations/us-central1/services/update_transactions","FUNCTION_SIGNATURE_TYPE":"cloudevent","FUNCTION_TARGET":"update_transactions","LOG_EXECUTION_ID":"true"},"maxInstanceCount":40,"ingressSettings":"ALLOW_ALL","uri":"https://update-transactions-ntcfxe6d7q-uc.a.run.app","serviceAccountEmail":"833776742151-compute@developer.gserviceaccount.com","availableMemory":"256Mi","allTrafficOnLatestRevision":true,"revision":"update-transactions-00069-cel","maxInstanceRequestConcurrency":80,"availableCpu":"1"},"eventTrigger":{"trigger":"projects/paklan-45c3c/locations/northamerica-south1/triggers/update-transactions-224385","triggerRegion":"northamerica-south1","eventType":"google.cloud.firestore.document.v1.created","eventFilters":[{"attribute":"database","value":"(default)"},{"attribute":"namespace","value":"(default)"},{"attribute":"document","value":"transactions/{transactionId}/status/{statusId}","operator":"match-path-pattern"}],"pubsubTopic":"projects/paklan-45c3c/topics/eventarc-northamerica-south1-update-transactions-224385-165","serviceAccountEmail":"833776742151-compute@developer.gserviceaccount.com","retryPolicy":"RETRY_POLICY_DO_NOT_RETRY"},"state":"ACTIVE","labels":{"deployment-tool":"cli-firebase","firebase-functions-hash":"6b3db7f88a3c63cdfb7f613ca4ffc1e6723651f4"},"environment":"GEN_2","url":"https://us-central1-paklan-45c3c.cloudfunctions.net/update_transactions","satisfiesPzi":true},"stages":[{"name":"BUILD","message":"Reusing build","state":"COMPLETE","resource":"projects/833776742151/locations/us-central1/builds/2fcaee57-6df2-47da-89cb-b568601a2b3e"},{"name":"SERVICE","message":"Updating Cloud Run service","state":"IN_PROGRESS","resource":"projects/paklan-45c3c/locations/us-central1/services/update-transactions","resourceUri":"https://console.cloud.google.com/run/detail/us-central1/update-transactions?project=paklan-45c3c","stateMessages":[{"severity":"INFO","type":"CloudRunServiceNewRevisionTrafficInfo","message":"A new revision will be deployed serving with 100% traffic."}]},{"name":"TRIGGER","state":"NOT_STARTED"}],"sourceToken":"Cldwcm9qZWN0cy84MzM3NzY3NDIxNTEvbG9jYXRpb25zL3VzLWNlbnRyYWwxL2J1aWxkcy8yZmNhZWU1Ny02ZGYyLTQ3ZGEtODljYi1iNTY4NjAxYTJiM2USeXVzLWNlbnRyYWwxLWRvY2tlci5wa2cuZGV2L3Bha2xhbi00NWMzYy9nY2YtYXJ0aWZhY3RzL3Bha2xhbi0tNDVjM2NfX3VzLS1jZW50cmFsMV9fc2VuZF9fbWVzc2FnZV9fbm90aWZpY2F0aW9uczp2ZXJzaW9uXzEYh97dh6IYIlBwcm9qZWN0cy9wYWtsYW4tNDVjM2MvbG9jYXRpb25zL3VzLWNlbnRyYWwxL2Z1bmN0aW9ucy9zZW5kX21lc3NhZ2Vfbm90aWZpY2F0aW9ucyoLCOqfhtUGEMjr2TUyCXB5dGhvbjMxMzp4CiRnY3IuaW8vZ2FlLXJ1bnRpbWVzL3B5dGhvbjMxMzpzdGFibGUSUHVzLWNlbnRyYWwxLWRvY2tlci5wa2cuZGV2L3NlcnZlcmxlc3MtcnVudGltZXMvZ29vZ2xlLTIyLWZ1bGwvcnVudGltZXMvcHl0aG9uMzEzQAE=","operationType":"UPDATE_FUNCTION","buildName":"projects/833776742151/locations/us-central1/builds/2fcaee57-6df2-47da-89cb-b568601a2b3e"},"done":false}
[debug] [2026-09-09T16:57:25.828Z] Got source token Cldwcm9qZWN0cy84MzM3NzY3NDIxNTEvbG9jYXRpb25zL3VzLWNlbnRyYWwxL2J1aWxkcy8yZmNhZWU1Ny02ZGYyLTQ3ZGEtODljYi1iNTY4NjAxYTJiM2USeXVzLWNlbnRyYWwxLWRvY2tlci5wa2cuZGV2L3Bha2xhbi00NWMzYy9nY2YtYXJ0aWZhY3RzL3Bha2xhbi0tNDVjM2NfX3VzLS1jZW50cmFsMV9fc2VuZF9fbWVzc2FnZV9fbm90aWZpY2F0aW9uczp2ZXJzaW9uXzEYh97dh6IYIlBwcm9qZWN0cy9wYWtsYW4tNDVjM2MvbG9jYXRpb25zL3VzLWNlbnRyYWwxL2Z1bmN0aW9ucy9zZW5kX21lc3NhZ2Vfbm90aWZpY2F0aW9ucyoLCOqfhtUGEMjr2TUyCXB5dGhvbjMxMzp4CiRnY3IuaW8vZ2FlLXJ1bnRpbWVzL3B5dGhvbjMxMzpzdGFibGUSUHVzLWNlbnRyYWwxLWRvY2tlci5wa2cuZGV2L3NlcnZlcmxlc3MtcnVudGltZXMvZ29vZ2xlLTIyLWZ1bGwvcnVudGltZXMvcHl0aG9uMzEzQAE= for region us-central1
[debug] [2026-09-09T16:57:26.513Z] [update-default-us-central1-create_connect_account] Retrying task index 0
[debug] [2026-09-09T16:57:26.513Z] Checked if tokens are valid: true, expires at: 1788974279132
[debug] [2026-09-09T16:57:26.513Z] Checked if tokens are valid: true, expires at: 1788974279132
[debug] [2026-09-09T16:57:26.513Z] >>> [apiv2][query] GET https://cloudfunctions.googleapis.com/v2/projects/paklan-45c3c/locations/us-central1/operations/operation-1788973043795-65b0fbec9c7a5-dec8ac87-4e9f7707 [none]
[debug] [2026-09-09T16:57:26.537Z] [update-default-us-central1-send_reminder] Retrying task index 0
[debug] [2026-09-09T16:57:26.537Z] Checked if tokens are valid: true, expires at: 1788974279132
[debug] [2026-09-09T16:57:26.537Z] Checked if tokens are valid: true, expires at: 1788974279132
[debug] [2026-09-09T16:57:26.537Z] >>> [apiv2][query] GET https://cloudfunctions.googleapis.com/v2/projects/paklan-45c3c/locations/us-central1/operations/operation-1788973043833-65b0fbeca5918-f20747df-98267adb [none]
[debug] [2026-09-09T16:57:26.539Z] [update-default-us-central1-send_reminder_days] Retrying task index 0
[debug] [2026-09-09T16:57:26.539Z] Checked if tokens are valid: true, expires at: 1788974279132
[debug] [2026-09-09T16:57:26.539Z] Checked if tokens are valid: true, expires at: 1788974279132
[debug] [2026-09-09T16:57:26.539Z] >>> [apiv2][query] GET https://cloudfunctions.googleapis.com/v2/projects/paklan-45c3c/locations/us-central1/operations/operation-1788973043908-65b0fbecb7eaf-8889c026-a3bf8553 [none]
[debug] [2026-09-09T16:57:26.593Z] [update-default-us-central1-update_remaining_hours] Retrying task index 0
[debug] [2026-09-09T16:57:26.593Z] Checked if tokens are valid: true, expires at: 1788974279132
[debug] [2026-09-09T16:57:26.593Z] Checked if tokens are valid: true, expires at: 1788974279132
[debug] [2026-09-09T16:57:26.593Z] >>> [apiv2][query] GET https://cloudfunctions.googleapis.com/v2/projects/paklan-45c3c/locations/us-central1/operations/operation-1788973043960-65b0fbecc4950-209f8619-913613e1 [none]
[debug] [2026-09-09T16:57:26.637Z] <<< [apiv2][status] GET https://cloudfunctions.googleapis.com/v2/projects/paklan-45c3c/locations/us-central1/operations/operation-1788973043795-65b0fbec9c7a5-dec8ac87-4e9f7707 200
[debug] [2026-09-09T16:57:26.637Z] <<< [apiv2][body] GET https://cloudfunctions.googleapis.com/v2/projects/paklan-45c3c/locations/us-central1/operations/operation-1788973043795-65b0fbec9c7a5-dec8ac87-4e9f7707 {"name":"projects/paklan-45c3c/locations/us-central1/operations/operation-1788973043795-65b0fbec9c7a5-dec8ac87-4e9f7707","metadata":{"@type":"type.googleapis.com/google.cloud.functions.v2.OperationMetadata","createTime":"2026-09-09T16:57:24.675265149Z","target":"projects/paklan-45c3c/locations/us-central1/functions/create_connect_account","verb":"update","cancelRequested":false,"apiVersion":"v2","requestResource":{"@type":"type.googleapis.com/google.cloud.functions.v2.Function","name":"projects/paklan-45c3c/locations/us-central1/functions/create_connect_account","buildConfig":{"runtime":"python313","entryPoint":"create_connect_account","source":{"storageSource":{"bucket":"gcf-v2-sources-833776742151-us-central1","object":"create_connect_account/function-source.zip","generation":"1788973044620256"}},"environmentVariables":{"GOOGLE_NODE_RUN_SCRIPTS":""},"dockerRepository":"projects/paklan-45c3c/locations/us-central1/repositories/gcf-artifacts","sourceProvenance":{"resolvedStorageSource":{"bucket":"gcf-v2-sources-833776742151-us-central1","object":"create_connect_account/function-source.zip","generation":"1788970693159070"}},"dockerRegistry":"ARTIFACT_REGISTRY","sourceToken":"Cldwcm9qZWN0cy84MzM3NzY3NDIxNTEvbG9jYXRpb25zL3VzLWNlbnRyYWwxL2J1aWxkcy8yZmNhZWU1Ny02ZGYyLTQ3ZGEtODljYi1iNTY4NjAxYTJiM2USeXVzLWNlbnRyYWwxLWRvY2tlci5wa2cuZGV2L3Bha2xhbi00NWMzYy9nY2YtYXJ0aWZhY3RzL3Bha2xhbi0tNDVjM2NfX3VzLS1jZW50cmFsMV9fc2VuZF9fbWVzc2FnZV9fbm90aWZpY2F0aW9uczp2ZXJzaW9uXzEYh97dh6IYIlBwcm9qZWN0cy9wYWtsYW4tNDVjM2MvbG9jYXRpb25zL3VzLWNlbnRyYWwxL2Z1bmN0aW9ucy9zZW5kX21lc3NhZ2Vfbm90aWZpY2F0aW9ucyoLCOqfhtUGEMjr2TUyCXB5dGhvbjMxMzp4CiRnY3IuaW8vZ2FlLXJ1bnRpbWVzL3B5dGhvbjMxMzpzdGFibGUSUHVzLWNlbnRyYWwxLWRvY2tlci5wa2cuZGV2L3NlcnZlcmxlc3MtcnVudGltZXMvZ29vZ2xlLTIyLWZ1bGwvcnVudGltZXMvcHl0aG9uMzEzQAE=","serviceAccount":"projects/paklan-45c3c/serviceAccounts/833776742151-compute@developer.gserviceaccount.com","automaticUpdatePolicy":{}},"serviceConfig":{"service":"projects/paklan-45c3c/locations/us-central1/services/create-connect-account","timeoutSeconds":60,"environmentVariables":{"FIREBASE_CONFIG":"{\"projectId\":\"paklan-45c3c\",\"storageBucket\":\"paklan-45c3c.firebasestorage.app\"}","GCLOUD_PROJECT":"paklan-45c3c","EVENTARC_CLOUD_EVENT_SOURCE":"projects/paklan-45c3c/locations/us-central1/services/create_connect_account","FUNCTION_TARGET":"create_connect_account","LOG_EXECUTION_ID":"true","FUNCTION_SIGNATURE_TYPE":"http"},"ingressSettings":"ALLOW_ALL","uri":"https://create-connect-account-ntcfxe6d7q-uc.a.run.app","serviceAccountEmail":"833776742151-compute@developer.gserviceaccount.com","availableMemory":"256Mi","allTrafficOnLatestRevision":true,"secretEnvironmentVariables":[{"key":"STRIPE_SECRET_JSON","projectId":"paklan-45c3c","secret":"STRIPE_SECRET_JSON","version":"2"}],"revision":"create-connect-account-00007-naq","maxInstanceRequestConcurrency":80,"availableCpu":"1"},"state":"ACTIVE","labels":{"deployment-tool":"cli-firebase","firebase-functions-hash":"8726483970547ebb56a18dd10dc04c5958b9e046"},"environment":"GEN_2","url":"https://us-central1-paklan-45c3c.cloudfunctions.net/create_connect_account","satisfiesPzi":true},"stages":[{"name":"BUILD","message":"Reusing build","state":"COMPLETE","resource":"projects/833776742151/locations/us-central1/builds/2fcaee57-6df2-47da-89cb-b568601a2b3e"},{"name":"SERVICE","message":"Updating Cloud Run service","state":"IN_PROGRESS","resource":"projects/paklan-45c3c/locations/us-central1/services/create-connect-account","resourceUri":"https://console.cloud.google.com/run/detail/us-central1/create-connect-account?project=paklan-45c3c","stateMessages":[{"severity":"INFO","type":"CloudRunServiceNewRevisionTrafficInfo","message":"A new revision will be deployed serving with 100% traffic."}]}],"sourceToken":"Cldwcm9qZWN0cy84MzM3NzY3NDIxNTEvbG9jYXRpb25zL3VzLWNlbnRyYWwxL2J1aWxkcy8yZmNhZWU1Ny02ZGYyLTQ3ZGEtODljYi1iNTY4NjAxYTJiM2USeXVzLWNlbnRyYWwxLWRvY2tlci5wa2cuZGV2L3Bha2xhbi00NWMzYy9nY2YtYXJ0aWZhY3RzL3Bha2xhbi0tNDVjM2NfX3VzLS1jZW50cmFsMV9fc2VuZF9fbWVzc2FnZV9fbm90aWZpY2F0aW9uczp2ZXJzaW9uXzEYh97dh6IYIlBwcm9qZWN0cy9wYWtsYW4tNDVjM2MvbG9jYXRpb25zL3VzLWNlbnRyYWwxL2Z1bmN0aW9ucy9zZW5kX21lc3NhZ2Vfbm90aWZpY2F0aW9ucyoLCOqfhtUGEMjr2TUyCXB5dGhvbjMxMzp4CiRnY3IuaW8vZ2FlLXJ1bnRpbWVzL3B5dGhvbjMxMzpzdGFibGUSUHVzLWNlbnRyYWwxLWRvY2tlci5wa2cuZGV2L3NlcnZlcmxlc3MtcnVudGltZXMvZ29vZ2xlLTIyLWZ1bGwvcnVudGltZXMvcHl0aG9uMzEzQAE=","operationType":"UPDATE_FUNCTION","buildName":"projects/833776742151/locations/us-central1/builds/2fcaee57-6df2-47da-89cb-b568601a2b3e"},"done":false}
[debug] [2026-09-09T16:57:26.637Z] Got source token Cldwcm9qZWN0cy84MzM3NzY3NDIxNTEvbG9jYXRpb25zL3VzLWNlbnRyYWwxL2J1aWxkcy8yZmNhZWU1Ny02ZGYyLTQ3ZGEtODljYi1iNTY4NjAxYTJiM2USeXVzLWNlbnRyYWwxLWRvY2tlci5wa2cuZGV2L3Bha2xhbi00NWMzYy9nY2YtYXJ0aWZhY3RzL3Bha2xhbi0tNDVjM2NfX3VzLS1jZW50cmFsMV9fc2VuZF9fbWVzc2FnZV9fbm90aWZpY2F0aW9uczp2ZXJzaW9uXzEYh97dh6IYIlBwcm9qZWN0cy9wYWtsYW4tNDVjM2MvbG9jYXRpb25zL3VzLWNlbnRyYWwxL2Z1bmN0aW9ucy9zZW5kX21lc3NhZ2Vfbm90aWZpY2F0aW9ucyoLCOqfhtUGEMjr2TUyCXB5dGhvbjMxMzp4CiRnY3IuaW8vZ2FlLXJ1bnRpbWVzL3B5dGhvbjMxMzpzdGFibGUSUHVzLWNlbnRyYWwxLWRvY2tlci5wa2cuZGV2L3NlcnZlcmxlc3MtcnVudGltZXMvZ29vZ2xlLTIyLWZ1bGwvcnVudGltZXMvcHl0aG9uMzEzQAE= for region us-central1
[debug] [2026-09-09T16:57:26.691Z] <<< [apiv2][status] GET https://cloudfunctions.googleapis.com/v2/projects/paklan-45c3c/locations/us-central1/operations/operation-1788973043908-65b0fbecb7eaf-8889c026-a3bf8553 200
[debug] [2026-09-09T16:57:26.691Z] <<< [apiv2][body] GET https://cloudfunctions.googleapis.com/v2/projects/paklan-45c3c/locations/us-central1/operations/operation-1788973043908-65b0fbecb7eaf-8889c026-a3bf8553 {"name":"projects/paklan-45c3c/locations/us-central1/operations/operation-1788973043908-65b0fbecb7eaf-8889c026-a3bf8553","metadata":{"@type":"type.googleapis.com/google.cloud.functions.v2.OperationMetadata","createTime":"2026-09-09T16:57:24.723956700Z","target":"projects/paklan-45c3c/locations/us-central1/functions/send_reminder_days","verb":"update","cancelRequested":false,"apiVersion":"v2","requestResource":{"@type":"type.googleapis.com/google.cloud.functions.v2.Function","name":"projects/paklan-45c3c/locations/us-central1/functions/send_reminder_days","buildConfig":{"runtime":"python313","entryPoint":"send_reminder_days","source":{"storageSource":{"bucket":"gcf-v2-sources-833776742151-us-central1","object":"send_reminder_days/function-source.zip","generation":"1788973044670399"}},"environmentVariables":{"GOOGLE_NODE_RUN_SCRIPTS":""},"dockerRepository":"projects/paklan-45c3c/locations/us-central1/repositories/gcf-artifacts","sourceProvenance":{"resolvedStorageSource":{"bucket":"gcf-v2-sources-833776742151-us-central1","object":"send_reminder_days/function-source.zip","generation":"1788970791908513"}},"dockerRegistry":"ARTIFACT_REGISTRY","sourceToken":"Cldwcm9qZWN0cy84MzM3NzY3NDIxNTEvbG9jYXRpb25zL3VzLWNlbnRyYWwxL2J1aWxkcy8yZmNhZWU1Ny02ZGYyLTQ3ZGEtODljYi1iNTY4NjAxYTJiM2USeXVzLWNlbnRyYWwxLWRvY2tlci5wa2cuZGV2L3Bha2xhbi00NWMzYy9nY2YtYXJ0aWZhY3RzL3Bha2xhbi0tNDVjM2NfX3VzLS1jZW50cmFsMV9fc2VuZF9fbWVzc2FnZV9fbm90aWZpY2F0aW9uczp2ZXJzaW9uXzEYh97dh6IYIlBwcm9qZWN0cy9wYWtsYW4tNDVjM2MvbG9jYXRpb25zL3VzLWNlbnRyYWwxL2Z1bmN0aW9ucy9zZW5kX21lc3NhZ2Vfbm90aWZpY2F0aW9ucyoLCOqfhtUGEMjr2TUyCXB5dGhvbjMxMzp4CiRnY3IuaW8vZ2FlLXJ1bnRpbWVzL3B5dGhvbjMxMzpzdGFibGUSUHVzLWNlbnRyYWwxLWRvY2tlci5wa2cuZGV2L3NlcnZlcmxlc3MtcnVudGltZXMvZ29vZ2xlLTIyLWZ1bGwvcnVudGltZXMvcHl0aG9uMzEzQAE=","serviceAccount":"projects/paklan-45c3c/serviceAccounts/833776742151-compute@developer.gserviceaccount.com","automaticUpdatePolicy":{}},"serviceConfig":{"service":"projects/paklan-45c3c/locations/us-central1/services/send-reminder-days","timeoutSeconds":60,"environmentVariables":{"FIREBASE_CONFIG":"{\"projectId\":\"paklan-45c3c\",\"storageBucket\":\"paklan-45c3c.firebasestorage.app\"}","GCLOUD_PROJECT":"paklan-45c3c","EVENTARC_CLOUD_EVENT_SOURCE":"projects/paklan-45c3c/locations/us-central1/services/send_reminder_days","FUNCTION_TARGET":"send_reminder_days","LOG_EXECUTION_ID":"true","FUNCTION_SIGNATURE_TYPE":"http"},"ingressSettings":"ALLOW_ALL","uri":"https://send-reminder-days-ntcfxe6d7q-uc.a.run.app","serviceAccountEmail":"833776742151-compute@developer.gserviceaccount.com","availableMemory":"256Mi","allTrafficOnLatestRevision":true,"revision":"send-reminder-days-00039-naf","maxInstanceRequestConcurrency":80,"availableCpu":"1"},"state":"ACTIVE","labels":{"deployment-tool":"cli-firebase","deployment-scheduled":"true","firebase-functions-hash":"6b3db7f88a3c63cdfb7f613ca4ffc1e6723651f4"},"environment":"GEN_2","url":"https://us-central1-paklan-45c3c.cloudfunctions.net/send_reminder_days","satisfiesPzi":true},"stages":[{"name":"BUILD","message":"Reusing build","state":"COMPLETE","resource":"projects/833776742151/locations/us-central1/builds/2fcaee57-6df2-47da-89cb-b568601a2b3e"},{"name":"SERVICE","message":"Updating Cloud Run service","state":"IN_PROGRESS","resource":"projects/paklan-45c3c/locations/us-central1/services/send-reminder-days","resourceUri":"https://console.cloud.google.com/run/detail/us-central1/send-reminder-days?project=paklan-45c3c","stateMessages":[{"severity":"INFO","type":"CloudRunServiceNewRevisionTrafficInfo","message":"A new revision will be deployed serving with 100% traffic."}]}],"sourceToken":"Cldwcm9qZWN0cy84MzM3NzY3NDIxNTEvbG9jYXRpb25zL3VzLWNlbnRyYWwxL2J1aWxkcy8yZmNhZWU1Ny02ZGYyLTQ3ZGEtODljYi1iNTY4NjAxYTJiM2USeXVzLWNlbnRyYWwxLWRvY2tlci5wa2cuZGV2L3Bha2xhbi00NWMzYy9nY2YtYXJ0aWZhY3RzL3Bha2xhbi0tNDVjM2NfX3VzLS1jZW50cmFsMV9fc2VuZF9fbWVzc2FnZV9fbm90aWZpY2F0aW9uczp2ZXJzaW9uXzEYh97dh6IYIlBwcm9qZWN0cy9wYWtsYW4tNDVjM2MvbG9jYXRpb25zL3VzLWNlbnRyYWwxL2Z1bmN0aW9ucy9zZW5kX21lc3NhZ2Vfbm90aWZpY2F0aW9ucyoLCOqfhtUGEMjr2TUyCXB5dGhvbjMxMzp4CiRnY3IuaW8vZ2FlLXJ1bnRpbWVzL3B5dGhvbjMxMzpzdGFibGUSUHVzLWNlbnRyYWwxLWRvY2tlci5wa2cuZGV2L3NlcnZlcmxlc3MtcnVudGltZXMvZ29vZ2xlLTIyLWZ1bGwvcnVudGltZXMvcHl0aG9uMzEzQAE=","operationType":"UPDATE_FUNCTION","buildName":"projects/833776742151/locations/us-central1/builds/2fcaee57-6df2-47da-89cb-b568601a2b3e"},"done":false}
[debug] [2026-09-09T16:57:26.691Z] Got source token Cldwcm9qZWN0cy84MzM3NzY3NDIxNTEvbG9jYXRpb25zL3VzLWNlbnRyYWwxL2J1aWxkcy8yZmNhZWU1Ny02ZGYyLTQ3ZGEtODljYi1iNTY4NjAxYTJiM2USeXVzLWNlbnRyYWwxLWRvY2tlci5wa2cuZGV2L3Bha2xhbi00NWMzYy9nY2YtYXJ0aWZhY3RzL3Bha2xhbi0tNDVjM2NfX3VzLS1jZW50cmFsMV9fc2VuZF9fbWVzc2FnZV9fbm90aWZpY2F0aW9uczp2ZXJzaW9uXzEYh97dh6IYIlBwcm9qZWN0cy9wYWtsYW4tNDVjM2MvbG9jYXRpb25zL3VzLWNlbnRyYWwxL2Z1bmN0aW9ucy9zZW5kX21lc3NhZ2Vfbm90aWZpY2F0aW9ucyoLCOqfhtUGEMjr2TUyCXB5dGhvbjMxMzp4CiRnY3IuaW8vZ2FlLXJ1bnRpbWVzL3B5dGhvbjMxMzpzdGFibGUSUHVzLWNlbnRyYWwxLWRvY2tlci5wa2cuZGV2L3NlcnZlcmxlc3MtcnVudGltZXMvZ29vZ2xlLTIyLWZ1bGwvcnVudGltZXMvcHl0aG9uMzEzQAE= for region us-central1
[debug] [2026-09-09T16:57:26.705Z] <<< [apiv2][status] GET https://cloudfunctions.googleapis.com/v2/projects/paklan-45c3c/locations/us-central1/operations/operation-1788973043833-65b0fbeca5918-f20747df-98267adb 200
[debug] [2026-09-09T16:57:26.705Z] <<< [apiv2][body] GET https://cloudfunctions.googleapis.com/v2/projects/paklan-45c3c/locations/us-central1/operations/operation-1788973043833-65b0fbeca5918-f20747df-98267adb {"name":"projects/paklan-45c3c/locations/us-central1/operations/operation-1788973043833-65b0fbeca5918-f20747df-98267adb","metadata":{"@type":"type.googleapis.com/google.cloud.functions.v2.OperationMetadata","createTime":"2026-09-09T16:57:24.688703448Z","target":"projects/paklan-45c3c/locations/us-central1/functions/send_reminder","verb":"update","cancelRequested":false,"apiVersion":"v2","requestResource":{"@type":"type.googleapis.com/google.cloud.functions.v2.Function","name":"projects/paklan-45c3c/locations/us-central1/functions/send_reminder","buildConfig":{"runtime":"python313","entryPoint":"send_reminder","source":{"storageSource":{"bucket":"gcf-v2-sources-833776742151-us-central1","object":"send_reminder/function-source.zip","generation":"1788973044627381"}},"environmentVariables":{"GOOGLE_NODE_RUN_SCRIPTS":""},"dockerRepository":"projects/paklan-45c3c/locations/us-central1/repositories/gcf-artifacts","sourceProvenance":{"resolvedStorageSource":{"bucket":"gcf-v2-sources-833776742151-us-central1","object":"send_reminder/function-source.zip","generation":"1788970791980702"}},"dockerRegistry":"ARTIFACT_REGISTRY","sourceToken":"Cldwcm9qZWN0cy84MzM3NzY3NDIxNTEvbG9jYXRpb25zL3VzLWNlbnRyYWwxL2J1aWxkcy8yZmNhZWU1Ny02ZGYyLTQ3ZGEtODljYi1iNTY4NjAxYTJiM2USeXVzLWNlbnRyYWwxLWRvY2tlci5wa2cuZGV2L3Bha2xhbi00NWMzYy9nY2YtYXJ0aWZhY3RzL3Bha2xhbi0tNDVjM2NfX3VzLS1jZW50cmFsMV9fc2VuZF9fbWVzc2FnZV9fbm90aWZpY2F0aW9uczp2ZXJzaW9uXzEYh97dh6IYIlBwcm9qZWN0cy9wYWtsYW4tNDVjM2MvbG9jYXRpb25zL3VzLWNlbnRyYWwxL2Z1bmN0aW9ucy9zZW5kX21lc3NhZ2Vfbm90aWZpY2F0aW9ucyoLCOqfhtUGEMjr2TUyCXB5dGhvbjMxMzp4CiRnY3IuaW8vZ2FlLXJ1bnRpbWVzL3B5dGhvbjMxMzpzdGFibGUSUHVzLWNlbnRyYWwxLWRvY2tlci5wa2cuZGV2L3NlcnZlcmxlc3MtcnVudGltZXMvZ29vZ2xlLTIyLWZ1bGwvcnVudGltZXMvcHl0aG9uMzEzQAE=","serviceAccount":"projects/paklan-45c3c/serviceAccounts/833776742151-compute@developer.gserviceaccount.com","automaticUpdatePolicy":{}},"serviceConfig":{"service":"projects/paklan-45c3c/locations/us-central1/services/send-reminder","timeoutSeconds":60,"environmentVariables":{"FIREBASE_CONFIG":"{\"projectId\":\"paklan-45c3c\",\"storageBucket\":\"paklan-45c3c.firebasestorage.app\"}","GCLOUD_PROJECT":"paklan-45c3c","EVENTARC_CLOUD_EVENT_SOURCE":"projects/paklan-45c3c/locations/us-central1/services/send_reminder","FUNCTION_TARGET":"send_reminder","LOG_EXECUTION_ID":"true","FUNCTION_SIGNATURE_TYPE":"http"},"ingressSettings":"ALLOW_ALL","uri":"https://send-reminder-ntcfxe6d7q-uc.a.run.app","serviceAccountEmail":"833776742151-compute@developer.gserviceaccount.com","availableMemory":"256Mi","allTrafficOnLatestRevision":true,"revision":"send-reminder-00045-jec","maxInstanceRequestConcurrency":80,"availableCpu":"1"},"state":"ACTIVE","labels":{"deployment-tool":"cli-firebase","deployment-scheduled":"true","firebase-functions-hash":"6b3db7f88a3c63cdfb7f613ca4ffc1e6723651f4"},"environment":"GEN_2","url":"https://us-central1-paklan-45c3c.cloudfunctions.net/send_reminder","satisfiesPzi":true},"stages":[{"name":"BUILD","message":"Reusing build","state":"COMPLETE","resource":"projects/833776742151/locations/us-central1/builds/2fcaee57-6df2-47da-89cb-b568601a2b3e"},{"name":"SERVICE","message":"Updating Cloud Run service","state":"IN_PROGRESS","resource":"projects/paklan-45c3c/locations/us-central1/services/send-reminder","resourceUri":"https://console.cloud.google.com/run/detail/us-central1/send-reminder?project=paklan-45c3c","stateMessages":[{"severity":"INFO","type":"CloudRunServiceNewRevisionTrafficInfo","message":"A new revision will be deployed serving with 100% traffic."}]}],"sourceToken":"Cldwcm9qZWN0cy84MzM3NzY3NDIxNTEvbG9jYXRpb25zL3VzLWNlbnRyYWwxL2J1aWxkcy8yZmNhZWU1Ny02ZGYyLTQ3ZGEtODljYi1iNTY4NjAxYTJiM2USeXVzLWNlbnRyYWwxLWRvY2tlci5wa2cuZGV2L3Bha2xhbi00NWMzYy9nY2YtYXJ0aWZhY3RzL3Bha2xhbi0tNDVjM2NfX3VzLS1jZW50cmFsMV9fc2VuZF9fbWVzc2FnZV9fbm90aWZpY2F0aW9uczp2ZXJzaW9uXzEYh97dh6IYIlBwcm9qZWN0cy9wYWtsYW4tNDVjM2MvbG9jYXRpb25zL3VzLWNlbnRyYWwxL2Z1bmN0aW9ucy9zZW5kX21lc3NhZ2Vfbm90aWZpY2F0aW9ucyoLCOqfhtUGEMjr2TUyCXB5dGhvbjMxMzp4CiRnY3IuaW8vZ2FlLXJ1bnRpbWVzL3B5dGhvbjMxMzpzdGFibGUSUHVzLWNlbnRyYWwxLWRvY2tlci5wa2cuZGV2L3NlcnZlcmxlc3MtcnVudGltZXMvZ29vZ2xlLTIyLWZ1bGwvcnVudGltZXMvcHl0aG9uMzEzQAE=","operationType":"UPDATE_FUNCTION","buildName":"projects/833776742151/locations/us-central1/builds/2fcaee57-6df2-47da-89cb-b568601a2b3e"},"done":false}
[debug] [2026-09-09T16:57:26.705Z] Got source token Cldwcm9qZWN0cy84MzM3NzY3NDIxNTEvbG9jYXRpb25zL3VzLWNlbnRyYWwxL2J1aWxkcy8yZmNhZWU1Ny02ZGYyLTQ3ZGEtODljYi1iNTY4NjAxYTJiM2USeXVzLWNlbnRyYWwxLWRvY2tlci5wa2cuZGV2L3Bha2xhbi00NWMzYy9nY2YtYXJ0aWZhY3RzL3Bha2xhbi0tNDVjM2NfX3VzLS1jZW50cmFsMV9fc2VuZF9fbWVzc2FnZV9fbm90aWZpY2F0aW9uczp2ZXJzaW9uXzEYh97dh6IYIlBwcm9qZWN0cy9wYWtsYW4tNDVjM2MvbG9jYXRpb25zL3VzLWNlbnRyYWwxL2Z1bmN0aW9ucy9zZW5kX21lc3NhZ2Vfbm90aWZpY2F0aW9ucyoLCOqfhtUGEMjr2TUyCXB5dGhvbjMxMzp4CiRnY3IuaW8vZ2FlLXJ1bnRpbWVzL3B5dGhvbjMxMzpzdGFibGUSUHVzLWNlbnRyYWwxLWRvY2tlci5wa2cuZGV2L3NlcnZlcmxlc3MtcnVudGltZXMvZ29vZ2xlLTIyLWZ1bGwvcnVudGltZXMvcHl0aG9uMzEzQAE= for region us-central1
[debug] [2026-09-09T16:57:26.717Z] <<< [apiv2][status] GET https://cloudfunctions.googleapis.com/v2/projects/paklan-45c3c/locations/us-central1/operations/operation-1788973043960-65b0fbecc4950-209f8619-913613e1 200
[debug] [2026-09-09T16:57:26.717Z] <<< [apiv2][body] GET https://cloudfunctions.googleapis.com/v2/projects/paklan-45c3c/locations/us-central1/operations/operation-1788973043960-65b0fbecc4950-209f8619-913613e1 {"name":"projects/paklan-45c3c/locations/us-central1/operations/operation-1788973043960-65b0fbecc4950-209f8619-913613e1","metadata":{"@type":"type.googleapis.com/google.cloud.functions.v2.OperationMetadata","createTime":"2026-09-09T16:57:24.755356322Z","target":"projects/paklan-45c3c/locations/us-central1/functions/update_remaining_hours","verb":"update","cancelRequested":false,"apiVersion":"v2","requestResource":{"@type":"type.googleapis.com/google.cloud.functions.v2.Function","name":"projects/paklan-45c3c/locations/us-central1/functions/update_remaining_hours","buildConfig":{"runtime":"python313","entryPoint":"update_remaining_hours","source":{"storageSource":{"bucket":"gcf-v2-sources-833776742151-us-central1","object":"update_remaining_hours/function-source.zip","generation":"1788973044706305"}},"environmentVariables":{"GOOGLE_NODE_RUN_SCRIPTS":""},"dockerRepository":"projects/paklan-45c3c/locations/us-central1/repositories/gcf-artifacts","sourceProvenance":{"resolvedStorageSource":{"bucket":"gcf-v2-sources-833776742151-us-central1","object":"update_remaining_hours/function-source.zip","generation":"1788970792102205"}},"dockerRegistry":"ARTIFACT_REGISTRY","sourceToken":"Cldwcm9qZWN0cy84MzM3NzY3NDIxNTEvbG9jYXRpb25zL3VzLWNlbnRyYWwxL2J1aWxkcy8yZmNhZWU1Ny02ZGYyLTQ3ZGEtODljYi1iNTY4NjAxYTJiM2USeXVzLWNlbnRyYWwxLWRvY2tlci5wa2cuZGV2L3Bha2xhbi00NWMzYy9nY2YtYXJ0aWZhY3RzL3Bha2xhbi0tNDVjM2NfX3VzLS1jZW50cmFsMV9fc2VuZF9fbWVzc2FnZV9fbm90aWZpY2F0aW9uczp2ZXJzaW9uXzEYh97dh6IYIlBwcm9qZWN0cy9wYWtsYW4tNDVjM2MvbG9jYXRpb25zL3VzLWNlbnRyYWwxL2Z1bmN0aW9ucy9zZW5kX21lc3NhZ2Vfbm90aWZpY2F0aW9ucyoLCOqfhtUGEMjr2TUyCXB5dGhvbjMxMzp4CiRnY3IuaW8vZ2FlLXJ1bnRpbWVzL3B5dGhvbjMxMzpzdGFibGUSUHVzLWNlbnRyYWwxLWRvY2tlci5wa2cuZGV2L3NlcnZlcmxlc3MtcnVudGltZXMvZ29vZ2xlLTIyLWZ1bGwvcnVudGltZXMvcHl0aG9uMzEzQAE=","serviceAccount":"projects/paklan-45c3c/serviceAccounts/833776742151-compute@developer.gserviceaccount.com","automaticUpdatePolicy":{}},"serviceConfig":{"service":"projects/paklan-45c3c/locations/us-central1/services/update-remaining-hours","timeoutSeconds":60,"environmentVariables":{"FIREBASE_CONFIG":"{\"projectId\":\"paklan-45c3c\",\"storageBucket\":\"paklan-45c3c.firebasestorage.app\"}","GCLOUD_PROJECT":"paklan-45c3c","EVENTARC_CLOUD_EVENT_SOURCE":"projects/paklan-45c3c/locations/us-central1/services/update_remaining_hours","FUNCTION_TARGET":"update_remaining_hours","LOG_EXECUTION_ID":"true","FUNCTION_SIGNATURE_TYPE":"http"},"ingressSettings":"ALLOW_ALL","uri":"https://update-remaining-hours-ntcfxe6d7q-uc.a.run.app","serviceAccountEmail":"833776742151-compute@developer.gserviceaccount.com","availableMemory":"256Mi","allTrafficOnLatestRevision":true,"revision":"update-remaining-hours-00045-tuk","maxInstanceRequestConcurrency":80,"availableCpu":"1"},"state":"ACTIVE","labels":{"deployment-tool":"cli-firebase","deployment-scheduled":"true","firebase-functions-hash":"6b3db7f88a3c63cdfb7f613ca4ffc1e6723651f4"},"environment":"GEN_2","url":"https://us-central1-paklan-45c3c.cloudfunctions.net/update_remaining_hours","satisfiesPzi":true},"stages":[{"name":"BUILD","message":"Reusing build","state":"COMPLETE","resource":"projects/833776742151/locations/us-central1/builds/2fcaee57-6df2-47da-89cb-b568601a2b3e"},{"name":"SERVICE","message":"Updating Cloud Run service","state":"IN_PROGRESS","resource":"projects/paklan-45c3c/locations/us-central1/services/update-remaining-hours","resourceUri":"https://console.cloud.google.com/run/detail/us-central1/update-remaining-hours?project=paklan-45c3c","stateMessages":[{"severity":"INFO","type":"CloudRunServiceNewRevisionTrafficInfo","message":"A new revision will be deployed serving with 100% traffic."}]}],"sourceToken":"Cldwcm9qZWN0cy84MzM3NzY3NDIxNTEvbG9jYXRpb25zL3VzLWNlbnRyYWwxL2J1aWxkcy8yZmNhZWU1Ny02ZGYyLTQ3ZGEtODljYi1iNTY4NjAxYTJiM2USeXVzLWNlbnRyYWwxLWRvY2tlci5wa2cuZGV2L3Bha2xhbi00NWMzYy9nY2YtYXJ0aWZhY3RzL3Bha2xhbi0tNDVjM2NfX3VzLS1jZW50cmFsMV9fc2VuZF9fbWVzc2FnZV9fbm90aWZpY2F0aW9uczp2ZXJzaW9uXzEYh97dh6IYIlBwcm9qZWN0cy9wYWtsYW4tNDVjM2MvbG9jYXRpb25zL3VzLWNlbnRyYWwxL2Z1bmN0aW9ucy9zZW5kX21lc3NhZ2Vfbm90aWZpY2F0aW9ucyoLCOqfhtUGEMjr2TUyCXB5dGhvbjMxMzp4CiRnY3IuaW8vZ2FlLXJ1bnRpbWVzL3B5dGhvbjMxMzpzdGFibGUSUHVzLWNlbnRyYWwxLWRvY2tlci5wa2cuZGV2L3NlcnZlcmxlc3MtcnVudGltZXMvZ29vZ2xlLTIyLWZ1bGwvcnVudGltZXMvcHl0aG9uMzEzQAE=","operationType":"UPDATE_FUNCTION","buildName":"projects/833776742151/locations/us-central1/builds/2fcaee57-6df2-47da-89cb-b568601a2b3e"},"done":false}
[debug] [2026-09-09T16:57:26.717Z] Got source token Cldwcm9qZWN0cy84MzM3NzY3NDIxNTEvbG9jYXRpb25zL3VzLWNlbnRyYWwxL2J1aWxkcy8yZmNhZWU1Ny02ZGYyLTQ3ZGEtODljYi1iNTY4NjAxYTJiM2USeXVzLWNlbnRyYWwxLWRvY2tlci5wa2cuZGV2L3Bha2xhbi00NWMzYy9nY2YtYXJ0aWZhY3RzL3Bha2xhbi0tNDVjM2NfX3VzLS1jZW50cmFsMV9fc2VuZF9fbWVzc2FnZV9fbm90aWZpY2F0aW9uczp2ZXJzaW9uXzEYh97dh6IYIlBwcm9qZWN0cy9wYWtsYW4tNDVjM2MvbG9jYXRpb25zL3VzLWNlbnRyYWwxL2Z1bmN0aW9ucy9zZW5kX21lc3NhZ2Vfbm90aWZpY2F0aW9ucyoLCOqfhtUGEMjr2TUyCXB5dGhvbjMxMzp4CiRnY3IuaW8vZ2FlLXJ1bnRpbWVzL3B5dGhvbjMxMzpzdGFibGUSUHVzLWNlbnRyYWwxLWRvY2tlci5wa2cuZGV2L3NlcnZlcmxlc3MtcnVudGltZXMvZ29vZ2xlLTIyLWZ1bGwvcnVudGltZXMvcHl0aG9uMzEzQAE= for region us-central1
[debug] [2026-09-09T16:57:26.829Z] [update-default-us-central1-update_transactions] Retrying task index 0
[debug] [2026-09-09T16:57:26.829Z] Checked if tokens are valid: true, expires at: 1788974279132
[debug] [2026-09-09T16:57:26.829Z] Checked if tokens are valid: true, expires at: 1788974279132
[debug] [2026-09-09T16:57:26.829Z] >>> [apiv2][query] GET https://cloudfunctions.googleapis.com/v2/projects/paklan-45c3c/locations/us-central1/operations/operation-1788973043943-65b0fbecc08d0-6e813645-fc590533 [none]
[debug] [2026-09-09T16:57:26.966Z] <<< [apiv2][status] GET https://cloudfunctions.googleapis.com/v2/projects/paklan-45c3c/locations/us-central1/operations/operation-1788973043943-65b0fbecc08d0-6e813645-fc590533 200
[debug] [2026-09-09T16:57:26.967Z] <<< [apiv2][body] GET https://cloudfunctions.googleapis.com/v2/projects/paklan-45c3c/locations/us-central1/operations/operation-1788973043943-65b0fbecc08d0-6e813645-fc590533 {"name":"projects/paklan-45c3c/locations/us-central1/operations/operation-1788973043943-65b0fbecc08d0-6e813645-fc590533","metadata":{"@type":"type.googleapis.com/google.cloud.functions.v2.OperationMetadata","createTime":"2026-09-09T16:57:25.021467485Z","target":"projects/paklan-45c3c/locations/us-central1/functions/update_transactions","verb":"update","cancelRequested":false,"apiVersion":"v2","requestResource":{"@type":"type.googleapis.com/google.cloud.functions.v2.Function","name":"projects/paklan-45c3c/locations/us-central1/functions/update_transactions","buildConfig":{"runtime":"python313","entryPoint":"update_transactions","source":{"storageSource":{"bucket":"gcf-v2-sources-833776742151-us-central1","object":"update_transactions/function-source.zip","generation":"1788973044974601"}},"environmentVariables":{"GOOGLE_NODE_RUN_SCRIPTS":""},"dockerRepository":"projects/paklan-45c3c/locations/us-central1/repositories/gcf-artifacts","sourceProvenance":{"resolvedStorageSource":{"bucket":"gcf-v2-sources-833776742151-us-central1","object":"update_transactions/function-source.zip","generation":"1788970792226631"}},"dockerRegistry":"ARTIFACT_REGISTRY","sourceToken":"Cldwcm9qZWN0cy84MzM3NzY3NDIxNTEvbG9jYXRpb25zL3VzLWNlbnRyYWwxL2J1aWxkcy8yZmNhZWU1Ny02ZGYyLTQ3ZGEtODljYi1iNTY4NjAxYTJiM2USeXVzLWNlbnRyYWwxLWRvY2tlci5wa2cuZGV2L3Bha2xhbi00NWMzYy9nY2YtYXJ0aWZhY3RzL3Bha2xhbi0tNDVjM2NfX3VzLS1jZW50cmFsMV9fc2VuZF9fbWVzc2FnZV9fbm90aWZpY2F0aW9uczp2ZXJzaW9uXzEYh97dh6IYIlBwcm9qZWN0cy9wYWtsYW4tNDVjM2MvbG9jYXRpb25zL3VzLWNlbnRyYWwxL2Z1bmN0aW9ucy9zZW5kX21lc3NhZ2Vfbm90aWZpY2F0aW9ucyoLCOqfhtUGEMjr2TUyCXB5dGhvbjMxMzp4CiRnY3IuaW8vZ2FlLXJ1bnRpbWVzL3B5dGhvbjMxMzpzdGFibGUSUHVzLWNlbnRyYWwxLWRvY2tlci5wa2cuZGV2L3NlcnZlcmxlc3MtcnVudGltZXMvZ29vZ2xlLTIyLWZ1bGwvcnVudGltZXMvcHl0aG9uMzEzQAE=","serviceAccount":"projects/paklan-45c3c/serviceAccounts/833776742151-compute@developer.gserviceaccount.com","automaticUpdatePolicy":{}},"serviceConfig":{"service":"projects/paklan-45c3c/locations/us-central1/services/update-transactions","timeoutSeconds":60,"environmentVariables":{"FIREBASE_CONFIG":"{\"projectId\":\"paklan-45c3c\",\"storageBucket\":\"paklan-45c3c.firebasestorage.app\"}","GCLOUD_PROJECT":"paklan-45c3c","EVENTARC_CLOUD_EVENT_SOURCE":"projects/paklan-45c3c/locations/us-central1/services/update_transactions","FUNCTION_SIGNATURE_TYPE":"cloudevent","FUNCTION_TARGET":"update_transactions","LOG_EXECUTION_ID":"true"},"maxInstanceCount":40,"ingressSettings":"ALLOW_ALL","uri":"https://update-transactions-ntcfxe6d7q-uc.a.run.app","serviceAccountEmail":"833776742151-compute@developer.gserviceaccount.com","availableMemory":"256Mi","allTrafficOnLatestRevision":true,"revision":"update-transactions-00069-cel","maxInstanceRequestConcurrency":80,"availableCpu":"1"},"eventTrigger":{"trigger":"projects/paklan-45c3c/locations/northamerica-south1/triggers/update-transactions-224385","triggerRegion":"northamerica-south1","eventType":"google.cloud.firestore.document.v1.created","eventFilters":[{"attribute":"database","value":"(default)"},{"attribute":"namespace","value":"(default)"},{"attribute":"document","value":"transactions/{transactionId}/status/{statusId}","operator":"match-path-pattern"}],"pubsubTopic":"projects/paklan-45c3c/topics/eventarc-northamerica-south1-update-transactions-224385-165","serviceAccountEmail":"833776742151-compute@developer.gserviceaccount.com","retryPolicy":"RETRY_POLICY_DO_NOT_RETRY"},"state":"ACTIVE","labels":{"deployment-tool":"cli-firebase","firebase-functions-hash":"6b3db7f88a3c63cdfb7f613ca4ffc1e6723651f4"},"environment":"GEN_2","url":"https://us-central1-paklan-45c3c.cloudfunctions.net/update_transactions","satisfiesPzi":true},"stages":[{"name":"BUILD","message":"Reusing build","state":"COMPLETE","resource":"projects/833776742151/locations/us-central1/builds/2fcaee57-6df2-47da-89cb-b568601a2b3e"},{"name":"SERVICE","message":"Updating Cloud Run service","state":"IN_PROGRESS","resource":"projects/paklan-45c3c/locations/us-central1/services/update-transactions","resourceUri":"https://console.cloud.google.com/run/detail/us-central1/update-transactions?project=paklan-45c3c","stateMessages":[{"severity":"INFO","type":"CloudRunServiceNewRevisionTrafficInfo","message":"A new revision will be deployed serving with 100% traffic."}]},{"name":"TRIGGER","state":"NOT_STARTED"}],"sourceToken":"Cldwcm9qZWN0cy84MzM3NzY3NDIxNTEvbG9jYXRpb25zL3VzLWNlbnRyYWwxL2J1aWxkcy8yZmNhZWU1Ny02ZGYyLTQ3ZGEtODljYi1iNTY4NjAxYTJiM2USeXVzLWNlbnRyYWwxLWRvY2tlci5wa2cuZGV2L3Bha2xhbi00NWMzYy9nY2YtYXJ0aWZhY3RzL3Bha2xhbi0tNDVjM2NfX3VzLS1jZW50cmFsMV9fc2VuZF9fbWVzc2FnZV9fbm90aWZpY2F0aW9uczp2ZXJzaW9uXzEYh97dh6IYIlBwcm9qZWN0cy9wYWtsYW4tNDVjM2MvbG9jYXRpb25zL3VzLWNlbnRyYWwxL2Z1bmN0aW9ucy9zZW5kX21lc3NhZ2Vfbm90aWZpY2F0aW9ucyoLCOqfhtUGEMjr2TUyCXB5dGhvbjMxMzp4CiRnY3IuaW8vZ2FlLXJ1bnRpbWVzL3B5dGhvbjMxMzpzdGFibGUSUHVzLWNlbnRyYWwxLWRvY2tlci5wa2cuZGV2L3NlcnZlcmxlc3MtcnVudGltZXMvZ29vZ2xlLTIyLWZ1bGwvcnVudGltZXMvcHl0aG9uMzEzQAE=","operationType":"UPDATE_FUNCTION","buildName":"projects/833776742151/locations/us-central1/builds/2fcaee57-6df2-47da-89cb-b568601a2b3e"},"done":false}
[debug] [2026-09-09T16:57:26.967Z] Got source token Cldwcm9qZWN0cy84MzM3NzY3NDIxNTEvbG9jYXRpb25zL3VzLWNlbnRyYWwxL2J1aWxkcy8yZmNhZWU1Ny02ZGYyLTQ3ZGEtODljYi1iNTY4NjAxYTJiM2USeXVzLWNlbnRyYWwxLWRvY2tlci5wa2cuZGV2L3Bha2xhbi00NWMzYy9nY2YtYXJ0aWZhY3RzL3Bha2xhbi0tNDVjM2NfX3VzLS1jZW50cmFsMV9fc2VuZF9fbWVzc2FnZV9fbm90aWZpY2F0aW9uczp2ZXJzaW9uXzEYh97dh6IYIlBwcm9qZWN0cy9wYWtsYW4tNDVjM2MvbG9jYXRpb25zL3VzLWNlbnRyYWwxL2Z1bmN0aW9ucy9zZW5kX21lc3NhZ2Vfbm90aWZpY2F0aW9ucyoLCOqfhtUGEMjr2TUyCXB5dGhvbjMxMzp4CiRnY3IuaW8vZ2FlLXJ1bnRpbWVzL3B5dGhvbjMxMzpzdGFibGUSUHVzLWNlbnRyYWwxLWRvY2tlci5wa2cuZGV2L3NlcnZlcmxlc3MtcnVudGltZXMvZ29vZ2xlLTIyLWZ1bGwvcnVudGltZXMvcHl0aG9uMzEzQAE= for region us-central1
[debug] [2026-09-09T16:57:28.638Z] [update-default-us-central1-create_connect_account] Retrying task index 0
[debug] [2026-09-09T16:57:28.639Z] Checked if tokens are valid: true, expires at: 1788974279132
[debug] [2026-09-09T16:57:28.639Z] Checked if tokens are valid: true, expires at: 1788974279132
[debug] [2026-09-09T16:57:28.639Z] >>> [apiv2][query] GET https://cloudfunctions.googleapis.com/v2/projects/paklan-45c3c/locations/us-central1/operations/operation-1788973043795-65b0fbec9c7a5-dec8ac87-4e9f7707 [none]
[debug] [2026-09-09T16:57:28.692Z] [update-default-us-central1-send_reminder_days] Retrying task index 0
[debug] [2026-09-09T16:57:28.693Z] Checked if tokens are valid: true, expires at: 1788974279132
[debug] [2026-09-09T16:57:28.693Z] Checked if tokens are valid: true, expires at: 1788974279132
[debug] [2026-09-09T16:57:28.693Z] >>> [apiv2][query] GET https://cloudfunctions.googleapis.com/v2/projects/paklan-45c3c/locations/us-central1/operations/operation-1788973043908-65b0fbecb7eaf-8889c026-a3bf8553 [none]
[debug] [2026-09-09T16:57:28.706Z] [update-default-us-central1-send_reminder] Retrying task index 0
[debug] [2026-09-09T16:57:28.706Z] Checked if tokens are valid: true, expires at: 1788974279132
[debug] [2026-09-09T16:57:28.706Z] Checked if tokens are valid: true, expires at: 1788974279132
[debug] [2026-09-09T16:57:28.706Z] >>> [apiv2][query] GET https://cloudfunctions.googleapis.com/v2/projects/paklan-45c3c/locations/us-central1/operations/operation-1788973043833-65b0fbeca5918-f20747df-98267adb [none]
[debug] [2026-09-09T16:57:28.719Z] [update-default-us-central1-update_remaining_hours] Retrying task index 0
[debug] [2026-09-09T16:57:28.719Z] Checked if tokens are valid: true, expires at: 1788974279132
[debug] [2026-09-09T16:57:28.719Z] Checked if tokens are valid: true, expires at: 1788974279132
[debug] [2026-09-09T16:57:28.719Z] >>> [apiv2][query] GET https://cloudfunctions.googleapis.com/v2/projects/paklan-45c3c/locations/us-central1/operations/operation-1788973043960-65b0fbecc4950-209f8619-913613e1 [none]
[debug] [2026-09-09T16:57:28.803Z] <<< [apiv2][status] GET https://cloudfunctions.googleapis.com/v2/projects/paklan-45c3c/locations/us-central1/operations/operation-1788973043795-65b0fbec9c7a5-dec8ac87-4e9f7707 200
[debug] [2026-09-09T16:57:28.803Z] <<< [apiv2][body] GET https://cloudfunctions.googleapis.com/v2/projects/paklan-45c3c/locations/us-central1/operations/operation-1788973043795-65b0fbec9c7a5-dec8ac87-4e9f7707 {"name":"projects/paklan-45c3c/locations/us-central1/operations/operation-1788973043795-65b0fbec9c7a5-dec8ac87-4e9f7707","metadata":{"@type":"type.googleapis.com/google.cloud.functions.v2.OperationMetadata","createTime":"2026-09-09T16:57:24.675265149Z","target":"projects/paklan-45c3c/locations/us-central1/functions/create_connect_account","verb":"update","cancelRequested":false,"apiVersion":"v2","requestResource":{"@type":"type.googleapis.com/google.cloud.functions.v2.Function","name":"projects/paklan-45c3c/locations/us-central1/functions/create_connect_account","buildConfig":{"runtime":"python313","entryPoint":"create_connect_account","source":{"storageSource":{"bucket":"gcf-v2-sources-833776742151-us-central1","object":"create_connect_account/function-source.zip","generation":"1788973044620256"}},"environmentVariables":{"GOOGLE_NODE_RUN_SCRIPTS":""},"dockerRepository":"projects/paklan-45c3c/locations/us-central1/repositories/gcf-artifacts","sourceProvenance":{"resolvedStorageSource":{"bucket":"gcf-v2-sources-833776742151-us-central1","object":"create_connect_account/function-source.zip","generation":"1788970693159070"}},"dockerRegistry":"ARTIFACT_REGISTRY","sourceToken":"Cldwcm9qZWN0cy84MzM3NzY3NDIxNTEvbG9jYXRpb25zL3VzLWNlbnRyYWwxL2J1aWxkcy8yZmNhZWU1Ny02ZGYyLTQ3ZGEtODljYi1iNTY4NjAxYTJiM2USeXVzLWNlbnRyYWwxLWRvY2tlci5wa2cuZGV2L3Bha2xhbi00NWMzYy9nY2YtYXJ0aWZhY3RzL3Bha2xhbi0tNDVjM2NfX3VzLS1jZW50cmFsMV9fc2VuZF9fbWVzc2FnZV9fbm90aWZpY2F0aW9uczp2ZXJzaW9uXzEYh97dh6IYIlBwcm9qZWN0cy9wYWtsYW4tNDVjM2MvbG9jYXRpb25zL3VzLWNlbnRyYWwxL2Z1bmN0aW9ucy9zZW5kX21lc3NhZ2Vfbm90aWZpY2F0aW9ucyoLCOqfhtUGEMjr2TUyCXB5dGhvbjMxMzp4CiRnY3IuaW8vZ2FlLXJ1bnRpbWVzL3B5dGhvbjMxMzpzdGFibGUSUHVzLWNlbnRyYWwxLWRvY2tlci5wa2cuZGV2L3NlcnZlcmxlc3MtcnVudGltZXMvZ29vZ2xlLTIyLWZ1bGwvcnVudGltZXMvcHl0aG9uMzEzQAE=","serviceAccount":"projects/paklan-45c3c/serviceAccounts/833776742151-compute@developer.gserviceaccount.com","automaticUpdatePolicy":{}},"serviceConfig":{"service":"projects/paklan-45c3c/locations/us-central1/services/create-connect-account","timeoutSeconds":60,"environmentVariables":{"FIREBASE_CONFIG":"{\"projectId\":\"paklan-45c3c\",\"storageBucket\":\"paklan-45c3c.firebasestorage.app\"}","GCLOUD_PROJECT":"paklan-45c3c","EVENTARC_CLOUD_EVENT_SOURCE":"projects/paklan-45c3c/locations/us-central1/services/create_connect_account","FUNCTION_TARGET":"create_connect_account","LOG_EXECUTION_ID":"true","FUNCTION_SIGNATURE_TYPE":"http"},"ingressSettings":"ALLOW_ALL","uri":"https://create-connect-account-ntcfxe6d7q-uc.a.run.app","serviceAccountEmail":"833776742151-compute@developer.gserviceaccount.com","availableMemory":"256Mi","allTrafficOnLatestRevision":true,"secretEnvironmentVariables":[{"key":"STRIPE_SECRET_JSON","projectId":"paklan-45c3c","secret":"STRIPE_SECRET_JSON","version":"2"}],"revision":"create-connect-account-00007-naq","maxInstanceRequestConcurrency":80,"availableCpu":"1"},"state":"ACTIVE","labels":{"deployment-tool":"cli-firebase","firebase-functions-hash":"8726483970547ebb56a18dd10dc04c5958b9e046"},"environment":"GEN_2","url":"https://us-central1-paklan-45c3c.cloudfunctions.net/create_connect_account","satisfiesPzi":true},"stages":[{"name":"BUILD","message":"Reusing build","state":"COMPLETE","resource":"projects/833776742151/locations/us-central1/builds/2fcaee57-6df2-47da-89cb-b568601a2b3e"},{"name":"SERVICE","message":"Updating Cloud Run service","state":"IN_PROGRESS","resource":"projects/paklan-45c3c/locations/us-central1/services/create-connect-account","resourceUri":"https://console.cloud.google.com/run/detail/us-central1/create-connect-account?project=paklan-45c3c","stateMessages":[{"severity":"INFO","type":"CloudRunServiceNewRevisionTrafficInfo","message":"A new revision will be deployed serving with 100% traffic."}]}],"sourceToken":"Cldwcm9qZWN0cy84MzM3NzY3NDIxNTEvbG9jYXRpb25zL3VzLWNlbnRyYWwxL2J1aWxkcy8yZmNhZWU1Ny02ZGYyLTQ3ZGEtODljYi1iNTY4NjAxYTJiM2USeXVzLWNlbnRyYWwxLWRvY2tlci5wa2cuZGV2L3Bha2xhbi00NWMzYy9nY2YtYXJ0aWZhY3RzL3Bha2xhbi0tNDVjM2NfX3VzLS1jZW50cmFsMV9fc2VuZF9fbWVzc2FnZV9fbm90aWZpY2F0aW9uczp2ZXJzaW9uXzEYh97dh6IYIlBwcm9qZWN0cy9wYWtsYW4tNDVjM2MvbG9jYXRpb25zL3VzLWNlbnRyYWwxL2Z1bmN0aW9ucy9zZW5kX21lc3NhZ2Vfbm90aWZpY2F0aW9ucyoLCOqfhtUGEMjr2TUyCXB5dGhvbjMxMzp4CiRnY3IuaW8vZ2FlLXJ1bnRpbWVzL3B5dGhvbjMxMzpzdGFibGUSUHVzLWNlbnRyYWwxLWRvY2tlci5wa2cuZGV2L3NlcnZlcmxlc3MtcnVudGltZXMvZ29vZ2xlLTIyLWZ1bGwvcnVudGltZXMvcHl0aG9uMzEzQAE=","operationType":"UPDATE_FUNCTION","buildName":"projects/833776742151/locations/us-central1/builds/2fcaee57-6df2-47da-89cb-b568601a2b3e"},"done":false}
[debug] [2026-09-09T16:57:28.804Z] Got source token Cldwcm9qZWN0cy84MzM3NzY3NDIxNTEvbG9jYXRpb25zL3VzLWNlbnRyYWwxL2J1aWxkcy8yZmNhZWU1Ny02ZGYyLTQ3ZGEtODljYi1iNTY4NjAxYTJiM2USeXVzLWNlbnRyYWwxLWRvY2tlci5wa2cuZGV2L3Bha2xhbi00NWMzYy9nY2YtYXJ0aWZhY3RzL3Bha2xhbi0tNDVjM2NfX3VzLS1jZW50cmFsMV9fc2VuZF9fbWVzc2FnZV9fbm90aWZpY2F0aW9uczp2ZXJzaW9uXzEYh97dh6IYIlBwcm9qZWN0cy9wYWtsYW4tNDVjM2MvbG9jYXRpb25zL3VzLWNlbnRyYWwxL2Z1bmN0aW9ucy9zZW5kX21lc3NhZ2Vfbm90aWZpY2F0aW9ucyoLCOqfhtUGEMjr2TUyCXB5dGhvbjMxMzp4CiRnY3IuaW8vZ2FlLXJ1bnRpbWVzL3B5dGhvbjMxMzpzdGFibGUSUHVzLWNlbnRyYWwxLWRvY2tlci5wa2cuZGV2L3NlcnZlcmxlc3MtcnVudGltZXMvZ29vZ2xlLTIyLWZ1bGwvcnVudGltZXMvcHl0aG9uMzEzQAE= for region us-central1
[debug] [2026-09-09T16:57:28.861Z] <<< [apiv2][status] GET https://cloudfunctions.googleapis.com/v2/projects/paklan-45c3c/locations/us-central1/operations/operation-1788973043833-65b0fbeca5918-f20747df-98267adb 200
[debug] [2026-09-09T16:57:28.861Z] <<< [apiv2][body] GET https://cloudfunctions.googleapis.com/v2/projects/paklan-45c3c/locations/us-central1/operations/operation-1788973043833-65b0fbeca5918-f20747df-98267adb {"name":"projects/paklan-45c3c/locations/us-central1/operations/operation-1788973043833-65b0fbeca5918-f20747df-98267adb","metadata":{"@type":"type.googleapis.com/google.cloud.functions.v2.OperationMetadata","createTime":"2026-09-09T16:57:24.688703448Z","target":"projects/paklan-45c3c/locations/us-central1/functions/send_reminder","verb":"update","cancelRequested":false,"apiVersion":"v2","requestResource":{"@type":"type.googleapis.com/google.cloud.functions.v2.Function","name":"projects/paklan-45c3c/locations/us-central1/functions/send_reminder","buildConfig":{"runtime":"python313","entryPoint":"send_reminder","source":{"storageSource":{"bucket":"gcf-v2-sources-833776742151-us-central1","object":"send_reminder/function-source.zip","generation":"1788973044627381"}},"environmentVariables":{"GOOGLE_NODE_RUN_SCRIPTS":""},"dockerRepository":"projects/paklan-45c3c/locations/us-central1/repositories/gcf-artifacts","sourceProvenance":{"resolvedStorageSource":{"bucket":"gcf-v2-sources-833776742151-us-central1","object":"send_reminder/function-source.zip","generation":"1788970791980702"}},"dockerRegistry":"ARTIFACT_REGISTRY","sourceToken":"Cldwcm9qZWN0cy84MzM3NzY3NDIxNTEvbG9jYXRpb25zL3VzLWNlbnRyYWwxL2J1aWxkcy8yZmNhZWU1Ny02ZGYyLTQ3ZGEtODljYi1iNTY4NjAxYTJiM2USeXVzLWNlbnRyYWwxLWRvY2tlci5wa2cuZGV2L3Bha2xhbi00NWMzYy9nY2YtYXJ0aWZhY3RzL3Bha2xhbi0tNDVjM2NfX3VzLS1jZW50cmFsMV9fc2VuZF9fbWVzc2FnZV9fbm90aWZpY2F0aW9uczp2ZXJzaW9uXzEYh97dh6IYIlBwcm9qZWN0cy9wYWtsYW4tNDVjM2MvbG9jYXRpb25zL3VzLWNlbnRyYWwxL2Z1bmN0aW9ucy9zZW5kX21lc3NhZ2Vfbm90aWZpY2F0aW9ucyoLCOqfhtUGEMjr2TUyCXB5dGhvbjMxMzp4CiRnY3IuaW8vZ2FlLXJ1bnRpbWVzL3B5dGhvbjMxMzpzdGFibGUSUHVzLWNlbnRyYWwxLWRvY2tlci5wa2cuZGV2L3NlcnZlcmxlc3MtcnVudGltZXMvZ29vZ2xlLTIyLWZ1bGwvcnVudGltZXMvcHl0aG9uMzEzQAE=","serviceAccount":"projects/paklan-45c3c/serviceAccounts/833776742151-compute@developer.gserviceaccount.com","automaticUpdatePolicy":{}},"serviceConfig":{"service":"projects/paklan-45c3c/locations/us-central1/services/send-reminder","timeoutSeconds":60,"environmentVariables":{"FIREBASE_CONFIG":"{\"projectId\":\"paklan-45c3c\",\"storageBucket\":\"paklan-45c3c.firebasestorage.app\"}","GCLOUD_PROJECT":"paklan-45c3c","EVENTARC_CLOUD_EVENT_SOURCE":"projects/paklan-45c3c/locations/us-central1/services/send_reminder","FUNCTION_TARGET":"send_reminder","LOG_EXECUTION_ID":"true","FUNCTION_SIGNATURE_TYPE":"http"},"ingressSettings":"ALLOW_ALL","uri":"https://send-reminder-ntcfxe6d7q-uc.a.run.app","serviceAccountEmail":"833776742151-compute@developer.gserviceaccount.com","availableMemory":"256Mi","allTrafficOnLatestRevision":true,"revision":"send-reminder-00045-jec","maxInstanceRequestConcurrency":80,"availableCpu":"1"},"state":"ACTIVE","labels":{"deployment-tool":"cli-firebase","deployment-scheduled":"true","firebase-functions-hash":"6b3db7f88a3c63cdfb7f613ca4ffc1e6723651f4"},"environment":"GEN_2","url":"https://us-central1-paklan-45c3c.cloudfunctions.net/send_reminder","satisfiesPzi":true},"stages":[{"name":"BUILD","message":"Reusing build","state":"COMPLETE","resource":"projects/833776742151/locations/us-central1/builds/2fcaee57-6df2-47da-89cb-b568601a2b3e"},{"name":"SERVICE","message":"Updating Cloud Run service","state":"IN_PROGRESS","resource":"projects/paklan-45c3c/locations/us-central1/services/send-reminder","resourceUri":"https://console.cloud.google.com/run/detail/us-central1/send-reminder?project=paklan-45c3c","stateMessages":[{"severity":"INFO","type":"CloudRunServiceNewRevisionTrafficInfo","message":"A new revision will be deployed serving with 100% traffic."}]}],"sourceToken":"Cldwcm9qZWN0cy84MzM3NzY3NDIxNTEvbG9jYXRpb25zL3VzLWNlbnRyYWwxL2J1aWxkcy8yZmNhZWU1Ny02ZGYyLTQ3ZGEtODljYi1iNTY4NjAxYTJiM2USeXVzLWNlbnRyYWwxLWRvY2tlci5wa2cuZGV2L3Bha2xhbi00NWMzYy9nY2YtYXJ0aWZhY3RzL3Bha2xhbi0tNDVjM2NfX3VzLS1jZW50cmFsMV9fc2VuZF9fbWVzc2FnZV9fbm90aWZpY2F0aW9uczp2ZXJzaW9uXzEYh97dh6IYIlBwcm9qZWN0cy9wYWtsYW4tNDVjM2MvbG9jYXRpb25zL3VzLWNlbnRyYWwxL2Z1bmN0aW9ucy9zZW5kX21lc3NhZ2Vfbm90aWZpY2F0aW9ucyoLCOqfhtUGEMjr2TUyCXB5dGhvbjMxMzp4CiRnY3IuaW8vZ2FlLXJ1bnRpbWVzL3B5dGhvbjMxMzpzdGFibGUSUHVzLWNlbnRyYWwxLWRvY2tlci5wa2cuZGV2L3NlcnZlcmxlc3MtcnVudGltZXMvZ29vZ2xlLTIyLWZ1bGwvcnVudGltZXMvcHl0aG9uMzEzQAE=","operationType":"UPDATE_FUNCTION","buildName":"projects/833776742151/locations/us-central1/builds/2fcaee57-6df2-47da-89cb-b568601a2b3e"},"done":false}
[debug] [2026-09-09T16:57:28.861Z] Got source token Cldwcm9qZWN0cy84MzM3NzY3NDIxNTEvbG9jYXRpb25zL3VzLWNlbnRyYWwxL2J1aWxkcy8yZmNhZWU1Ny02ZGYyLTQ3ZGEtODljYi1iNTY4NjAxYTJiM2USeXVzLWNlbnRyYWwxLWRvY2tlci5wa2cuZGV2L3Bha2xhbi00NWMzYy9nY2YtYXJ0aWZhY3RzL3Bha2xhbi0tNDVjM2NfX3VzLS1jZW50cmFsMV9fc2VuZF9fbWVzc2FnZV9fbm90aWZpY2F0aW9uczp2ZXJzaW9uXzEYh97dh6IYIlBwcm9qZWN0cy9wYWtsYW4tNDVjM2MvbG9jYXRpb25zL3VzLWNlbnRyYWwxL2Z1bmN0aW9ucy9zZW5kX21lc3NhZ2Vfbm90aWZpY2F0aW9ucyoLCOqfhtUGEMjr2TUyCXB5dGhvbjMxMzp4CiRnY3IuaW8vZ2FlLXJ1bnRpbWVzL3B5dGhvbjMxMzpzdGFibGUSUHVzLWNlbnRyYWwxLWRvY2tlci5wa2cuZGV2L3NlcnZlcmxlc3MtcnVudGltZXMvZ29vZ2xlLTIyLWZ1bGwvcnVudGltZXMvcHl0aG9uMzEzQAE= for region us-central1
[debug] [2026-09-09T16:57:28.875Z] <<< [apiv2][status] GET https://cloudfunctions.googleapis.com/v2/projects/paklan-45c3c/locations/us-central1/operations/operation-1788973043908-65b0fbecb7eaf-8889c026-a3bf8553 200
[debug] [2026-09-09T16:57:28.875Z] <<< [apiv2][body] GET https://cloudfunctions.googleapis.com/v2/projects/paklan-45c3c/locations/us-central1/operations/operation-1788973043908-65b0fbecb7eaf-8889c026-a3bf8553 {"name":"projects/paklan-45c3c/locations/us-central1/operations/operation-1788973043908-65b0fbecb7eaf-8889c026-a3bf8553","metadata":{"@type":"type.googleapis.com/google.cloud.functions.v2.OperationMetadata","createTime":"2026-09-09T16:57:24.723956700Z","target":"projects/paklan-45c3c/locations/us-central1/functions/send_reminder_days","verb":"update","cancelRequested":false,"apiVersion":"v2","requestResource":{"@type":"type.googleapis.com/google.cloud.functions.v2.Function","name":"projects/paklan-45c3c/locations/us-central1/functions/send_reminder_days","buildConfig":{"runtime":"python313","entryPoint":"send_reminder_days","source":{"storageSource":{"bucket":"gcf-v2-sources-833776742151-us-central1","object":"send_reminder_days/function-source.zip","generation":"1788973044670399"}},"environmentVariables":{"GOOGLE_NODE_RUN_SCRIPTS":""},"dockerRepository":"projects/paklan-45c3c/locations/us-central1/repositories/gcf-artifacts","sourceProvenance":{"resolvedStorageSource":{"bucket":"gcf-v2-sources-833776742151-us-central1","object":"send_reminder_days/function-source.zip","generation":"1788970791908513"}},"dockerRegistry":"ARTIFACT_REGISTRY","sourceToken":"Cldwcm9qZWN0cy84MzM3NzY3NDIxNTEvbG9jYXRpb25zL3VzLWNlbnRyYWwxL2J1aWxkcy8yZmNhZWU1Ny02ZGYyLTQ3ZGEtODljYi1iNTY4NjAxYTJiM2USeXVzLWNlbnRyYWwxLWRvY2tlci5wa2cuZGV2L3Bha2xhbi00NWMzYy9nY2YtYXJ0aWZhY3RzL3Bha2xhbi0tNDVjM2NfX3VzLS1jZW50cmFsMV9fc2VuZF9fbWVzc2FnZV9fbm90aWZpY2F0aW9uczp2ZXJzaW9uXzEYh97dh6IYIlBwcm9qZWN0cy9wYWtsYW4tNDVjM2MvbG9jYXRpb25zL3VzLWNlbnRyYWwxL2Z1bmN0aW9ucy9zZW5kX21lc3NhZ2Vfbm90aWZpY2F0aW9ucyoLCOqfhtUGEMjr2TUyCXB5dGhvbjMxMzp4CiRnY3IuaW8vZ2FlLXJ1bnRpbWVzL3B5dGhvbjMxMzpzdGFibGUSUHVzLWNlbnRyYWwxLWRvY2tlci5wa2cuZGV2L3NlcnZlcmxlc3MtcnVudGltZXMvZ29vZ2xlLTIyLWZ1bGwvcnVudGltZXMvcHl0aG9uMzEzQAE=","serviceAccount":"projects/paklan-45c3c/serviceAccounts/833776742151-compute@developer.gserviceaccount.com","automaticUpdatePolicy":{}},"serviceConfig":{"service":"projects/paklan-45c3c/locations/us-central1/services/send-reminder-days","timeoutSeconds":60,"environmentVariables":{"FIREBASE_CONFIG":"{\"projectId\":\"paklan-45c3c\",\"storageBucket\":\"paklan-45c3c.firebasestorage.app\"}","GCLOUD_PROJECT":"paklan-45c3c","EVENTARC_CLOUD_EVENT_SOURCE":"projects/paklan-45c3c/locations/us-central1/services/send_reminder_days","FUNCTION_TARGET":"send_reminder_days","LOG_EXECUTION_ID":"true","FUNCTION_SIGNATURE_TYPE":"http"},"ingressSettings":"ALLOW_ALL","uri":"https://send-reminder-days-ntcfxe6d7q-uc.a.run.app","serviceAccountEmail":"833776742151-compute@developer.gserviceaccount.com","availableMemory":"256Mi","allTrafficOnLatestRevision":true,"revision":"send-reminder-days-00039-naf","maxInstanceRequestConcurrency":80,"availableCpu":"1"},"state":"ACTIVE","labels":{"deployment-tool":"cli-firebase","deployment-scheduled":"true","firebase-functions-hash":"6b3db7f88a3c63cdfb7f613ca4ffc1e6723651f4"},"environment":"GEN_2","url":"https://us-central1-paklan-45c3c.cloudfunctions.net/send_reminder_days","satisfiesPzi":true},"stages":[{"name":"BUILD","message":"Reusing build","state":"COMPLETE","resource":"projects/833776742151/locations/us-central1/builds/2fcaee57-6df2-47da-89cb-b568601a2b3e"},{"name":"SERVICE","message":"Updating Cloud Run service","state":"IN_PROGRESS","resource":"projects/paklan-45c3c/locations/us-central1/services/send-reminder-days","resourceUri":"https://console.cloud.google.com/run/detail/us-central1/send-reminder-days?project=paklan-45c3c","stateMessages":[{"severity":"INFO","type":"CloudRunServiceNewRevisionTrafficInfo","message":"A new revision will be deployed serving with 100% traffic."}]}],"sourceToken":"Cldwcm9qZWN0cy84MzM3NzY3NDIxNTEvbG9jYXRpb25zL3VzLWNlbnRyYWwxL2J1aWxkcy8yZmNhZWU1Ny02ZGYyLTQ3ZGEtODljYi1iNTY4NjAxYTJiM2USeXVzLWNlbnRyYWwxLWRvY2tlci5wa2cuZGV2L3Bha2xhbi00NWMzYy9nY2YtYXJ0aWZhY3RzL3Bha2xhbi0tNDVjM2NfX3VzLS1jZW50cmFsMV9fc2VuZF9fbWVzc2FnZV9fbm90aWZpY2F0aW9uczp2ZXJzaW9uXzEYh97dh6IYIlBwcm9qZWN0cy9wYWtsYW4tNDVjM2MvbG9jYXRpb25zL3VzLWNlbnRyYWwxL2Z1bmN0aW9ucy9zZW5kX21lc3NhZ2Vfbm90aWZpY2F0aW9ucyoLCOqfhtUGEMjr2TUyCXB5dGhvbjMxMzp4CiRnY3IuaW8vZ2FlLXJ1bnRpbWVzL3B5dGhvbjMxMzpzdGFibGUSUHVzLWNlbnRyYWwxLWRvY2tlci5wa2cuZGV2L3NlcnZlcmxlc3MtcnVudGltZXMvZ29vZ2xlLTIyLWZ1bGwvcnVudGltZXMvcHl0aG9uMzEzQAE=","operationType":"UPDATE_FUNCTION","buildName":"projects/833776742151/locations/us-central1/builds/2fcaee57-6df2-47da-89cb-b568601a2b3e"},"done":false}
[debug] [2026-09-09T16:57:28.876Z] Got source token Cldwcm9qZWN0cy84MzM3NzY3NDIxNTEvbG9jYXRpb25zL3VzLWNlbnRyYWwxL2J1aWxkcy8yZmNhZWU1Ny02ZGYyLTQ3ZGEtODljYi1iNTY4NjAxYTJiM2USeXVzLWNlbnRyYWwxLWRvY2tlci5wa2cuZGV2L3Bha2xhbi00NWMzYy9nY2YtYXJ0aWZhY3RzL3Bha2xhbi0tNDVjM2NfX3VzLS1jZW50cmFsMV9fc2VuZF9fbWVzc2FnZV9fbm90aWZpY2F0aW9uczp2ZXJzaW9uXzEYh97dh6IYIlBwcm9qZWN0cy9wYWtsYW4tNDVjM2MvbG9jYXRpb25zL3VzLWNlbnRyYWwxL2Z1bmN0aW9ucy9zZW5kX21lc3NhZ2Vfbm90aWZpY2F0aW9ucyoLCOqfhtUGEMjr2TUyCXB5dGhvbjMxMzp4CiRnY3IuaW8vZ2FlLXJ1bnRpbWVzL3B5dGhvbjMxMzpzdGFibGUSUHVzLWNlbnRyYWwxLWRvY2tlci5wa2cuZGV2L3NlcnZlcmxlc3MtcnVudGltZXMvZ29vZ2xlLTIyLWZ1bGwvcnVudGltZXMvcHl0aG9uMzEzQAE= for region us-central1
[debug] [2026-09-09T16:57:28.879Z] <<< [apiv2][status] GET https://cloudfunctions.googleapis.com/v2/projects/paklan-45c3c/locations/us-central1/operations/operation-1788973043960-65b0fbecc4950-209f8619-913613e1 200
[debug] [2026-09-09T16:57:28.879Z] <<< [apiv2][body] GET https://cloudfunctions.googleapis.com/v2/projects/paklan-45c3c/locations/us-central1/operations/operation-1788973043960-65b0fbecc4950-209f8619-913613e1 {"name":"projects/paklan-45c3c/locations/us-central1/operations/operation-1788973043960-65b0fbecc4950-209f8619-913613e1","metadata":{"@type":"type.googleapis.com/google.cloud.functions.v2.OperationMetadata","createTime":"2026-09-09T16:57:24.755356322Z","target":"projects/paklan-45c3c/locations/us-central1/functions/update_remaining_hours","verb":"update","cancelRequested":false,"apiVersion":"v2","requestResource":{"@type":"type.googleapis.com/google.cloud.functions.v2.Function","name":"projects/paklan-45c3c/locations/us-central1/functions/update_remaining_hours","buildConfig":{"runtime":"python313","entryPoint":"update_remaining_hours","source":{"storageSource":{"bucket":"gcf-v2-sources-833776742151-us-central1","object":"update_remaining_hours/function-source.zip","generation":"1788973044706305"}},"environmentVariables":{"GOOGLE_NODE_RUN_SCRIPTS":""},"dockerRepository":"projects/paklan-45c3c/locations/us-central1/repositories/gcf-artifacts","sourceProvenance":{"resolvedStorageSource":{"bucket":"gcf-v2-sources-833776742151-us-central1","object":"update_remaining_hours/function-source.zip","generation":"1788970792102205"}},"dockerRegistry":"ARTIFACT_REGISTRY","sourceToken":"Cldwcm9qZWN0cy84MzM3NzY3NDIxNTEvbG9jYXRpb25zL3VzLWNlbnRyYWwxL2J1aWxkcy8yZmNhZWU1Ny02ZGYyLTQ3ZGEtODljYi1iNTY4NjAxYTJiM2USeXVzLWNlbnRyYWwxLWRvY2tlci5wa2cuZGV2L3Bha2xhbi00NWMzYy9nY2YtYXJ0aWZhY3RzL3Bha2xhbi0tNDVjM2NfX3VzLS1jZW50cmFsMV9fc2VuZF9fbWVzc2FnZV9fbm90aWZpY2F0aW9uczp2ZXJzaW9uXzEYh97dh6IYIlBwcm9qZWN0cy9wYWtsYW4tNDVjM2MvbG9jYXRpb25zL3VzLWNlbnRyYWwxL2Z1bmN0aW9ucy9zZW5kX21lc3NhZ2Vfbm90aWZpY2F0aW9ucyoLCOqfhtUGEMjr2TUyCXB5dGhvbjMxMzp4CiRnY3IuaW8vZ2FlLXJ1bnRpbWVzL3B5dGhvbjMxMzpzdGFibGUSUHVzLWNlbnRyYWwxLWRvY2tlci5wa2cuZGV2L3NlcnZlcmxlc3MtcnVudGltZXMvZ29vZ2xlLTIyLWZ1bGwvcnVudGltZXMvcHl0aG9uMzEzQAE=","serviceAccount":"projects/paklan-45c3c/serviceAccounts/833776742151-compute@developer.gserviceaccount.com","automaticUpdatePolicy":{}},"serviceConfig":{"service":"projects/paklan-45c3c/locations/us-central1/services/update-remaining-hours","timeoutSeconds":60,"environmentVariables":{"FIREBASE_CONFIG":"{\"projectId\":\"paklan-45c3c\",\"storageBucket\":\"paklan-45c3c.firebasestorage.app\"}","GCLOUD_PROJECT":"paklan-45c3c","EVENTARC_CLOUD_EVENT_SOURCE":"projects/paklan-45c3c/locations/us-central1/services/update_remaining_hours","FUNCTION_TARGET":"update_remaining_hours","LOG_EXECUTION_ID":"true","FUNCTION_SIGNATURE_TYPE":"http"},"ingressSettings":"ALLOW_ALL","uri":"https://update-remaining-hours-ntcfxe6d7q-uc.a.run.app","serviceAccountEmail":"833776742151-compute@developer.gserviceaccount.com","availableMemory":"256Mi","allTrafficOnLatestRevision":true,"revision":"update-remaining-hours-00045-tuk","maxInstanceRequestConcurrency":80,"availableCpu":"1"},"state":"ACTIVE","labels":{"deployment-tool":"cli-firebase","deployment-scheduled":"true","firebase-functions-hash":"6b3db7f88a3c63cdfb7f613ca4ffc1e6723651f4"},"environment":"GEN_2","url":"https://us-central1-paklan-45c3c.cloudfunctions.net/update_remaining_hours","satisfiesPzi":true},"stages":[{"name":"BUILD","message":"Reusing build","state":"COMPLETE","resource":"projects/833776742151/locations/us-central1/builds/2fcaee57-6df2-47da-89cb-b568601a2b3e"},{"name":"SERVICE","message":"Updating Cloud Run service","state":"IN_PROGRESS","resource":"projects/paklan-45c3c/locations/us-central1/services/update-remaining-hours","resourceUri":"https://console.cloud.google.com/run/detail/us-central1/update-remaining-hours?project=paklan-45c3c","stateMessages":[{"severity":"INFO","type":"CloudRunServiceNewRevisionTrafficInfo","message":"A new revision will be deployed serving with 100% traffic."}]}],"sourceToken":"Cldwcm9qZWN0cy84MzM3NzY3NDIxNTEvbG9jYXRpb25zL3VzLWNlbnRyYWwxL2J1aWxkcy8yZmNhZWU1Ny02ZGYyLTQ3ZGEtODljYi1iNTY4NjAxYTJiM2USeXVzLWNlbnRyYWwxLWRvY2tlci5wa2cuZGV2L3Bha2xhbi00NWMzYy9nY2YtYXJ0aWZhY3RzL3Bha2xhbi0tNDVjM2NfX3VzLS1jZW50cmFsMV9fc2VuZF9fbWVzc2FnZV9fbm90aWZpY2F0aW9uczp2ZXJzaW9uXzEYh97dh6IYIlBwcm9qZWN0cy9wYWtsYW4tNDVjM2MvbG9jYXRpb25zL3VzLWNlbnRyYWwxL2Z1bmN0aW9ucy9zZW5kX21lc3NhZ2Vfbm90aWZpY2F0aW9ucyoLCOqfhtUGEMjr2TUyCXB5dGhvbjMxMzp4CiRnY3IuaW8vZ2FlLXJ1bnRpbWVzL3B5dGhvbjMxMzpzdGFibGUSUHVzLWNlbnRyYWwxLWRvY2tlci5wa2cuZGV2L3NlcnZlcmxlc3MtcnVudGltZXMvZ29vZ2xlLTIyLWZ1bGwvcnVudGltZXMvcHl0aG9uMzEzQAE=","operationType":"UPDATE_FUNCTION","buildName":"projects/833776742151/locations/us-central1/builds/2fcaee57-6df2-47da-89cb-b568601a2b3e"},"done":false}
[debug] [2026-09-09T16:57:28.879Z] Got source token Cldwcm9qZWN0cy84MzM3NzY3NDIxNTEvbG9jYXRpb25zL3VzLWNlbnRyYWwxL2J1aWxkcy8yZmNhZWU1Ny02ZGYyLTQ3ZGEtODljYi1iNTY4NjAxYTJiM2USeXVzLWNlbnRyYWwxLWRvY2tlci5wa2cuZGV2L3Bha2xhbi00NWMzYy9nY2YtYXJ0aWZhY3RzL3Bha2xhbi0tNDVjM2NfX3VzLS1jZW50cmFsMV9fc2VuZF9fbWVzc2FnZV9fbm90aWZpY2F0aW9uczp2ZXJzaW9uXzEYh97dh6IYIlBwcm9qZWN0cy9wYWtsYW4tNDVjM2MvbG9jYXRpb25zL3VzLWNlbnRyYWwxL2Z1bmN0aW9ucy9zZW5kX21lc3NhZ2Vfbm90aWZpY2F0aW9ucyoLCOqfhtUGEMjr2TUyCXB5dGhvbjMxMzp4CiRnY3IuaW8vZ2FlLXJ1bnRpbWVzL3B5dGhvbjMxMzpzdGFibGUSUHVzLWNlbnRyYWwxLWRvY2tlci5wa2cuZGV2L3NlcnZlcmxlc3MtcnVudGltZXMvZ29vZ2xlLTIyLWZ1bGwvcnVudGltZXMvcHl0aG9uMzEzQAE= for region us-central1
[debug] [2026-09-09T16:57:28.969Z] [update-default-us-central1-update_transactions] Retrying task index 0
[debug] [2026-09-09T16:57:28.969Z] Checked if tokens are valid: true, expires at: 1788974279132
[debug] [2026-09-09T16:57:28.969Z] Checked if tokens are valid: true, expires at: 1788974279132
[debug] [2026-09-09T16:57:28.969Z] >>> [apiv2][query] GET https://cloudfunctions.googleapis.com/v2/projects/paklan-45c3c/locations/us-central1/operations/operation-1788973043943-65b0fbecc08d0-6e813645-fc590533 [none]
[debug] [2026-09-09T16:57:29.129Z] <<< [apiv2][status] GET https://cloudfunctions.googleapis.com/v2/projects/paklan-45c3c/locations/us-central1/operations/operation-1788973043943-65b0fbecc08d0-6e813645-fc590533 200
[debug] [2026-09-09T16:57:29.129Z] <<< [apiv2][body] GET https://cloudfunctions.googleapis.com/v2/projects/paklan-45c3c/locations/us-central1/operations/operation-1788973043943-65b0fbecc08d0-6e813645-fc590533 {"name":"projects/paklan-45c3c/locations/us-central1/operations/operation-1788973043943-65b0fbecc08d0-6e813645-fc590533","metadata":{"@type":"type.googleapis.com/google.cloud.functions.v2.OperationMetadata","createTime":"2026-09-09T16:57:25.021467485Z","target":"projects/paklan-45c3c/locations/us-central1/functions/update_transactions","verb":"update","cancelRequested":false,"apiVersion":"v2","requestResource":{"@type":"type.googleapis.com/google.cloud.functions.v2.Function","name":"projects/paklan-45c3c/locations/us-central1/functions/update_transactions","buildConfig":{"runtime":"python313","entryPoint":"update_transactions","source":{"storageSource":{"bucket":"gcf-v2-sources-833776742151-us-central1","object":"update_transactions/function-source.zip","generation":"1788973044974601"}},"environmentVariables":{"GOOGLE_NODE_RUN_SCRIPTS":""},"dockerRepository":"projects/paklan-45c3c/locations/us-central1/repositories/gcf-artifacts","sourceProvenance":{"resolvedStorageSource":{"bucket":"gcf-v2-sources-833776742151-us-central1","object":"update_transactions/function-source.zip","generation":"1788970792226631"}},"dockerRegistry":"ARTIFACT_REGISTRY","sourceToken":"Cldwcm9qZWN0cy84MzM3NzY3NDIxNTEvbG9jYXRpb25zL3VzLWNlbnRyYWwxL2J1aWxkcy8yZmNhZWU1Ny02ZGYyLTQ3ZGEtODljYi1iNTY4NjAxYTJiM2USeXVzLWNlbnRyYWwxLWRvY2tlci5wa2cuZGV2L3Bha2xhbi00NWMzYy9nY2YtYXJ0aWZhY3RzL3Bha2xhbi0tNDVjM2NfX3VzLS1jZW50cmFsMV9fc2VuZF9fbWVzc2FnZV9fbm90aWZpY2F0aW9uczp2ZXJzaW9uXzEYh97dh6IYIlBwcm9qZWN0cy9wYWtsYW4tNDVjM2MvbG9jYXRpb25zL3VzLWNlbnRyYWwxL2Z1bmN0aW9ucy9zZW5kX21lc3NhZ2Vfbm90aWZpY2F0aW9ucyoLCOqfhtUGEMjr2TUyCXB5dGhvbjMxMzp4CiRnY3IuaW8vZ2FlLXJ1bnRpbWVzL3B5dGhvbjMxMzpzdGFibGUSUHVzLWNlbnRyYWwxLWRvY2tlci5wa2cuZGV2L3NlcnZlcmxlc3MtcnVudGltZXMvZ29vZ2xlLTIyLWZ1bGwvcnVudGltZXMvcHl0aG9uMzEzQAE=","serviceAccount":"projects/paklan-45c3c/serviceAccounts/833776742151-compute@developer.gserviceaccount.com","automaticUpdatePolicy":{}},"serviceConfig":{"service":"projects/paklan-45c3c/locations/us-central1/services/update-transactions","timeoutSeconds":60,"environmentVariables":{"FIREBASE_CONFIG":"{\"projectId\":\"paklan-45c3c\",\"storageBucket\":\"paklan-45c3c.firebasestorage.app\"}","GCLOUD_PROJECT":"paklan-45c3c","EVENTARC_CLOUD_EVENT_SOURCE":"projects/paklan-45c3c/locations/us-central1/services/update_transactions","FUNCTION_SIGNATURE_TYPE":"cloudevent","FUNCTION_TARGET":"update_transactions","LOG_EXECUTION_ID":"true"},"maxInstanceCount":40,"ingressSettings":"ALLOW_ALL","uri":"https://update-transactions-ntcfxe6d7q-uc.a.run.app","serviceAccountEmail":"833776742151-compute@developer.gserviceaccount.com","availableMemory":"256Mi","allTrafficOnLatestRevision":true,"revision":"update-transactions-00069-cel","maxInstanceRequestConcurrency":80,"availableCpu":"1"},"eventTrigger":{"trigger":"projects/paklan-45c3c/locations/northamerica-south1/triggers/update-transactions-224385","triggerRegion":"northamerica-south1","eventType":"google.cloud.firestore.document.v1.created","eventFilters":[{"attribute":"database","value":"(default)"},{"attribute":"namespace","value":"(default)"},{"attribute":"document","value":"transactions/{transactionId}/status/{statusId}","operator":"match-path-pattern"}],"pubsubTopic":"projects/paklan-45c3c/topics/eventarc-northamerica-south1-update-transactions-224385-165","serviceAccountEmail":"833776742151-compute@developer.gserviceaccount.com","retryPolicy":"RETRY_POLICY_DO_NOT_RETRY"},"state":"ACTIVE","labels":{"deployment-tool":"cli-firebase","firebase-functions-hash":"6b3db7f88a3c63cdfb7f613ca4ffc1e6723651f4"},"environment":"GEN_2","url":"https://us-central1-paklan-45c3c.cloudfunctions.net/update_transactions","satisfiesPzi":true},"stages":[{"name":"BUILD","message":"Reusing build","state":"COMPLETE","resource":"projects/833776742151/locations/us-central1/builds/2fcaee57-6df2-47da-89cb-b568601a2b3e"},{"name":"SERVICE","message":"Updating Cloud Run service","state":"IN_PROGRESS","resource":"projects/paklan-45c3c/locations/us-central1/services/update-transactions","resourceUri":"https://console.cloud.google.com/run/detail/us-central1/update-transactions?project=paklan-45c3c","stateMessages":[{"severity":"INFO","type":"CloudRunServiceNewRevisionTrafficInfo","message":"A new revision will be deployed serving with 100% traffic."}]},{"name":"TRIGGER","state":"NOT_STARTED"}],"sourceToken":"Cldwcm9qZWN0cy84MzM3NzY3NDIxNTEvbG9jYXRpb25zL3VzLWNlbnRyYWwxL2J1aWxkcy8yZmNhZWU1Ny02ZGYyLTQ3ZGEtODljYi1iNTY4NjAxYTJiM2USeXVzLWNlbnRyYWwxLWRvY2tlci5wa2cuZGV2L3Bha2xhbi00NWMzYy9nY2YtYXJ0aWZhY3RzL3Bha2xhbi0tNDVjM2NfX3VzLS1jZW50cmFsMV9fc2VuZF9fbWVzc2FnZV9fbm90aWZpY2F0aW9uczp2ZXJzaW9uXzEYh97dh6IYIlBwcm9qZWN0cy9wYWtsYW4tNDVjM2MvbG9jYXRpb25zL3VzLWNlbnRyYWwxL2Z1bmN0aW9ucy9zZW5kX21lc3NhZ2Vfbm90aWZpY2F0aW9ucyoLCOqfhtUGEMjr2TUyCXB5dGhvbjMxMzp4CiRnY3IuaW8vZ2FlLXJ1bnRpbWVzL3B5dGhvbjMxMzpzdGFibGUSUHVzLWNlbnRyYWwxLWRvY2tlci5wa2cuZGV2L3NlcnZlcmxlc3MtcnVudGltZXMvZ29vZ2xlLTIyLWZ1bGwvcnVudGltZXMvcHl0aG9uMzEzQAE=","operationType":"UPDATE_FUNCTION","buildName":"projects/833776742151/locations/us-central1/builds/2fcaee57-6df2-47da-89cb-b568601a2b3e"},"done":false}
[debug] [2026-09-09T16:57:29.129Z] Got source token Cldwcm9qZWN0cy84MzM3NzY3NDIxNTEvbG9jYXRpb25zL3VzLWNlbnRyYWwxL2J1aWxkcy8yZmNhZWU1Ny02ZGYyLTQ3ZGEtODljYi1iNTY4NjAxYTJiM2USeXVzLWNlbnRyYWwxLWRvY2tlci5wa2cuZGV2L3Bha2xhbi00NWMzYy9nY2YtYXJ0aWZhY3RzL3Bha2xhbi0tNDVjM2NfX3VzLS1jZW50cmFsMV9fc2VuZF9fbWVzc2FnZV9fbm90aWZpY2F0aW9uczp2ZXJzaW9uXzEYh97dh6IYIlBwcm9qZWN0cy9wYWtsYW4tNDVjM2MvbG9jYXRpb25zL3VzLWNlbnRyYWwxL2Z1bmN0aW9ucy9zZW5kX21lc3NhZ2Vfbm90aWZpY2F0aW9ucyoLCOqfhtUGEMjr2TUyCXB5dGhvbjMxMzp4CiRnY3IuaW8vZ2FlLXJ1bnRpbWVzL3B5dGhvbjMxMzpzdGFibGUSUHVzLWNlbnRyYWwxLWRvY2tlci5wa2cuZGV2L3NlcnZlcmxlc3MtcnVudGltZXMvZ29vZ2xlLTIyLWZ1bGwvcnVudGltZXMvcHl0aG9uMzEzQAE= for region us-central1
[debug] [2026-09-09T16:57:32.806Z] [update-default-us-central1-create_connect_account] Retrying task index 0
[debug] [2026-09-09T16:57:32.806Z] Checked if tokens are valid: true, expires at: 1788974279132
[debug] [2026-09-09T16:57:32.806Z] Checked if tokens are valid: true, expires at: 1788974279132
[debug] [2026-09-09T16:57:32.806Z] >>> [apiv2][query] GET https://cloudfunctions.googleapis.com/v2/projects/paklan-45c3c/locations/us-central1/operations/operation-1788973043795-65b0fbec9c7a5-dec8ac87-4e9f7707 [none]
[debug] [2026-09-09T16:57:32.862Z] [update-default-us-central1-send_reminder] Retrying task index 0
[debug] [2026-09-09T16:57:32.862Z] Checked if tokens are valid: true, expires at: 1788974279132
[debug] [2026-09-09T16:57:32.862Z] Checked if tokens are valid: true, expires at: 1788974279132
[debug] [2026-09-09T16:57:32.862Z] >>> [apiv2][query] GET https://cloudfunctions.googleapis.com/v2/projects/paklan-45c3c/locations/us-central1/operations/operation-1788973043833-65b0fbeca5918-f20747df-98267adb [none]
[debug] [2026-09-09T16:57:32.876Z] [update-default-us-central1-send_reminder_days] Retrying task index 0
[debug] [2026-09-09T16:57:32.876Z] Checked if tokens are valid: true, expires at: 1788974279132
[debug] [2026-09-09T16:57:32.876Z] Checked if tokens are valid: true, expires at: 1788974279132
[debug] [2026-09-09T16:57:32.877Z] >>> [apiv2][query] GET https://cloudfunctions.googleapis.com/v2/projects/paklan-45c3c/locations/us-central1/operations/operation-1788973043908-65b0fbecb7eaf-8889c026-a3bf8553 [none]
[debug] [2026-09-09T16:57:32.880Z] [update-default-us-central1-update_remaining_hours] Retrying task index 0
[debug] [2026-09-09T16:57:32.880Z] Checked if tokens are valid: true, expires at: 1788974279132
[debug] [2026-09-09T16:57:32.880Z] Checked if tokens are valid: true, expires at: 1788974279132
[debug] [2026-09-09T16:57:32.880Z] >>> [apiv2][query] GET https://cloudfunctions.googleapis.com/v2/projects/paklan-45c3c/locations/us-central1/operations/operation-1788973043960-65b0fbecc4950-209f8619-913613e1 [none]
[debug] [2026-09-09T16:57:33.000Z] <<< [apiv2][status] GET https://cloudfunctions.googleapis.com/v2/projects/paklan-45c3c/locations/us-central1/operations/operation-1788973043795-65b0fbec9c7a5-dec8ac87-4e9f7707 200
[debug] [2026-09-09T16:57:33.000Z] <<< [apiv2][body] GET https://cloudfunctions.googleapis.com/v2/projects/paklan-45c3c/locations/us-central1/operations/operation-1788973043795-65b0fbec9c7a5-dec8ac87-4e9f7707 {"name":"projects/paklan-45c3c/locations/us-central1/operations/operation-1788973043795-65b0fbec9c7a5-dec8ac87-4e9f7707","metadata":{"@type":"type.googleapis.com/google.cloud.functions.v2.OperationMetadata","createTime":"2026-09-09T16:57:24.675265149Z","target":"projects/paklan-45c3c/locations/us-central1/functions/create_connect_account","verb":"update","cancelRequested":false,"apiVersion":"v2","requestResource":{"@type":"type.googleapis.com/google.cloud.functions.v2.Function","name":"projects/paklan-45c3c/locations/us-central1/functions/create_connect_account","buildConfig":{"runtime":"python313","entryPoint":"create_connect_account","source":{"storageSource":{"bucket":"gcf-v2-sources-833776742151-us-central1","object":"create_connect_account/function-source.zip","generation":"1788973044620256"}},"environmentVariables":{"GOOGLE_NODE_RUN_SCRIPTS":""},"dockerRepository":"projects/paklan-45c3c/locations/us-central1/repositories/gcf-artifacts","sourceProvenance":{"resolvedStorageSource":{"bucket":"gcf-v2-sources-833776742151-us-central1","object":"create_connect_account/function-source.zip","generation":"1788970693159070"}},"dockerRegistry":"ARTIFACT_REGISTRY","sourceToken":"Cldwcm9qZWN0cy84MzM3NzY3NDIxNTEvbG9jYXRpb25zL3VzLWNlbnRyYWwxL2J1aWxkcy8yZmNhZWU1Ny02ZGYyLTQ3ZGEtODljYi1iNTY4NjAxYTJiM2USeXVzLWNlbnRyYWwxLWRvY2tlci5wa2cuZGV2L3Bha2xhbi00NWMzYy9nY2YtYXJ0aWZhY3RzL3Bha2xhbi0tNDVjM2NfX3VzLS1jZW50cmFsMV9fc2VuZF9fbWVzc2FnZV9fbm90aWZpY2F0aW9uczp2ZXJzaW9uXzEYh97dh6IYIlBwcm9qZWN0cy9wYWtsYW4tNDVjM2MvbG9jYXRpb25zL3VzLWNlbnRyYWwxL2Z1bmN0aW9ucy9zZW5kX21lc3NhZ2Vfbm90aWZpY2F0aW9ucyoLCOqfhtUGEMjr2TUyCXB5dGhvbjMxMzp4CiRnY3IuaW8vZ2FlLXJ1bnRpbWVzL3B5dGhvbjMxMzpzdGFibGUSUHVzLWNlbnRyYWwxLWRvY2tlci5wa2cuZGV2L3NlcnZlcmxlc3MtcnVudGltZXMvZ29vZ2xlLTIyLWZ1bGwvcnVudGltZXMvcHl0aG9uMzEzQAE=","serviceAccount":"projects/paklan-45c3c/serviceAccounts/833776742151-compute@developer.gserviceaccount.com","automaticUpdatePolicy":{}},"serviceConfig":{"service":"projects/paklan-45c3c/locations/us-central1/services/create-connect-account","timeoutSeconds":60,"environmentVariables":{"FIREBASE_CONFIG":"{\"projectId\":\"paklan-45c3c\",\"storageBucket\":\"paklan-45c3c.firebasestorage.app\"}","GCLOUD_PROJECT":"paklan-45c3c","EVENTARC_CLOUD_EVENT_SOURCE":"projects/paklan-45c3c/locations/us-central1/services/create_connect_account","FUNCTION_TARGET":"create_connect_account","LOG_EXECUTION_ID":"true","FUNCTION_SIGNATURE_TYPE":"http"},"ingressSettings":"ALLOW_ALL","uri":"https://create-connect-account-ntcfxe6d7q-uc.a.run.app","serviceAccountEmail":"833776742151-compute@developer.gserviceaccount.com","availableMemory":"256Mi","allTrafficOnLatestRevision":true,"secretEnvironmentVariables":[{"key":"STRIPE_SECRET_JSON","projectId":"paklan-45c3c","secret":"STRIPE_SECRET_JSON","version":"2"}],"revision":"create-connect-account-00007-naq","maxInstanceRequestConcurrency":80,"availableCpu":"1"},"state":"ACTIVE","labels":{"deployment-tool":"cli-firebase","firebase-functions-hash":"8726483970547ebb56a18dd10dc04c5958b9e046"},"environment":"GEN_2","url":"https://us-central1-paklan-45c3c.cloudfunctions.net/create_connect_account","satisfiesPzi":true},"stages":[{"name":"BUILD","message":"Reusing build","state":"COMPLETE","resource":"projects/833776742151/locations/us-central1/builds/2fcaee57-6df2-47da-89cb-b568601a2b3e"},{"name":"SERVICE","message":"Updating Cloud Run service","state":"IN_PROGRESS","resource":"projects/paklan-45c3c/locations/us-central1/services/create-connect-account","resourceUri":"https://console.cloud.google.com/run/detail/us-central1/create-connect-account?project=paklan-45c3c","stateMessages":[{"severity":"INFO","type":"CloudRunServiceNewRevisionTrafficInfo","message":"A new revision will be deployed serving with 100% traffic."}]}],"sourceToken":"Cldwcm9qZWN0cy84MzM3NzY3NDIxNTEvbG9jYXRpb25zL3VzLWNlbnRyYWwxL2J1aWxkcy8yZmNhZWU1Ny02ZGYyLTQ3ZGEtODljYi1iNTY4NjAxYTJiM2USeXVzLWNlbnRyYWwxLWRvY2tlci5wa2cuZGV2L3Bha2xhbi00NWMzYy9nY2YtYXJ0aWZhY3RzL3Bha2xhbi0tNDVjM2NfX3VzLS1jZW50cmFsMV9fc2VuZF9fbWVzc2FnZV9fbm90aWZpY2F0aW9uczp2ZXJzaW9uXzEYh97dh6IYIlBwcm9qZWN0cy9wYWtsYW4tNDVjM2MvbG9jYXRpb25zL3VzLWNlbnRyYWwxL2Z1bmN0aW9ucy9zZW5kX21lc3NhZ2Vfbm90aWZpY2F0aW9ucyoLCOqfhtUGEMjr2TUyCXB5dGhvbjMxMzp4CiRnY3IuaW8vZ2FlLXJ1bnRpbWVzL3B5dGhvbjMxMzpzdGFibGUSUHVzLWNlbnRyYWwxLWRvY2tlci5wa2cuZGV2L3NlcnZlcmxlc3MtcnVudGltZXMvZ29vZ2xlLTIyLWZ1bGwvcnVudGltZXMvcHl0aG9uMzEzQAE=","operationType":"UPDATE_FUNCTION","buildName":"projects/833776742151/locations/us-central1/builds/2fcaee57-6df2-47da-89cb-b568601a2b3e"},"done":false}
[debug] [2026-09-09T16:57:33.001Z] Got source token Cldwcm9qZWN0cy84MzM3NzY3NDIxNTEvbG9jYXRpb25zL3VzLWNlbnRyYWwxL2J1aWxkcy8yZmNhZWU1Ny02ZGYyLTQ3ZGEtODljYi1iNTY4NjAxYTJiM2USeXVzLWNlbnRyYWwxLWRvY2tlci5wa2cuZGV2L3Bha2xhbi00NWMzYy9nY2YtYXJ0aWZhY3RzL3Bha2xhbi0tNDVjM2NfX3VzLS1jZW50cmFsMV9fc2VuZF9fbWVzc2FnZV9fbm90aWZpY2F0aW9uczp2ZXJzaW9uXzEYh97dh6IYIlBwcm9qZWN0cy9wYWtsYW4tNDVjM2MvbG9jYXRpb25zL3VzLWNlbnRyYWwxL2Z1bmN0aW9ucy9zZW5kX21lc3NhZ2Vfbm90aWZpY2F0aW9ucyoLCOqfhtUGEMjr2TUyCXB5dGhvbjMxMzp4CiRnY3IuaW8vZ2FlLXJ1bnRpbWVzL3B5dGhvbjMxMzpzdGFibGUSUHVzLWNlbnRyYWwxLWRvY2tlci5wa2cuZGV2L3NlcnZlcmxlc3MtcnVudGltZXMvZ29vZ2xlLTIyLWZ1bGwvcnVudGltZXMvcHl0aG9uMzEzQAE= for region us-central1
[debug] [2026-09-09T16:57:33.037Z] <<< [apiv2][status] GET https://cloudfunctions.googleapis.com/v2/projects/paklan-45c3c/locations/us-central1/operations/operation-1788973043833-65b0fbeca5918-f20747df-98267adb 200
[debug] [2026-09-09T16:57:33.037Z] <<< [apiv2][body] GET https://cloudfunctions.googleapis.com/v2/projects/paklan-45c3c/locations/us-central1/operations/operation-1788973043833-65b0fbeca5918-f20747df-98267adb {"name":"projects/paklan-45c3c/locations/us-central1/operations/operation-1788973043833-65b0fbeca5918-f20747df-98267adb","metadata":{"@type":"type.googleapis.com/google.cloud.functions.v2.OperationMetadata","createTime":"2026-09-09T16:57:24.688703448Z","target":"projects/paklan-45c3c/locations/us-central1/functions/send_reminder","verb":"update","cancelRequested":false,"apiVersion":"v2","requestResource":{"@type":"type.googleapis.com/google.cloud.functions.v2.Function","name":"projects/paklan-45c3c/locations/us-central1/functions/send_reminder","buildConfig":{"runtime":"python313","entryPoint":"send_reminder","source":{"storageSource":{"bucket":"gcf-v2-sources-833776742151-us-central1","object":"send_reminder/function-source.zip","generation":"1788973044627381"}},"environmentVariables":{"GOOGLE_NODE_RUN_SCRIPTS":""},"dockerRepository":"projects/paklan-45c3c/locations/us-central1/repositories/gcf-artifacts","sourceProvenance":{"resolvedStorageSource":{"bucket":"gcf-v2-sources-833776742151-us-central1","object":"send_reminder/function-source.zip","generation":"1788970791980702"}},"dockerRegistry":"ARTIFACT_REGISTRY","sourceToken":"Cldwcm9qZWN0cy84MzM3NzY3NDIxNTEvbG9jYXRpb25zL3VzLWNlbnRyYWwxL2J1aWxkcy8yZmNhZWU1Ny02ZGYyLTQ3ZGEtODljYi1iNTY4NjAxYTJiM2USeXVzLWNlbnRyYWwxLWRvY2tlci5wa2cuZGV2L3Bha2xhbi00NWMzYy9nY2YtYXJ0aWZhY3RzL3Bha2xhbi0tNDVjM2NfX3VzLS1jZW50cmFsMV9fc2VuZF9fbWVzc2FnZV9fbm90aWZpY2F0aW9uczp2ZXJzaW9uXzEYh97dh6IYIlBwcm9qZWN0cy9wYWtsYW4tNDVjM2MvbG9jYXRpb25zL3VzLWNlbnRyYWwxL2Z1bmN0aW9ucy9zZW5kX21lc3NhZ2Vfbm90aWZpY2F0aW9ucyoLCOqfhtUGEMjr2TUyCXB5dGhvbjMxMzp4CiRnY3IuaW8vZ2FlLXJ1bnRpbWVzL3B5dGhvbjMxMzpzdGFibGUSUHVzLWNlbnRyYWwxLWRvY2tlci5wa2cuZGV2L3NlcnZlcmxlc3MtcnVudGltZXMvZ29vZ2xlLTIyLWZ1bGwvcnVudGltZXMvcHl0aG9uMzEzQAE=","serviceAccount":"projects/paklan-45c3c/serviceAccounts/833776742151-compute@developer.gserviceaccount.com","automaticUpdatePolicy":{}},"serviceConfig":{"service":"projects/paklan-45c3c/locations/us-central1/services/send-reminder","timeoutSeconds":60,"environmentVariables":{"FIREBASE_CONFIG":"{\"projectId\":\"paklan-45c3c\",\"storageBucket\":\"paklan-45c3c.firebasestorage.app\"}","GCLOUD_PROJECT":"paklan-45c3c","EVENTARC_CLOUD_EVENT_SOURCE":"projects/paklan-45c3c/locations/us-central1/services/send_reminder","FUNCTION_TARGET":"send_reminder","LOG_EXECUTION_ID":"true","FUNCTION_SIGNATURE_TYPE":"http"},"ingressSettings":"ALLOW_ALL","uri":"https://send-reminder-ntcfxe6d7q-uc.a.run.app","serviceAccountEmail":"833776742151-compute@developer.gserviceaccount.com","availableMemory":"256Mi","allTrafficOnLatestRevision":true,"revision":"send-reminder-00045-jec","maxInstanceRequestConcurrency":80,"availableCpu":"1"},"state":"ACTIVE","labels":{"deployment-tool":"cli-firebase","deployment-scheduled":"true","firebase-functions-hash":"6b3db7f88a3c63cdfb7f613ca4ffc1e6723651f4"},"environment":"GEN_2","url":"https://us-central1-paklan-45c3c.cloudfunctions.net/send_reminder","satisfiesPzi":true},"stages":[{"name":"BUILD","message":"Reusing build","state":"COMPLETE","resource":"projects/833776742151/locations/us-central1/builds/2fcaee57-6df2-47da-89cb-b568601a2b3e"},{"name":"SERVICE","message":"Updating Cloud Run service","state":"IN_PROGRESS","resource":"projects/paklan-45c3c/locations/us-central1/services/send-reminder","resourceUri":"https://console.cloud.google.com/run/detail/us-central1/send-reminder?project=paklan-45c3c","stateMessages":[{"severity":"INFO","type":"CloudRunServiceNewRevisionTrafficInfo","message":"A new revision will be deployed serving with 100% traffic."}]}],"sourceToken":"Cldwcm9qZWN0cy84MzM3NzY3NDIxNTEvbG9jYXRpb25zL3VzLWNlbnRyYWwxL2J1aWxkcy8yZmNhZWU1Ny02ZGYyLTQ3ZGEtODljYi1iNTY4NjAxYTJiM2USeXVzLWNlbnRyYWwxLWRvY2tlci5wa2cuZGV2L3Bha2xhbi00NWMzYy9nY2YtYXJ0aWZhY3RzL3Bha2xhbi0tNDVjM2NfX3VzLS1jZW50cmFsMV9fc2VuZF9fbWVzc2FnZV9fbm90aWZpY2F0aW9uczp2ZXJzaW9uXzEYh97dh6IYIlBwcm9qZWN0cy9wYWtsYW4tNDVjM2MvbG9jYXRpb25zL3VzLWNlbnRyYWwxL2Z1bmN0aW9ucy9zZW5kX21lc3NhZ2Vfbm90aWZpY2F0aW9ucyoLCOqfhtUGEMjr2TUyCXB5dGhvbjMxMzp4CiRnY3IuaW8vZ2FlLXJ1bnRpbWVzL3B5dGhvbjMxMzpzdGFibGUSUHVzLWNlbnRyYWwxLWRvY2tlci5wa2cuZGV2L3NlcnZlcmxlc3MtcnVudGltZXMvZ29vZ2xlLTIyLWZ1bGwvcnVudGltZXMvcHl0aG9uMzEzQAE=","operationType":"UPDATE_FUNCTION","buildName":"projects/833776742151/locations/us-central1/builds/2fcaee57-6df2-47da-89cb-b568601a2b3e"},"done":false}
[debug] [2026-09-09T16:57:33.037Z] Got source token Cldwcm9qZWN0cy84MzM3NzY3NDIxNTEvbG9jYXRpb25zL3VzLWNlbnRyYWwxL2J1aWxkcy8yZmNhZWU1Ny02ZGYyLTQ3ZGEtODljYi1iNTY4NjAxYTJiM2USeXVzLWNlbnRyYWwxLWRvY2tlci5wa2cuZGV2L3Bha2xhbi00NWMzYy9nY2YtYXJ0aWZhY3RzL3Bha2xhbi0tNDVjM2NfX3VzLS1jZW50cmFsMV9fc2VuZF9fbWVzc2FnZV9fbm90aWZpY2F0aW9uczp2ZXJzaW9uXzEYh97dh6IYIlBwcm9qZWN0cy9wYWtsYW4tNDVjM2MvbG9jYXRpb25zL3VzLWNlbnRyYWwxL2Z1bmN0aW9ucy9zZW5kX21lc3NhZ2Vfbm90aWZpY2F0aW9ucyoLCOqfhtUGEMjr2TUyCXB5dGhvbjMxMzp4CiRnY3IuaW8vZ2FlLXJ1bnRpbWVzL3B5dGhvbjMxMzpzdGFibGUSUHVzLWNlbnRyYWwxLWRvY2tlci5wa2cuZGV2L3NlcnZlcmxlc3MtcnVudGltZXMvZ29vZ2xlLTIyLWZ1bGwvcnVudGltZXMvcHl0aG9uMzEzQAE= for region us-central1
[debug] [2026-09-09T16:57:33.126Z] <<< [apiv2][status] GET https://cloudfunctions.googleapis.com/v2/projects/paklan-45c3c/locations/us-central1/operations/operation-1788973043908-65b0fbecb7eaf-8889c026-a3bf8553 200
[debug] [2026-09-09T16:57:33.127Z] <<< [apiv2][body] GET https://cloudfunctions.googleapis.com/v2/projects/paklan-45c3c/locations/us-central1/operations/operation-1788973043908-65b0fbecb7eaf-8889c026-a3bf8553 {"name":"projects/paklan-45c3c/locations/us-central1/operations/operation-1788973043908-65b0fbecb7eaf-8889c026-a3bf8553","metadata":{"@type":"type.googleapis.com/google.cloud.functions.v2.OperationMetadata","createTime":"2026-09-09T16:57:24.723956700Z","target":"projects/paklan-45c3c/locations/us-central1/functions/send_reminder_days","verb":"update","cancelRequested":false,"apiVersion":"v2","requestResource":{"@type":"type.googleapis.com/google.cloud.functions.v2.Function","name":"projects/paklan-45c3c/locations/us-central1/functions/send_reminder_days","buildConfig":{"runtime":"python313","entryPoint":"send_reminder_days","source":{"storageSource":{"bucket":"gcf-v2-sources-833776742151-us-central1","object":"send_reminder_days/function-source.zip","generation":"1788973044670399"}},"environmentVariables":{"GOOGLE_NODE_RUN_SCRIPTS":""},"dockerRepository":"projects/paklan-45c3c/locations/us-central1/repositories/gcf-artifacts","sourceProvenance":{"resolvedStorageSource":{"bucket":"gcf-v2-sources-833776742151-us-central1","object":"send_reminder_days/function-source.zip","generation":"1788970791908513"}},"dockerRegistry":"ARTIFACT_REGISTRY","sourceToken":"Cldwcm9qZWN0cy84MzM3NzY3NDIxNTEvbG9jYXRpb25zL3VzLWNlbnRyYWwxL2J1aWxkcy8yZmNhZWU1Ny02ZGYyLTQ3ZGEtODljYi1iNTY4NjAxYTJiM2USeXVzLWNlbnRyYWwxLWRvY2tlci5wa2cuZGV2L3Bha2xhbi00NWMzYy9nY2YtYXJ0aWZhY3RzL3Bha2xhbi0tNDVjM2NfX3VzLS1jZW50cmFsMV9fc2VuZF9fbWVzc2FnZV9fbm90aWZpY2F0aW9uczp2ZXJzaW9uXzEYh97dh6IYIlBwcm9qZWN0cy9wYWtsYW4tNDVjM2MvbG9jYXRpb25zL3VzLWNlbnRyYWwxL2Z1bmN0aW9ucy9zZW5kX21lc3NhZ2Vfbm90aWZpY2F0aW9ucyoLCOqfhtUGEMjr2TUyCXB5dGhvbjMxMzp4CiRnY3IuaW8vZ2FlLXJ1bnRpbWVzL3B5dGhvbjMxMzpzdGFibGUSUHVzLWNlbnRyYWwxLWRvY2tlci5wa2cuZGV2L3NlcnZlcmxlc3MtcnVudGltZXMvZ29vZ2xlLTIyLWZ1bGwvcnVudGltZXMvcHl0aG9uMzEzQAE=","serviceAccount":"projects/paklan-45c3c/serviceAccounts/833776742151-compute@developer.gserviceaccount.com","automaticUpdatePolicy":{}},"serviceConfig":{"service":"projects/paklan-45c3c/locations/us-central1/services/send-reminder-days","timeoutSeconds":60,"environmentVariables":{"FIREBASE_CONFIG":"{\"projectId\":\"paklan-45c3c\",\"storageBucket\":\"paklan-45c3c.firebasestorage.app\"}","GCLOUD_PROJECT":"paklan-45c3c","EVENTARC_CLOUD_EVENT_SOURCE":"projects/paklan-45c3c/locations/us-central1/services/send_reminder_days","FUNCTION_TARGET":"send_reminder_days","LOG_EXECUTION_ID":"true","FUNCTION_SIGNATURE_TYPE":"http"},"ingressSettings":"ALLOW_ALL","uri":"https://send-reminder-days-ntcfxe6d7q-uc.a.run.app","serviceAccountEmail":"833776742151-compute@developer.gserviceaccount.com","availableMemory":"256Mi","allTrafficOnLatestRevision":true,"revision":"send-reminder-days-00039-naf","maxInstanceRequestConcurrency":80,"availableCpu":"1"},"state":"ACTIVE","labels":{"deployment-tool":"cli-firebase","deployment-scheduled":"true","firebase-functions-hash":"6b3db7f88a3c63cdfb7f613ca4ffc1e6723651f4"},"environment":"GEN_2","url":"https://us-central1-paklan-45c3c.cloudfunctions.net/send_reminder_days","satisfiesPzi":true},"stages":[{"name":"BUILD","message":"Reusing build","state":"COMPLETE","resource":"projects/833776742151/locations/us-central1/builds/2fcaee57-6df2-47da-89cb-b568601a2b3e"},{"name":"SERVICE","message":"Updating Cloud Run service","state":"IN_PROGRESS","resource":"projects/paklan-45c3c/locations/us-central1/services/send-reminder-days","resourceUri":"https://console.cloud.google.com/run/detail/us-central1/send-reminder-days?project=paklan-45c3c","stateMessages":[{"severity":"INFO","type":"CloudRunServiceNewRevisionTrafficInfo","message":"A new revision will be deployed serving with 100% traffic."}]}],"sourceToken":"Cldwcm9qZWN0cy84MzM3NzY3NDIxNTEvbG9jYXRpb25zL3VzLWNlbnRyYWwxL2J1aWxkcy8yZmNhZWU1Ny02ZGYyLTQ3ZGEtODljYi1iNTY4NjAxYTJiM2USeXVzLWNlbnRyYWwxLWRvY2tlci5wa2cuZGV2L3Bha2xhbi00NWMzYy9nY2YtYXJ0aWZhY3RzL3Bha2xhbi0tNDVjM2NfX3VzLS1jZW50cmFsMV9fc2VuZF9fbWVzc2FnZV9fbm90aWZpY2F0aW9uczp2ZXJzaW9uXzEYh97dh6IYIlBwcm9qZWN0cy9wYWtsYW4tNDVjM2MvbG9jYXRpb25zL3VzLWNlbnRyYWwxL2Z1bmN0aW9ucy9zZW5kX21lc3NhZ2Vfbm90aWZpY2F0aW9ucyoLCOqfhtUGEMjr2TUyCXB5dGhvbjMxMzp4CiRnY3IuaW8vZ2FlLXJ1bnRpbWVzL3B5dGhvbjMxMzpzdGFibGUSUHVzLWNlbnRyYWwxLWRvY2tlci5wa2cuZGV2L3NlcnZlcmxlc3MtcnVudGltZXMvZ29vZ2xlLTIyLWZ1bGwvcnVudGltZXMvcHl0aG9uMzEzQAE=","operationType":"UPDATE_FUNCTION","buildName":"projects/833776742151/locations/us-central1/builds/2fcaee57-6df2-47da-89cb-b568601a2b3e"},"done":false}
[debug] [2026-09-09T16:57:33.127Z] Got source token Cldwcm9qZWN0cy84MzM3NzY3NDIxNTEvbG9jYXRpb25zL3VzLWNlbnRyYWwxL2J1aWxkcy8yZmNhZWU1Ny02ZGYyLTQ3ZGEtODljYi1iNTY4NjAxYTJiM2USeXVzLWNlbnRyYWwxLWRvY2tlci5wa2cuZGV2L3Bha2xhbi00NWMzYy9nY2YtYXJ0aWZhY3RzL3Bha2xhbi0tNDVjM2NfX3VzLS1jZW50cmFsMV9fc2VuZF9fbWVzc2FnZV9fbm90aWZpY2F0aW9uczp2ZXJzaW9uXzEYh97dh6IYIlBwcm9qZWN0cy9wYWtsYW4tNDVjM2MvbG9jYXRpb25zL3VzLWNlbnRyYWwxL2Z1bmN0aW9ucy9zZW5kX21lc3NhZ2Vfbm90aWZpY2F0aW9ucyoLCOqfhtUGEMjr2TUyCXB5dGhvbjMxMzp4CiRnY3IuaW8vZ2FlLXJ1bnRpbWVzL3B5dGhvbjMxMzpzdGFibGUSUHVzLWNlbnRyYWwxLWRvY2tlci5wa2cuZGV2L3NlcnZlcmxlc3MtcnVudGltZXMvZ29vZ2xlLTIyLWZ1bGwvcnVudGltZXMvcHl0aG9uMzEzQAE= for region us-central1
[debug] [2026-09-09T16:57:33.130Z] [update-default-us-central1-update_transactions] Retrying task index 0
[debug] [2026-09-09T16:57:33.130Z] Checked if tokens are valid: true, expires at: 1788974279132
[debug] [2026-09-09T16:57:33.130Z] Checked if tokens are valid: true, expires at: 1788974279132
[debug] [2026-09-09T16:57:33.130Z] >>> [apiv2][query] GET https://cloudfunctions.googleapis.com/v2/projects/paklan-45c3c/locations/us-central1/operations/operation-1788973043943-65b0fbecc08d0-6e813645-fc590533 [none]
[debug] [2026-09-09T16:57:33.135Z] <<< [apiv2][status] GET https://cloudfunctions.googleapis.com/v2/projects/paklan-45c3c/locations/us-central1/operations/operation-1788973043960-65b0fbecc4950-209f8619-913613e1 200
[debug] [2026-09-09T16:57:33.135Z] <<< [apiv2][body] GET https://cloudfunctions.googleapis.com/v2/projects/paklan-45c3c/locations/us-central1/operations/operation-1788973043960-65b0fbecc4950-209f8619-913613e1 {"name":"projects/paklan-45c3c/locations/us-central1/operations/operation-1788973043960-65b0fbecc4950-209f8619-913613e1","metadata":{"@type":"type.googleapis.com/google.cloud.functions.v2.OperationMetadata","createTime":"2026-09-09T16:57:24.755356322Z","target":"projects/paklan-45c3c/locations/us-central1/functions/update_remaining_hours","verb":"update","cancelRequested":false,"apiVersion":"v2","requestResource":{"@type":"type.googleapis.com/google.cloud.functions.v2.Function","name":"projects/paklan-45c3c/locations/us-central1/functions/update_remaining_hours","buildConfig":{"runtime":"python313","entryPoint":"update_remaining_hours","source":{"storageSource":{"bucket":"gcf-v2-sources-833776742151-us-central1","object":"update_remaining_hours/function-source.zip","generation":"1788973044706305"}},"environmentVariables":{"GOOGLE_NODE_RUN_SCRIPTS":""},"dockerRepository":"projects/paklan-45c3c/locations/us-central1/repositories/gcf-artifacts","sourceProvenance":{"resolvedStorageSource":{"bucket":"gcf-v2-sources-833776742151-us-central1","object":"update_remaining_hours/function-source.zip","generation":"1788970792102205"}},"dockerRegistry":"ARTIFACT_REGISTRY","sourceToken":"Cldwcm9qZWN0cy84MzM3NzY3NDIxNTEvbG9jYXRpb25zL3VzLWNlbnRyYWwxL2J1aWxkcy8yZmNhZWU1Ny02ZGYyLTQ3ZGEtODljYi1iNTY4NjAxYTJiM2USeXVzLWNlbnRyYWwxLWRvY2tlci5wa2cuZGV2L3Bha2xhbi00NWMzYy9nY2YtYXJ0aWZhY3RzL3Bha2xhbi0tNDVjM2NfX3VzLS1jZW50cmFsMV9fc2VuZF9fbWVzc2FnZV9fbm90aWZpY2F0aW9uczp2ZXJzaW9uXzEYh97dh6IYIlBwcm9qZWN0cy9wYWtsYW4tNDVjM2MvbG9jYXRpb25zL3VzLWNlbnRyYWwxL2Z1bmN0aW9ucy9zZW5kX21lc3NhZ2Vfbm90aWZpY2F0aW9ucyoLCOqfhtUGEMjr2TUyCXB5dGhvbjMxMzp4CiRnY3IuaW8vZ2FlLXJ1bnRpbWVzL3B5dGhvbjMxMzpzdGFibGUSUHVzLWNlbnRyYWwxLWRvY2tlci5wa2cuZGV2L3NlcnZlcmxlc3MtcnVudGltZXMvZ29vZ2xlLTIyLWZ1bGwvcnVudGltZXMvcHl0aG9uMzEzQAE=","serviceAccount":"projects/paklan-45c3c/serviceAccounts/833776742151-compute@developer.gserviceaccount.com","automaticUpdatePolicy":{}},"serviceConfig":{"service":"projects/paklan-45c3c/locations/us-central1/services/update-remaining-hours","timeoutSeconds":60,"environmentVariables":{"FIREBASE_CONFIG":"{\"projectId\":\"paklan-45c3c\",\"storageBucket\":\"paklan-45c3c.firebasestorage.app\"}","GCLOUD_PROJECT":"paklan-45c3c","EVENTARC_CLOUD_EVENT_SOURCE":"projects/paklan-45c3c/locations/us-central1/services/update_remaining_hours","FUNCTION_TARGET":"update_remaining_hours","LOG_EXECUTION_ID":"true","FUNCTION_SIGNATURE_TYPE":"http"},"ingressSettings":"ALLOW_ALL","uri":"https://update-remaining-hours-ntcfxe6d7q-uc.a.run.app","serviceAccountEmail":"833776742151-compute@developer.gserviceaccount.com","availableMemory":"256Mi","allTrafficOnLatestRevision":true,"revision":"update-remaining-hours-00045-tuk","maxInstanceRequestConcurrency":80,"availableCpu":"1"},"state":"ACTIVE","labels":{"deployment-tool":"cli-firebase","deployment-scheduled":"true","firebase-functions-hash":"6b3db7f88a3c63cdfb7f613ca4ffc1e6723651f4"},"environment":"GEN_2","url":"https://us-central1-paklan-45c3c.cloudfunctions.net/update_remaining_hours","satisfiesPzi":true},"stages":[{"name":"BUILD","message":"Reusing build","state":"COMPLETE","resource":"projects/833776742151/locations/us-central1/builds/2fcaee57-6df2-47da-89cb-b568601a2b3e"},{"name":"SERVICE","message":"Updating Cloud Run service","state":"IN_PROGRESS","resource":"projects/paklan-45c3c/locations/us-central1/services/update-remaining-hours","resourceUri":"https://console.cloud.google.com/run/detail/us-central1/update-remaining-hours?project=paklan-45c3c","stateMessages":[{"severity":"INFO","type":"CloudRunServiceNewRevisionTrafficInfo","message":"A new revision will be deployed serving with 100% traffic."}]}],"sourceToken":"Cldwcm9qZWN0cy84MzM3NzY3NDIxNTEvbG9jYXRpb25zL3VzLWNlbnRyYWwxL2J1aWxkcy8yZmNhZWU1Ny02ZGYyLTQ3ZGEtODljYi1iNTY4NjAxYTJiM2USeXVzLWNlbnRyYWwxLWRvY2tlci5wa2cuZGV2L3Bha2xhbi00NWMzYy9nY2YtYXJ0aWZhY3RzL3Bha2xhbi0tNDVjM2NfX3VzLS1jZW50cmFsMV9fc2VuZF9fbWVzc2FnZV9fbm90aWZpY2F0aW9uczp2ZXJzaW9uXzEYh97dh6IYIlBwcm9qZWN0cy9wYWtsYW4tNDVjM2MvbG9jYXRpb25zL3VzLWNlbnRyYWwxL2Z1bmN0aW9ucy9zZW5kX21lc3NhZ2Vfbm90aWZpY2F0aW9ucyoLCOqfhtUGEMjr2TUyCXB5dGhvbjMxMzp4CiRnY3IuaW8vZ2FlLXJ1bnRpbWVzL3B5dGhvbjMxMzpzdGFibGUSUHVzLWNlbnRyYWwxLWRvY2tlci5wa2cuZGV2L3NlcnZlcmxlc3MtcnVudGltZXMvZ29vZ2xlLTIyLWZ1bGwvcnVudGltZXMvcHl0aG9uMzEzQAE=","operationType":"UPDATE_FUNCTION","buildName":"projects/833776742151/locations/us-central1/builds/2fcaee57-6df2-47da-89cb-b568601a2b3e"},"done":false}
[debug] [2026-09-09T16:57:33.135Z] Got source token Cldwcm9qZWN0cy84MzM3NzY3NDIxNTEvbG9jYXRpb25zL3VzLWNlbnRyYWwxL2J1aWxkcy8yZmNhZWU1Ny02ZGYyLTQ3ZGEtODljYi1iNTY4NjAxYTJiM2USeXVzLWNlbnRyYWwxLWRvY2tlci5wa2cuZGV2L3Bha2xhbi00NWMzYy9nY2YtYXJ0aWZhY3RzL3Bha2xhbi0tNDVjM2NfX3VzLS1jZW50cmFsMV9fc2VuZF9fbWVzc2FnZV9fbm90aWZpY2F0aW9uczp2ZXJzaW9uXzEYh97dh6IYIlBwcm9qZWN0cy9wYWtsYW4tNDVjM2MvbG9jYXRpb25zL3VzLWNlbnRyYWwxL2Z1bmN0aW9ucy9zZW5kX21lc3NhZ2Vfbm90aWZpY2F0aW9ucyoLCOqfhtUGEMjr2TUyCXB5dGhvbjMxMzp4CiRnY3IuaW8vZ2FlLXJ1bnRpbWVzL3B5dGhvbjMxMzpzdGFibGUSUHVzLWNlbnRyYWwxLWRvY2tlci5wa2cuZGV2L3NlcnZlcmxlc3MtcnVudGltZXMvZ29vZ2xlLTIyLWZ1bGwvcnVudGltZXMvcHl0aG9uMzEzQAE= for region us-central1
[debug] [2026-09-09T16:57:33.305Z] <<< [apiv2][status] GET https://cloudfunctions.googleapis.com/v2/projects/paklan-45c3c/locations/us-central1/operations/operation-1788973043943-65b0fbecc08d0-6e813645-fc590533 200
[debug] [2026-09-09T16:57:33.305Z] <<< [apiv2][body] GET https://cloudfunctions.googleapis.com/v2/projects/paklan-45c3c/locations/us-central1/operations/operation-1788973043943-65b0fbecc08d0-6e813645-fc590533 {"name":"projects/paklan-45c3c/locations/us-central1/operations/operation-1788973043943-65b0fbecc08d0-6e813645-fc590533","metadata":{"@type":"type.googleapis.com/google.cloud.functions.v2.OperationMetadata","createTime":"2026-09-09T16:57:25.021467485Z","target":"projects/paklan-45c3c/locations/us-central1/functions/update_transactions","verb":"update","cancelRequested":false,"apiVersion":"v2","requestResource":{"@type":"type.googleapis.com/google.cloud.functions.v2.Function","name":"projects/paklan-45c3c/locations/us-central1/functions/update_transactions","buildConfig":{"runtime":"python313","entryPoint":"update_transactions","source":{"storageSource":{"bucket":"gcf-v2-sources-833776742151-us-central1","object":"update_transactions/function-source.zip","generation":"1788973044974601"}},"environmentVariables":{"GOOGLE_NODE_RUN_SCRIPTS":""},"dockerRepository":"projects/paklan-45c3c/locations/us-central1/repositories/gcf-artifacts","sourceProvenance":{"resolvedStorageSource":{"bucket":"gcf-v2-sources-833776742151-us-central1","object":"update_transactions/function-source.zip","generation":"1788970792226631"}},"dockerRegistry":"ARTIFACT_REGISTRY","sourceToken":"Cldwcm9qZWN0cy84MzM3NzY3NDIxNTEvbG9jYXRpb25zL3VzLWNlbnRyYWwxL2J1aWxkcy8yZmNhZWU1Ny02ZGYyLTQ3ZGEtODljYi1iNTY4NjAxYTJiM2USeXVzLWNlbnRyYWwxLWRvY2tlci5wa2cuZGV2L3Bha2xhbi00NWMzYy9nY2YtYXJ0aWZhY3RzL3Bha2xhbi0tNDVjM2NfX3VzLS1jZW50cmFsMV9fc2VuZF9fbWVzc2FnZV9fbm90aWZpY2F0aW9uczp2ZXJzaW9uXzEYh97dh6IYIlBwcm9qZWN0cy9wYWtsYW4tNDVjM2MvbG9jYXRpb25zL3VzLWNlbnRyYWwxL2Z1bmN0aW9ucy9zZW5kX21lc3NhZ2Vfbm90aWZpY2F0aW9ucyoLCOqfhtUGEMjr2TUyCXB5dGhvbjMxMzp4CiRnY3IuaW8vZ2FlLXJ1bnRpbWVzL3B5dGhvbjMxMzpzdGFibGUSUHVzLWNlbnRyYWwxLWRvY2tlci5wa2cuZGV2L3NlcnZlcmxlc3MtcnVudGltZXMvZ29vZ2xlLTIyLWZ1bGwvcnVudGltZXMvcHl0aG9uMzEzQAE=","serviceAccount":"projects/paklan-45c3c/serviceAccounts/833776742151-compute@developer.gserviceaccount.com","automaticUpdatePolicy":{}},"serviceConfig":{"service":"projects/paklan-45c3c/locations/us-central1/services/update-transactions","timeoutSeconds":60,"environmentVariables":{"FIREBASE_CONFIG":"{\"projectId\":\"paklan-45c3c\",\"storageBucket\":\"paklan-45c3c.firebasestorage.app\"}","GCLOUD_PROJECT":"paklan-45c3c","EVENTARC_CLOUD_EVENT_SOURCE":"projects/paklan-45c3c/locations/us-central1/services/update_transactions","FUNCTION_SIGNATURE_TYPE":"cloudevent","FUNCTION_TARGET":"update_transactions","LOG_EXECUTION_ID":"true"},"maxInstanceCount":40,"ingressSettings":"ALLOW_ALL","uri":"https://update-transactions-ntcfxe6d7q-uc.a.run.app","serviceAccountEmail":"833776742151-compute@developer.gserviceaccount.com","availableMemory":"256Mi","allTrafficOnLatestRevision":true,"revision":"update-transactions-00069-cel","maxInstanceRequestConcurrency":80,"availableCpu":"1"},"eventTrigger":{"trigger":"projects/paklan-45c3c/locations/northamerica-south1/triggers/update-transactions-224385","triggerRegion":"northamerica-south1","eventType":"google.cloud.firestore.document.v1.created","eventFilters":[{"attribute":"database","value":"(default)"},{"attribute":"namespace","value":"(default)"},{"attribute":"document","value":"transactions/{transactionId}/status/{statusId}","operator":"match-path-pattern"}],"pubsubTopic":"projects/paklan-45c3c/topics/eventarc-northamerica-south1-update-transactions-224385-165","serviceAccountEmail":"833776742151-compute@developer.gserviceaccount.com","retryPolicy":"RETRY_POLICY_DO_NOT_RETRY"},"state":"ACTIVE","labels":{"deployment-tool":"cli-firebase","firebase-functions-hash":"6b3db7f88a3c63cdfb7f613ca4ffc1e6723651f4"},"environment":"GEN_2","url":"https://us-central1-paklan-45c3c.cloudfunctions.net/update_transactions","satisfiesPzi":true},"stages":[{"name":"BUILD","message":"Reusing build","state":"COMPLETE","resource":"projects/833776742151/locations/us-central1/builds/2fcaee57-6df2-47da-89cb-b568601a2b3e"},{"name":"SERVICE","message":"Updating Cloud Run service","state":"IN_PROGRESS","resource":"projects/paklan-45c3c/locations/us-central1/services/update-transactions","resourceUri":"https://console.cloud.google.com/run/detail/us-central1/update-transactions?project=paklan-45c3c","stateMessages":[{"severity":"INFO","type":"CloudRunServiceNewRevisionTrafficInfo","message":"A new revision will be deployed serving with 100% traffic."}]},{"name":"TRIGGER","state":"NOT_STARTED"}],"sourceToken":"Cldwcm9qZWN0cy84MzM3NzY3NDIxNTEvbG9jYXRpb25zL3VzLWNlbnRyYWwxL2J1aWxkcy8yZmNhZWU1Ny02ZGYyLTQ3ZGEtODljYi1iNTY4NjAxYTJiM2USeXVzLWNlbnRyYWwxLWRvY2tlci5wa2cuZGV2L3Bha2xhbi00NWMzYy9nY2YtYXJ0aWZhY3RzL3Bha2xhbi0tNDVjM2NfX3VzLS1jZW50cmFsMV9fc2VuZF9fbWVzc2FnZV9fbm90aWZpY2F0aW9uczp2ZXJzaW9uXzEYh97dh6IYIlBwcm9qZWN0cy9wYWtsYW4tNDVjM2MvbG9jYXRpb25zL3VzLWNlbnRyYWwxL2Z1bmN0aW9ucy9zZW5kX21lc3NhZ2Vfbm90aWZpY2F0aW9ucyoLCOqfhtUGEMjr2TUyCXB5dGhvbjMxMzp4CiRnY3IuaW8vZ2FlLXJ1bnRpbWVzL3B5dGhvbjMxMzpzdGFibGUSUHVzLWNlbnRyYWwxLWRvY2tlci5wa2cuZGV2L3NlcnZlcmxlc3MtcnVudGltZXMvZ29vZ2xlLTIyLWZ1bGwvcnVudGltZXMvcHl0aG9uMzEzQAE=","operationType":"UPDATE_FUNCTION","buildName":"projects/833776742151/locations/us-central1/builds/2fcaee57-6df2-47da-89cb-b568601a2b3e"},"done":false}
[debug] [2026-09-09T16:57:33.305Z] Got source token Cldwcm9qZWN0cy84MzM3NzY3NDIxNTEvbG9jYXRpb25zL3VzLWNlbnRyYWwxL2J1aWxkcy8yZmNhZWU1Ny02ZGYyLTQ3ZGEtODljYi1iNTY4NjAxYTJiM2USeXVzLWNlbnRyYWwxLWRvY2tlci5wa2cuZGV2L3Bha2xhbi00NWMzYy9nY2YtYXJ0aWZhY3RzL3Bha2xhbi0tNDVjM2NfX3VzLS1jZW50cmFsMV9fc2VuZF9fbWVzc2FnZV9fbm90aWZpY2F0aW9uczp2ZXJzaW9uXzEYh97dh6IYIlBwcm9qZWN0cy9wYWtsYW4tNDVjM2MvbG9jYXRpb25zL3VzLWNlbnRyYWwxL2Z1bmN0aW9ucy9zZW5kX21lc3NhZ2Vfbm90aWZpY2F0aW9ucyoLCOqfhtUGEMjr2TUyCXB5dGhvbjMxMzp4CiRnY3IuaW8vZ2FlLXJ1bnRpbWVzL3B5dGhvbjMxMzpzdGFibGUSUHVzLWNlbnRyYWwxLWRvY2tlci5wa2cuZGV2L3NlcnZlcmxlc3MtcnVudGltZXMvZ29vZ2xlLTIyLWZ1bGwvcnVudGltZXMvcHl0aG9uMzEzQAE= for region us-central1
[debug] [2026-09-09T16:57:33.529Z] [update-default-us-central1-get_time_from_server] Retrying task index 0
[debug] [2026-09-09T16:57:33.529Z] Checked if tokens are valid: true, expires at: 1788974279132
[debug] [2026-09-09T16:57:33.530Z] Checked if tokens are valid: true, expires at: 1788974279132
[debug] [2026-09-09T16:57:33.530Z] >>> [apiv2][query] GET https://cloudfunctions.googleapis.com/v2/projects/paklan-45c3c/locations/us-central1/operations/operation-1788972964887-65b0fba15badf-84146974-4c0f0664 [none]
[debug] [2026-09-09T16:57:33.612Z] [create-default-us-central1-send_message_notifications] Retrying task index 0
[debug] [2026-09-09T16:57:33.612Z] Checked if tokens are valid: true, expires at: 1788974279132
[debug] [2026-09-09T16:57:33.612Z] Checked if tokens are valid: true, expires at: 1788974279132
[debug] [2026-09-09T16:57:33.612Z] >>> [apiv2][query] GET https://cloudfunctions.googleapis.com/v2/projects/paklan-45c3c/locations/us-central1/operations/operation-1788972964819-65b0fba14b38c-1c33e652-4e60532e [none]
[debug] [2026-09-09T16:57:33.659Z] <<< [apiv2][status] GET https://cloudfunctions.googleapis.com/v2/projects/paklan-45c3c/locations/us-central1/operations/operation-1788972964887-65b0fba15badf-84146974-4c0f0664 200
[debug] [2026-09-09T16:57:33.659Z] <<< [apiv2][body] GET https://cloudfunctions.googleapis.com/v2/projects/paklan-45c3c/locations/us-central1/operations/operation-1788972964887-65b0fba15badf-84146974-4c0f0664 {"name":"projects/paklan-45c3c/locations/us-central1/operations/operation-1788972964887-65b0fba15badf-84146974-4c0f0664","metadata":{"@type":"type.googleapis.com/google.cloud.functions.v2.OperationMetadata","createTime":"2026-09-09T16:56:05.885633136Z","target":"projects/paklan-45c3c/locations/us-central1/functions/get_time_from_server","verb":"update","cancelRequested":false,"apiVersion":"v2","requestResource":{"@type":"type.googleapis.com/google.cloud.functions.v2.Function","name":"projects/paklan-45c3c/locations/us-central1/functions/get_time_from_server","buildConfig":{"runtime":"python313","entryPoint":"get_time_from_server","source":{"storageSource":{"bucket":"gcf-v2-sources-833776742151-us-central1","object":"get_time_from_server/function-source.zip","generation":"1788972965815779"}},"environmentVariables":{"GOOGLE_NODE_RUN_SCRIPTS":""},"dockerRepository":"projects/paklan-45c3c/locations/us-central1/repositories/gcf-artifacts","sourceProvenance":{"resolvedStorageSource":{"bucket":"gcf-v2-sources-833776742151-us-central1","object":"get_time_from_server/function-source.zip","generation":"1788970692696270"}},"dockerRegistry":"ARTIFACT_REGISTRY","serviceAccount":"projects/paklan-45c3c/serviceAccounts/833776742151-compute@developer.gserviceaccount.com","automaticUpdatePolicy":{}},"serviceConfig":{"service":"projects/paklan-45c3c/locations/us-central1/services/get-time-from-server","timeoutSeconds":60,"environmentVariables":{"FIREBASE_CONFIG":"{\"projectId\":\"paklan-45c3c\",\"storageBucket\":\"paklan-45c3c.firebasestorage.app\"}","GCLOUD_PROJECT":"paklan-45c3c","EVENTARC_CLOUD_EVENT_SOURCE":"projects/paklan-45c3c/locations/us-central1/services/get_time_from_server","FUNCTION_TARGET":"get_time_from_server","LOG_EXECUTION_ID":"true"},"maxInstanceCount":40,"ingressSettings":"ALLOW_ALL","uri":"https://get-time-from-server-ntcfxe6d7q-uc.a.run.app","serviceAccountEmail":"833776742151-compute@developer.gserviceaccount.com","availableMemory":"256Mi","allTrafficOnLatestRevision":true,"revision":"get-time-from-server-00038-nay","maxInstanceRequestConcurrency":80,"availableCpu":"1"},"state":"ACTIVE","labels":{"deployment-callable":"true","deployment-tool":"cli-firebase","firebase-functions-hash":"6b3db7f88a3c63cdfb7f613ca4ffc1e6723651f4"},"environment":"GEN_2","url":"https://us-central1-paklan-45c3c.cloudfunctions.net/get_time_from_server","satisfiesPzi":true},"stages":[{"name":"BUILD","message":"Build finished","state":"COMPLETE","resource":"projects/833776742151/locations/us-central1/builds/2e63a805-f4e4-48b8-9a31-9f973075d855","resourceUri":"https://console.cloud.google.com/cloud-build/builds;region=us-central1/2e63a805-f4e4-48b8-9a31-9f973075d855?project=833776742151"},{"name":"SERVICE","message":"Updating Cloud Run service","state":"IN_PROGRESS","resource":"projects/paklan-45c3c/locations/us-central1/services/get-time-from-server","resourceUri":"https://console.cloud.google.com/run/detail/us-central1/get-time-from-server?project=paklan-45c3c","stateMessages":[{"severity":"INFO","type":"CloudRunServiceNewRevisionTrafficInfo","message":"A new revision will be deployed serving with 100% traffic."}]}],"sourceToken":"Cldwcm9qZWN0cy84MzM3NzY3NDIxNTEvbG9jYXRpb25zL3VzLWNlbnRyYWwxL2J1aWxkcy8yZTYzYTgwNS1mNGU0LTQ4YjgtOWEzMS05Zjk3MzA3NWQ4NTUSdHVzLWNlbnRyYWwxLWRvY2tlci5wa2cuZGV2L3Bha2xhbi00NWMzYy9nY2YtYXJ0aWZhY3RzL3Bha2xhbi0tNDVjM2NfX3VzLS1jZW50cmFsMV9fZ2V0X190aW1lX19mcm9tX19zZXJ2ZXI6dmVyc2lvbl8xGIfe3YeiGCJKcHJvamVjdHMvcGFrbGFuLTQ1YzNjL2xvY2F0aW9ucy91cy1jZW50cmFsMS9mdW5jdGlvbnMvZ2V0X3RpbWVfZnJvbV9zZXJ2ZXIqDAjun4bVBhDggPiGAjIJcHl0aG9uMzEzOngKJGdjci5pby9nYWUtcnVudGltZXMvcHl0aG9uMzEzOnN0YWJsZRJQdXMtY2VudHJhbDEtZG9ja2VyLnBrZy5kZXYvc2VydmVybGVzcy1ydW50aW1lcy9nb29nbGUtMjItZnVsbC9ydW50aW1lcy9weXRob24zMTNAAQ==","operationType":"UPDATE_FUNCTION","buildName":"projects/833776742151/locations/us-central1/builds/2e63a805-f4e4-48b8-9a31-9f973075d855"},"done":false}
[debug] [2026-09-09T16:57:33.659Z] Got source token Cldwcm9qZWN0cy84MzM3NzY3NDIxNTEvbG9jYXRpb25zL3VzLWNlbnRyYWwxL2J1aWxkcy8yZTYzYTgwNS1mNGU0LTQ4YjgtOWEzMS05Zjk3MzA3NWQ4NTUSdHVzLWNlbnRyYWwxLWRvY2tlci5wa2cuZGV2L3Bha2xhbi00NWMzYy9nY2YtYXJ0aWZhY3RzL3Bha2xhbi0tNDVjM2NfX3VzLS1jZW50cmFsMV9fZ2V0X190aW1lX19mcm9tX19zZXJ2ZXI6dmVyc2lvbl8xGIfe3YeiGCJKcHJvamVjdHMvcGFrbGFuLTQ1YzNjL2xvY2F0aW9ucy91cy1jZW50cmFsMS9mdW5jdGlvbnMvZ2V0X3RpbWVfZnJvbV9zZXJ2ZXIqDAjun4bVBhDggPiGAjIJcHl0aG9uMzEzOngKJGdjci5pby9nYWUtcnVudGltZXMvcHl0aG9uMzEzOnN0YWJsZRJQdXMtY2VudHJhbDEtZG9ja2VyLnBrZy5kZXYvc2VydmVybGVzcy1ydW50aW1lcy9nb29nbGUtMjItZnVsbC9ydW50aW1lcy9weXRob24zMTNAAQ== for region us-central1
[debug] [2026-09-09T16:57:33.743Z] <<< [apiv2][status] GET https://cloudfunctions.googleapis.com/v2/projects/paklan-45c3c/locations/us-central1/operations/operation-1788972964819-65b0fba14b38c-1c33e652-4e60532e 200
[debug] [2026-09-09T16:57:33.743Z] <<< [apiv2][body] GET https://cloudfunctions.googleapis.com/v2/projects/paklan-45c3c/locations/us-central1/operations/operation-1788972964819-65b0fba14b38c-1c33e652-4e60532e {"name":"projects/paklan-45c3c/locations/us-central1/operations/operation-1788972964819-65b0fba14b38c-1c33e652-4e60532e","metadata":{"@type":"type.googleapis.com/google.cloud.functions.v2.OperationMetadata","createTime":"2026-09-09T16:56:05.547462480Z","target":"projects/paklan-45c3c/locations/us-central1/functions/send_message_notifications","verb":"create","cancelRequested":false,"apiVersion":"v2","requestResource":{"@type":"type.googleapis.com/google.cloud.functions.v2.Function","name":"projects/paklan-45c3c/locations/us-central1/functions/send_message_notifications","buildConfig":{"runtime":"python313","entryPoint":"send_message_notifications","source":{"storageSource":{"bucket":"gcf-v2-sources-833776742151-us-central1","object":"send_message_notifications/function-source.zip","generation":"1788972965116280"}},"environmentVariables":{"GOOGLE_NODE_RUN_SCRIPTS":""},"serviceAccount":"projects/paklan-45c3c/serviceAccounts/833776742151-compute@developer.gserviceaccount.com","automaticUpdatePolicy":{}},"serviceConfig":{"service":"projects/paklan-45c3c/locations/us-central1/services/send-message-notifications","timeoutSeconds":60,"environmentVariables":{"FIREBASE_CONFIG":"{\"projectId\":\"paklan-45c3c\",\"storageBucket\":\"paklan-45c3c.firebasestorage.app\"}","GCLOUD_PROJECT":"paklan-45c3c","EVENTARC_CLOUD_EVENT_SOURCE":"projects/paklan-45c3c/locations/us-central1/services/send_message_notifications","FUNCTION_SIGNATURE_TYPE":"cloudevent","FUNCTION_TARGET":"send_message_notifications","LOG_EXECUTION_ID":"true"},"maxInstanceCount":40,"ingressSettings":"ALLOW_ALL","serviceAccountEmail":"833776742151-compute@developer.gserviceaccount.com","availableMemory":"256Mi","maxInstanceRequestConcurrency":80,"availableCpu":"1"},"eventTrigger":{"trigger":"projects/paklan-45c3c/locations/northamerica-south1/triggers/send-message-notifications-595064","triggerRegion":"northamerica-south1","eventType":"google.cloud.firestore.document.v1.created","eventFilters":[{"attribute":"database","value":"(default)"},{"attribute":"namespace","value":"(default)"},{"attribute":"document","value":"chats/{chatId}/messages/{messageId}","operator":"match-path-pattern"}],"serviceAccountEmail":"833776742151-compute@developer.gserviceaccount.com","retryPolicy":"RETRY_POLICY_DO_NOT_RETRY"},"labels":{"deployment-tool":"cli-firebase","firebase-functions-hash":"6b3db7f88a3c63cdfb7f613ca4ffc1e6723651f4"},"environment":"GEN_2"},"stages":[{"name":"BUILD","message":"Build finished","state":"COMPLETE","resource":"projects/833776742151/locations/us-central1/builds/2fcaee57-6df2-47da-89cb-b568601a2b3e","resourceUri":"https://console.cloud.google.com/cloud-build/builds;region=us-central1/2fcaee57-6df2-47da-89cb-b568601a2b3e?project=833776742151"},{"name":"SERVICE","message":"Creating Cloud Run service","state":"IN_PROGRESS","resource":"projects/paklan-45c3c/locations/us-central1/services/send-message-notifications","resourceUri":"https://console.cloud.google.com/run/detail/us-central1/send-message-notifications?project=paklan-45c3c"},{"name":"TRIGGER","state":"NOT_STARTED"}],"sourceToken":"Cldwcm9qZWN0cy84MzM3NzY3NDIxNTEvbG9jYXRpb25zL3VzLWNlbnRyYWwxL2J1aWxkcy8yZmNhZWU1Ny02ZGYyLTQ3ZGEtODljYi1iNTY4NjAxYTJiM2USeXVzLWNlbnRyYWwxLWRvY2tlci5wa2cuZGV2L3Bha2xhbi00NWMzYy9nY2YtYXJ0aWZhY3RzL3Bha2xhbi0tNDVjM2NfX3VzLS1jZW50cmFsMV9fc2VuZF9fbWVzc2FnZV9fbm90aWZpY2F0aW9uczp2ZXJzaW9uXzEYh97dh6IYIlBwcm9qZWN0cy9wYWtsYW4tNDVjM2MvbG9jYXRpb25zL3VzLWNlbnRyYWwxL2Z1bmN0aW9ucy9zZW5kX21lc3NhZ2Vfbm90aWZpY2F0aW9ucyoLCOqfhtUGEMjr2TUyCXB5dGhvbjMxMzp4CiRnY3IuaW8vZ2FlLXJ1bnRpbWVzL3B5dGhvbjMxMzpzdGFibGUSUHVzLWNlbnRyYWwxLWRvY2tlci5wa2cuZGV2L3NlcnZlcmxlc3MtcnVudGltZXMvZ29vZ2xlLTIyLWZ1bGwvcnVudGltZXMvcHl0aG9uMzEzQAE=","operationType":"CREATE_FUNCTION","buildName":"projects/833776742151/locations/us-central1/builds/2fcaee57-6df2-47da-89cb-b568601a2b3e"},"done":false}
[debug] [2026-09-09T16:57:33.743Z] Got source token Cldwcm9qZWN0cy84MzM3NzY3NDIxNTEvbG9jYXRpb25zL3VzLWNlbnRyYWwxL2J1aWxkcy8yZmNhZWU1Ny02ZGYyLTQ3ZGEtODljYi1iNTY4NjAxYTJiM2USeXVzLWNlbnRyYWwxLWRvY2tlci5wa2cuZGV2L3Bha2xhbi00NWMzYy9nY2YtYXJ0aWZhY3RzL3Bha2xhbi0tNDVjM2NfX3VzLS1jZW50cmFsMV9fc2VuZF9fbWVzc2FnZV9fbm90aWZpY2F0aW9uczp2ZXJzaW9uXzEYh97dh6IYIlBwcm9qZWN0cy9wYWtsYW4tNDVjM2MvbG9jYXRpb25zL3VzLWNlbnRyYWwxL2Z1bmN0aW9ucy9zZW5kX21lc3NhZ2Vfbm90aWZpY2F0aW9ucyoLCOqfhtUGEMjr2TUyCXB5dGhvbjMxMzp4CiRnY3IuaW8vZ2FlLXJ1bnRpbWVzL3B5dGhvbjMxMzpzdGFibGUSUHVzLWNlbnRyYWwxLWRvY2tlci5wa2cuZGV2L3NlcnZlcmxlc3MtcnVudGltZXMvZ29vZ2xlLTIyLWZ1bGwvcnVudGltZXMvcHl0aG9uMzEzQAE= for region us-central1
[debug] [2026-09-09T16:57:41.002Z] [update-default-us-central1-create_connect_account] Retrying task index 0
[debug] [2026-09-09T16:57:41.002Z] Checked if tokens are valid: true, expires at: 1788974279132
[debug] [2026-09-09T16:57:41.002Z] Checked if tokens are valid: true, expires at: 1788974279132
[debug] [2026-09-09T16:57:41.002Z] >>> [apiv2][query] GET https://cloudfunctions.googleapis.com/v2/projects/paklan-45c3c/locations/us-central1/operations/operation-1788973043795-65b0fbec9c7a5-dec8ac87-4e9f7707 [none]
[debug] [2026-09-09T16:57:41.038Z] [update-default-us-central1-send_reminder] Retrying task index 0
[debug] [2026-09-09T16:57:41.038Z] Checked if tokens are valid: true, expires at: 1788974279132
[debug] [2026-09-09T16:57:41.038Z] Checked if tokens are valid: true, expires at: 1788974279132
[debug] [2026-09-09T16:57:41.039Z] >>> [apiv2][query] GET https://cloudfunctions.googleapis.com/v2/projects/paklan-45c3c/locations/us-central1/operations/operation-1788973043833-65b0fbeca5918-f20747df-98267adb [none]
[debug] [2026-09-09T16:57:41.129Z] [update-default-us-central1-send_reminder_days] Retrying task index 0
[debug] [2026-09-09T16:57:41.129Z] Checked if tokens are valid: true, expires at: 1788974279132
[debug] [2026-09-09T16:57:41.130Z] Checked if tokens are valid: true, expires at: 1788974279132
[debug] [2026-09-09T16:57:41.130Z] >>> [apiv2][query] GET https://cloudfunctions.googleapis.com/v2/projects/paklan-45c3c/locations/us-central1/operations/operation-1788973043908-65b0fbecb7eaf-8889c026-a3bf8553 [none]
[debug] [2026-09-09T16:57:41.135Z] [update-default-us-central1-update_remaining_hours] Retrying task index 0
[debug] [2026-09-09T16:57:41.135Z] Checked if tokens are valid: true, expires at: 1788974279132
[debug] [2026-09-09T16:57:41.135Z] Checked if tokens are valid: true, expires at: 1788974279132
[debug] [2026-09-09T16:57:41.135Z] >>> [apiv2][query] GET https://cloudfunctions.googleapis.com/v2/projects/paklan-45c3c/locations/us-central1/operations/operation-1788973043960-65b0fbecc4950-209f8619-913613e1 [none]
[debug] [2026-09-09T16:57:41.238Z] <<< [apiv2][status] GET https://cloudfunctions.googleapis.com/v2/projects/paklan-45c3c/locations/us-central1/operations/operation-1788973043795-65b0fbec9c7a5-dec8ac87-4e9f7707 200
[debug] [2026-09-09T16:57:41.239Z] <<< [apiv2][body] GET https://cloudfunctions.googleapis.com/v2/projects/paklan-45c3c/locations/us-central1/operations/operation-1788973043795-65b0fbec9c7a5-dec8ac87-4e9f7707 {"name":"projects/paklan-45c3c/locations/us-central1/operations/operation-1788973043795-65b0fbec9c7a5-dec8ac87-4e9f7707","metadata":{"@type":"type.googleapis.com/google.cloud.functions.v2.OperationMetadata","createTime":"2026-09-09T16:57:24.675265149Z","endTime":"2026-09-09T16:57:35.648853880Z","target":"projects/paklan-45c3c/locations/us-central1/functions/create_connect_account","verb":"update","cancelRequested":false,"apiVersion":"v2","requestResource":{"@type":"type.googleapis.com/google.cloud.functions.v2.Function","name":"projects/paklan-45c3c/locations/us-central1/functions/create_connect_account","buildConfig":{"runtime":"python313","entryPoint":"create_connect_account","source":{"storageSource":{"bucket":"gcf-v2-sources-833776742151-us-central1","object":"create_connect_account/function-source.zip","generation":"1788973044620256"}},"environmentVariables":{"GOOGLE_NODE_RUN_SCRIPTS":""},"dockerRepository":"projects/paklan-45c3c/locations/us-central1/repositories/gcf-artifacts","sourceProvenance":{"resolvedStorageSource":{"bucket":"gcf-v2-sources-833776742151-us-central1","object":"create_connect_account/function-source.zip","generation":"1788970693159070"}},"dockerRegistry":"ARTIFACT_REGISTRY","sourceToken":"Cldwcm9qZWN0cy84MzM3NzY3NDIxNTEvbG9jYXRpb25zL3VzLWNlbnRyYWwxL2J1aWxkcy8yZmNhZWU1Ny02ZGYyLTQ3ZGEtODljYi1iNTY4NjAxYTJiM2USeXVzLWNlbnRyYWwxLWRvY2tlci5wa2cuZGV2L3Bha2xhbi00NWMzYy9nY2YtYXJ0aWZhY3RzL3Bha2xhbi0tNDVjM2NfX3VzLS1jZW50cmFsMV9fc2VuZF9fbWVzc2FnZV9fbm90aWZpY2F0aW9uczp2ZXJzaW9uXzEYh97dh6IYIlBwcm9qZWN0cy9wYWtsYW4tNDVjM2MvbG9jYXRpb25zL3VzLWNlbnRyYWwxL2Z1bmN0aW9ucy9zZW5kX21lc3NhZ2Vfbm90aWZpY2F0aW9ucyoLCOqfhtUGEMjr2TUyCXB5dGhvbjMxMzp4CiRnY3IuaW8vZ2FlLXJ1bnRpbWVzL3B5dGhvbjMxMzpzdGFibGUSUHVzLWNlbnRyYWwxLWRvY2tlci5wa2cuZGV2L3NlcnZlcmxlc3MtcnVudGltZXMvZ29vZ2xlLTIyLWZ1bGwvcnVudGltZXMvcHl0aG9uMzEzQAE=","serviceAccount":"projects/paklan-45c3c/serviceAccounts/833776742151-compute@developer.gserviceaccount.com","automaticUpdatePolicy":{}},"serviceConfig":{"service":"projects/paklan-45c3c/locations/us-central1/services/create-connect-account","timeoutSeconds":60,"environmentVariables":{"FIREBASE_CONFIG":"{\"projectId\":\"paklan-45c3c\",\"storageBucket\":\"paklan-45c3c.firebasestorage.app\"}","GCLOUD_PROJECT":"paklan-45c3c","EVENTARC_CLOUD_EVENT_SOURCE":"projects/paklan-45c3c/locations/us-central1/services/create_connect_account","FUNCTION_TARGET":"create_connect_account","LOG_EXECUTION_ID":"true","FUNCTION_SIGNATURE_TYPE":"http"},"ingressSettings":"ALLOW_ALL","uri":"https://create-connect-account-ntcfxe6d7q-uc.a.run.app","serviceAccountEmail":"833776742151-compute@developer.gserviceaccount.com","availableMemory":"256Mi","allTrafficOnLatestRevision":true,"secretEnvironmentVariables":[{"key":"STRIPE_SECRET_JSON","projectId":"paklan-45c3c","secret":"STRIPE_SECRET_JSON","version":"2"}],"revision":"create-connect-account-00007-naq","maxInstanceRequestConcurrency":80,"availableCpu":"1"},"state":"ACTIVE","labels":{"deployment-tool":"cli-firebase","firebase-functions-hash":"8726483970547ebb56a18dd10dc04c5958b9e046"},"environment":"GEN_2","url":"https://us-central1-paklan-45c3c.cloudfunctions.net/create_connect_account","satisfiesPzi":true},"stages":[{"name":"BUILD","message":"Reusing build","state":"COMPLETE","resource":"projects/833776742151/locations/us-central1/builds/2fcaee57-6df2-47da-89cb-b568601a2b3e"},{"name":"SERVICE","message":"Updating Cloud Run service","state":"COMPLETE","resource":"projects/paklan-45c3c/locations/us-central1/services/create-connect-account","resourceUri":"https://console.cloud.google.com/run/detail/us-central1/create-connect-account?project=paklan-45c3c","stateMessages":[{"severity":"INFO","type":"CloudRunServiceNewRevisionTrafficInfo","message":"A new revision will be deployed serving with 100% traffic."}]}],"sourceToken":"Cldwcm9qZWN0cy84MzM3NzY3NDIxNTEvbG9jYXRpb25zL3VzLWNlbnRyYWwxL2J1aWxkcy8yZmNhZWU1Ny02ZGYyLTQ3ZGEtODljYi1iNTY4NjAxYTJiM2USeXVzLWNlbnRyYWwxLWRvY2tlci5wa2cuZGV2L3Bha2xhbi00NWMzYy9nY2YtYXJ0aWZhY3RzL3Bha2xhbi0tNDVjM2NfX3VzLS1jZW50cmFsMV9fc2VuZF9fbWVzc2FnZV9fbm90aWZpY2F0aW9uczp2ZXJzaW9uXzEYh97dh6IYIlBwcm9qZWN0cy9wYWtsYW4tNDVjM2MvbG9jYXRpb25zL3VzLWNlbnRyYWwxL2Z1bmN0aW9ucy9zZW5kX21lc3NhZ2Vfbm90aWZpY2F0aW9ucyoLCOqfhtUGEMjr2TUyCXB5dGhvbjMxMzp4CiRnY3IuaW8vZ2FlLXJ1bnRpbWVzL3B5dGhvbjMxMzpzdGFibGUSUHVzLWNlbnRyYWwxLWRvY2tlci5wa2cuZGV2L3NlcnZlcmxlc3MtcnVudGltZXMvZ29vZ2xlLTIyLWZ1bGwvcnVudGltZXMvcHl0aG9uMzEzQAE=","operationType":"UPDATE_FUNCTION","buildName":"projects/833776742151/locations/us-central1/builds/2fcaee57-6df2-47da-89cb-b568601a2b3e"},"done":true,"response":{"@type":"type.googleapis.com/google.cloud.functions.v2.Function","name":"projects/paklan-45c3c/locations/us-central1/functions/create_connect_account","buildConfig":{"build":"projects/833776742151/locations/us-central1/builds/2fcaee57-6df2-47da-89cb-b568601a2b3e","runtime":"python313","entryPoint":"create_connect_account","source":{"storageSource":{"bucket":"gcf-v2-sources-833776742151-us-central1","object":"create_connect_account/function-source.zip","generation":"1788973044620256"}},"environmentVariables":{"GOOGLE_NODE_RUN_SCRIPTS":""},"dockerRepository":"projects/paklan-45c3c/locations/us-central1/repositories/gcf-artifacts","sourceProvenance":{"resolvedStorageSource":{"bucket":"gcf-v2-sources-833776742151-us-central1","object":"create_connect_account/function-source.zip","generation":"1788973044620256"}},"dockerRegistry":"ARTIFACT_REGISTRY","serviceAccount":"projects/paklan-45c3c/serviceAccounts/833776742151-compute@developer.gserviceaccount.com","automaticUpdatePolicy":{}},"serviceConfig":{"service":"projects/paklan-45c3c/locations/us-central1/services/create-connect-account","timeoutSeconds":60,"environmentVariables":{"FIREBASE_CONFIG":"{\"projectId\":\"paklan-45c3c\",\"storageBucket\":\"paklan-45c3c.firebasestorage.app\"}","GCLOUD_PROJECT":"paklan-45c3c","EVENTARC_CLOUD_EVENT_SOURCE":"projects/paklan-45c3c/locations/us-central1/services/create_connect_account","FUNCTION_TARGET":"create_connect_account","LOG_EXECUTION_ID":"true","FUNCTION_SIGNATURE_TYPE":"http"},"maxInstanceCount":20,"ingressSettings":"ALLOW_ALL","uri":"https://create-connect-account-ntcfxe6d7q-uc.a.run.app","serviceAccountEmail":"833776742151-compute@developer.gserviceaccount.com","availableMemory":"256Mi","allTrafficOnLatestRevision":true,"secretEnvironmentVariables":[{"key":"STRIPE_SECRET_JSON","projectId":"paklan-45c3c","secret":"STRIPE_SECRET_JSON","version":"2"}],"revision":"create-connect-account-00008-cev","maxInstanceRequestConcurrency":80,"availableCpu":"1"},"state":"ACTIVE","updateTime":"2026-09-09T16:57:24.676909179Z","labels":{"deployment-tool":"cli-firebase","firebase-functions-hash":"8726483970547ebb56a18dd10dc04c5958b9e046"},"environment":"GEN_2","url":"https://us-central1-paklan-45c3c.cloudfunctions.net/create_connect_account","createTime":"2026-07-30T17:56:33.833584134Z","satisfiesPzi":true}}
[debug] [2026-09-09T16:57:41.239Z] Got source token Cldwcm9qZWN0cy84MzM3NzY3NDIxNTEvbG9jYXRpb25zL3VzLWNlbnRyYWwxL2J1aWxkcy8yZmNhZWU1Ny02ZGYyLTQ3ZGEtODljYi1iNTY4NjAxYTJiM2USeXVzLWNlbnRyYWwxLWRvY2tlci5wa2cuZGV2L3Bha2xhbi00NWMzYy9nY2YtYXJ0aWZhY3RzL3Bha2xhbi0tNDVjM2NfX3VzLS1jZW50cmFsMV9fc2VuZF9fbWVzc2FnZV9fbm90aWZpY2F0aW9uczp2ZXJzaW9uXzEYh97dh6IYIlBwcm9qZWN0cy9wYWtsYW4tNDVjM2MvbG9jYXRpb25zL3VzLWNlbnRyYWwxL2Z1bmN0aW9ucy9zZW5kX21lc3NhZ2Vfbm90aWZpY2F0aW9ucyoLCOqfhtUGEMjr2TUyCXB5dGhvbjMxMzp4CiRnY3IuaW8vZ2FlLXJ1bnRpbWVzL3B5dGhvbjMxMzpzdGFibGUSUHVzLWNlbnRyYWwxLWRvY2tlci5wa2cuZGV2L3NlcnZlcmxlc3MtcnVudGltZXMvZ29vZ2xlLTIyLWZ1bGwvcnVudGltZXMvcHl0aG9uMzEzQAE= for region us-central1
[info] ✔  functions[create_connect_account(us-central1)] Successful update operation. 
[debug] [2026-09-09T16:57:41.306Z] [update-default-us-central1-update_transactions] Retrying task index 0
[debug] [2026-09-09T16:57:41.306Z] Checked if tokens are valid: true, expires at: 1788974279132
[debug] [2026-09-09T16:57:41.306Z] Checked if tokens are valid: true, expires at: 1788974279132
[debug] [2026-09-09T16:57:41.306Z] >>> [apiv2][query] GET https://cloudfunctions.googleapis.com/v2/projects/paklan-45c3c/locations/us-central1/operations/operation-1788973043943-65b0fbecc08d0-6e813645-fc590533 [none]
[debug] [2026-09-09T16:57:41.327Z] <<< [apiv2][status] GET https://cloudfunctions.googleapis.com/v2/projects/paklan-45c3c/locations/us-central1/operations/operation-1788973043833-65b0fbeca5918-f20747df-98267adb 200
[debug] [2026-09-09T16:57:41.327Z] <<< [apiv2][body] GET https://cloudfunctions.googleapis.com/v2/projects/paklan-45c3c/locations/us-central1/operations/operation-1788973043833-65b0fbeca5918-f20747df-98267adb {"name":"projects/paklan-45c3c/locations/us-central1/operations/operation-1788973043833-65b0fbeca5918-f20747df-98267adb","metadata":{"@type":"type.googleapis.com/google.cloud.functions.v2.OperationMetadata","createTime":"2026-09-09T16:57:24.688703448Z","endTime":"2026-09-09T16:57:37.098968262Z","target":"projects/paklan-45c3c/locations/us-central1/functions/send_reminder","verb":"update","cancelRequested":false,"apiVersion":"v2","requestResource":{"@type":"type.googleapis.com/google.cloud.functions.v2.Function","name":"projects/paklan-45c3c/locations/us-central1/functions/send_reminder","buildConfig":{"runtime":"python313","entryPoint":"send_reminder","source":{"storageSource":{"bucket":"gcf-v2-sources-833776742151-us-central1","object":"send_reminder/function-source.zip","generation":"1788973044627381"}},"environmentVariables":{"GOOGLE_NODE_RUN_SCRIPTS":""},"dockerRepository":"projects/paklan-45c3c/locations/us-central1/repositories/gcf-artifacts","sourceProvenance":{"resolvedStorageSource":{"bucket":"gcf-v2-sources-833776742151-us-central1","object":"send_reminder/function-source.zip","generation":"1788970791980702"}},"dockerRegistry":"ARTIFACT_REGISTRY","sourceToken":"Cldwcm9qZWN0cy84MzM3NzY3NDIxNTEvbG9jYXRpb25zL3VzLWNlbnRyYWwxL2J1aWxkcy8yZmNhZWU1Ny02ZGYyLTQ3ZGEtODljYi1iNTY4NjAxYTJiM2USeXVzLWNlbnRyYWwxLWRvY2tlci5wa2cuZGV2L3Bha2xhbi00NWMzYy9nY2YtYXJ0aWZhY3RzL3Bha2xhbi0tNDVjM2NfX3VzLS1jZW50cmFsMV9fc2VuZF9fbWVzc2FnZV9fbm90aWZpY2F0aW9uczp2ZXJzaW9uXzEYh97dh6IYIlBwcm9qZWN0cy9wYWtsYW4tNDVjM2MvbG9jYXRpb25zL3VzLWNlbnRyYWwxL2Z1bmN0aW9ucy9zZW5kX21lc3NhZ2Vfbm90aWZpY2F0aW9ucyoLCOqfhtUGEMjr2TUyCXB5dGhvbjMxMzp4CiRnY3IuaW8vZ2FlLXJ1bnRpbWVzL3B5dGhvbjMxMzpzdGFibGUSUHVzLWNlbnRyYWwxLWRvY2tlci5wa2cuZGV2L3NlcnZlcmxlc3MtcnVudGltZXMvZ29vZ2xlLTIyLWZ1bGwvcnVudGltZXMvcHl0aG9uMzEzQAE=","serviceAccount":"projects/paklan-45c3c/serviceAccounts/833776742151-compute@developer.gserviceaccount.com","automaticUpdatePolicy":{}},"serviceConfig":{"service":"projects/paklan-45c3c/locations/us-central1/services/send-reminder","timeoutSeconds":60,"environmentVariables":{"FIREBASE_CONFIG":"{\"projectId\":\"paklan-45c3c\",\"storageBucket\":\"paklan-45c3c.firebasestorage.app\"}","GCLOUD_PROJECT":"paklan-45c3c","EVENTARC_CLOUD_EVENT_SOURCE":"projects/paklan-45c3c/locations/us-central1/services/send_reminder","FUNCTION_TARGET":"send_reminder","LOG_EXECUTION_ID":"true","FUNCTION_SIGNATURE_TYPE":"http"},"ingressSettings":"ALLOW_ALL","uri":"https://send-reminder-ntcfxe6d7q-uc.a.run.app","serviceAccountEmail":"833776742151-compute@developer.gserviceaccount.com","availableMemory":"256Mi","allTrafficOnLatestRevision":true,"revision":"send-reminder-00045-jec","maxInstanceRequestConcurrency":80,"availableCpu":"1"},"state":"ACTIVE","labels":{"deployment-tool":"cli-firebase","deployment-scheduled":"true","firebase-functions-hash":"6b3db7f88a3c63cdfb7f613ca4ffc1e6723651f4"},"environment":"GEN_2","url":"https://us-central1-paklan-45c3c.cloudfunctions.net/send_reminder","satisfiesPzi":true},"stages":[{"name":"BUILD","message":"Reusing build","state":"COMPLETE","resource":"projects/833776742151/locations/us-central1/builds/2fcaee57-6df2-47da-89cb-b568601a2b3e"},{"name":"SERVICE","message":"Updating Cloud Run service","state":"COMPLETE","resource":"projects/paklan-45c3c/locations/us-central1/services/send-reminder","resourceUri":"https://console.cloud.google.com/run/detail/us-central1/send-reminder?project=paklan-45c3c","stateMessages":[{"severity":"INFO","type":"CloudRunServiceNewRevisionTrafficInfo","message":"A new revision will be deployed serving with 100% traffic."}]}],"sourceToken":"Cldwcm9qZWN0cy84MzM3NzY3NDIxNTEvbG9jYXRpb25zL3VzLWNlbnRyYWwxL2J1aWxkcy8yZmNhZWU1Ny02ZGYyLTQ3ZGEtODljYi1iNTY4NjAxYTJiM2USeXVzLWNlbnRyYWwxLWRvY2tlci5wa2cuZGV2L3Bha2xhbi00NWMzYy9nY2YtYXJ0aWZhY3RzL3Bha2xhbi0tNDVjM2NfX3VzLS1jZW50cmFsMV9fc2VuZF9fbWVzc2FnZV9fbm90aWZpY2F0aW9uczp2ZXJzaW9uXzEYh97dh6IYIlBwcm9qZWN0cy9wYWtsYW4tNDVjM2MvbG9jYXRpb25zL3VzLWNlbnRyYWwxL2Z1bmN0aW9ucy9zZW5kX21lc3NhZ2Vfbm90aWZpY2F0aW9ucyoLCOqfhtUGEMjr2TUyCXB5dGhvbjMxMzp4CiRnY3IuaW8vZ2FlLXJ1bnRpbWVzL3B5dGhvbjMxMzpzdGFibGUSUHVzLWNlbnRyYWwxLWRvY2tlci5wa2cuZGV2L3NlcnZlcmxlc3MtcnVudGltZXMvZ29vZ2xlLTIyLWZ1bGwvcnVudGltZXMvcHl0aG9uMzEzQAE=","operationType":"UPDATE_FUNCTION","buildName":"projects/833776742151/locations/us-central1/builds/2fcaee57-6df2-47da-89cb-b568601a2b3e"},"done":true,"response":{"@type":"type.googleapis.com/google.cloud.functions.v2.Function","name":"projects/paklan-45c3c/locations/us-central1/functions/send_reminder","buildConfig":{"build":"projects/833776742151/locations/us-central1/builds/2fcaee57-6df2-47da-89cb-b568601a2b3e","runtime":"python313","entryPoint":"send_reminder","source":{"storageSource":{"bucket":"gcf-v2-sources-833776742151-us-central1","object":"send_reminder/function-source.zip","generation":"1788973044627381"}},"environmentVariables":{"GOOGLE_NODE_RUN_SCRIPTS":""},"dockerRepository":"projects/paklan-45c3c/locations/us-central1/repositories/gcf-artifacts","sourceProvenance":{"resolvedStorageSource":{"bucket":"gcf-v2-sources-833776742151-us-central1","object":"send_reminder/function-source.zip","generation":"1788973044627381"}},"dockerRegistry":"ARTIFACT_REGISTRY","serviceAccount":"projects/paklan-45c3c/serviceAccounts/833776742151-compute@developer.gserviceaccount.com","automaticUpdatePolicy":{}},"serviceConfig":{"service":"projects/paklan-45c3c/locations/us-central1/services/send-reminder","timeoutSeconds":60,"environmentVariables":{"FIREBASE_CONFIG":"{\"projectId\":\"paklan-45c3c\",\"storageBucket\":\"paklan-45c3c.firebasestorage.app\"}","GCLOUD_PROJECT":"paklan-45c3c","EVENTARC_CLOUD_EVENT_SOURCE":"projects/paklan-45c3c/locations/us-central1/services/send_reminder","FUNCTION_TARGET":"send_reminder","LOG_EXECUTION_ID":"true","FUNCTION_SIGNATURE_TYPE":"http"},"maxInstanceCount":20,"ingressSettings":"ALLOW_ALL","uri":"https://send-reminder-ntcfxe6d7q-uc.a.run.app","serviceAccountEmail":"833776742151-compute@developer.gserviceaccount.com","availableMemory":"256Mi","allTrafficOnLatestRevision":true,"revision":"send-reminder-00046-hec","maxInstanceRequestConcurrency":80,"availableCpu":"1"},"state":"ACTIVE","updateTime":"2026-09-09T16:57:24.690706539Z","labels":{"deployment-tool":"cli-firebase","deployment-scheduled":"true","firebase-functions-hash":"6b3db7f88a3c63cdfb7f613ca4ffc1e6723651f4"},"environment":"GEN_2","url":"https://us-central1-paklan-45c3c.cloudfunctions.net/send_reminder","createTime":"2025-06-27T01:35:11.190504717Z","satisfiesPzi":true}}
[debug] [2026-09-09T16:57:41.327Z] Got source token Cldwcm9qZWN0cy84MzM3NzY3NDIxNTEvbG9jYXRpb25zL3VzLWNlbnRyYWwxL2J1aWxkcy8yZmNhZWU1Ny02ZGYyLTQ3ZGEtODljYi1iNTY4NjAxYTJiM2USeXVzLWNlbnRyYWwxLWRvY2tlci5wa2cuZGV2L3Bha2xhbi00NWMzYy9nY2YtYXJ0aWZhY3RzL3Bha2xhbi0tNDVjM2NfX3VzLS1jZW50cmFsMV9fc2VuZF9fbWVzc2FnZV9fbm90aWZpY2F0aW9uczp2ZXJzaW9uXzEYh97dh6IYIlBwcm9qZWN0cy9wYWtsYW4tNDVjM2MvbG9jYXRpb25zL3VzLWNlbnRyYWwxL2Z1bmN0aW9ucy9zZW5kX21lc3NhZ2Vfbm90aWZpY2F0aW9ucyoLCOqfhtUGEMjr2TUyCXB5dGhvbjMxMzp4CiRnY3IuaW8vZ2FlLXJ1bnRpbWVzL3B5dGhvbjMxMzpzdGFibGUSUHVzLWNlbnRyYWwxLWRvY2tlci5wa2cuZGV2L3NlcnZlcmxlc3MtcnVudGltZXMvZ29vZ2xlLTIyLWZ1bGwvcnVudGltZXMvcHl0aG9uMzEzQAE= for region us-central1
[debug] [2026-09-09T16:57:41.327Z] Checked if tokens are valid: true, expires at: 1788974279132
[debug] [2026-09-09T16:57:41.327Z] Checked if tokens are valid: true, expires at: 1788974279132
[debug] [2026-09-09T16:57:41.327Z] >>> [apiv2][query] GET https://compute.googleapis.com/compute/v1/projects/833776742151 [none]
[debug] [2026-09-09T16:57:41.454Z] <<< [apiv2][status] GET https://cloudfunctions.googleapis.com/v2/projects/paklan-45c3c/locations/us-central1/operations/operation-1788973043908-65b0fbecb7eaf-8889c026-a3bf8553 200
[debug] [2026-09-09T16:57:41.454Z] <<< [apiv2][body] GET https://cloudfunctions.googleapis.com/v2/projects/paklan-45c3c/locations/us-central1/operations/operation-1788973043908-65b0fbecb7eaf-8889c026-a3bf8553 {"name":"projects/paklan-45c3c/locations/us-central1/operations/operation-1788973043908-65b0fbecb7eaf-8889c026-a3bf8553","metadata":{"@type":"type.googleapis.com/google.cloud.functions.v2.OperationMetadata","createTime":"2026-09-09T16:57:24.723956700Z","endTime":"2026-09-09T16:57:37.447053377Z","target":"projects/paklan-45c3c/locations/us-central1/functions/send_reminder_days","verb":"update","cancelRequested":false,"apiVersion":"v2","requestResource":{"@type":"type.googleapis.com/google.cloud.functions.v2.Function","name":"projects/paklan-45c3c/locations/us-central1/functions/send_reminder_days","buildConfig":{"runtime":"python313","entryPoint":"send_reminder_days","source":{"storageSource":{"bucket":"gcf-v2-sources-833776742151-us-central1","object":"send_reminder_days/function-source.zip","generation":"1788973044670399"}},"environmentVariables":{"GOOGLE_NODE_RUN_SCRIPTS":""},"dockerRepository":"projects/paklan-45c3c/locations/us-central1/repositories/gcf-artifacts","sourceProvenance":{"resolvedStorageSource":{"bucket":"gcf-v2-sources-833776742151-us-central1","object":"send_reminder_days/function-source.zip","generation":"1788970791908513"}},"dockerRegistry":"ARTIFACT_REGISTRY","sourceToken":"Cldwcm9qZWN0cy84MzM3NzY3NDIxNTEvbG9jYXRpb25zL3VzLWNlbnRyYWwxL2J1aWxkcy8yZmNhZWU1Ny02ZGYyLTQ3ZGEtODljYi1iNTY4NjAxYTJiM2USeXVzLWNlbnRyYWwxLWRvY2tlci5wa2cuZGV2L3Bha2xhbi00NWMzYy9nY2YtYXJ0aWZhY3RzL3Bha2xhbi0tNDVjM2NfX3VzLS1jZW50cmFsMV9fc2VuZF9fbWVzc2FnZV9fbm90aWZpY2F0aW9uczp2ZXJzaW9uXzEYh97dh6IYIlBwcm9qZWN0cy9wYWtsYW4tNDVjM2MvbG9jYXRpb25zL3VzLWNlbnRyYWwxL2Z1bmN0aW9ucy9zZW5kX21lc3NhZ2Vfbm90aWZpY2F0aW9ucyoLCOqfhtUGEMjr2TUyCXB5dGhvbjMxMzp4CiRnY3IuaW8vZ2FlLXJ1bnRpbWVzL3B5dGhvbjMxMzpzdGFibGUSUHVzLWNlbnRyYWwxLWRvY2tlci5wa2cuZGV2L3NlcnZlcmxlc3MtcnVudGltZXMvZ29vZ2xlLTIyLWZ1bGwvcnVudGltZXMvcHl0aG9uMzEzQAE=","serviceAccount":"projects/paklan-45c3c/serviceAccounts/833776742151-compute@developer.gserviceaccount.com","automaticUpdatePolicy":{}},"serviceConfig":{"service":"projects/paklan-45c3c/locations/us-central1/services/send-reminder-days","timeoutSeconds":60,"environmentVariables":{"FIREBASE_CONFIG":"{\"projectId\":\"paklan-45c3c\",\"storageBucket\":\"paklan-45c3c.firebasestorage.app\"}","GCLOUD_PROJECT":"paklan-45c3c","EVENTARC_CLOUD_EVENT_SOURCE":"projects/paklan-45c3c/locations/us-central1/services/send_reminder_days","FUNCTION_TARGET":"send_reminder_days","LOG_EXECUTION_ID":"true","FUNCTION_SIGNATURE_TYPE":"http"},"ingressSettings":"ALLOW_ALL","uri":"https://send-reminder-days-ntcfxe6d7q-uc.a.run.app","serviceAccountEmail":"833776742151-compute@developer.gserviceaccount.com","availableMemory":"256Mi","allTrafficOnLatestRevision":true,"revision":"send-reminder-days-00039-naf","maxInstanceRequestConcurrency":80,"availableCpu":"1"},"state":"ACTIVE","labels":{"deployment-tool":"cli-firebase","deployment-scheduled":"true","firebase-functions-hash":"6b3db7f88a3c63cdfb7f613ca4ffc1e6723651f4"},"environment":"GEN_2","url":"https://us-central1-paklan-45c3c.cloudfunctions.net/send_reminder_days","satisfiesPzi":true},"stages":[{"name":"BUILD","message":"Reusing build","state":"COMPLETE","resource":"projects/833776742151/locations/us-central1/builds/2fcaee57-6df2-47da-89cb-b568601a2b3e"},{"name":"SERVICE","message":"Updating Cloud Run service","state":"COMPLETE","resource":"projects/paklan-45c3c/locations/us-central1/services/send-reminder-days","resourceUri":"https://console.cloud.google.com/run/detail/us-central1/send-reminder-days?project=paklan-45c3c","stateMessages":[{"severity":"INFO","type":"CloudRunServiceNewRevisionTrafficInfo","message":"A new revision will be deployed serving with 100% traffic."}]}],"sourceToken":"Cldwcm9qZWN0cy84MzM3NzY3NDIxNTEvbG9jYXRpb25zL3VzLWNlbnRyYWwxL2J1aWxkcy8yZmNhZWU1Ny02ZGYyLTQ3ZGEtODljYi1iNTY4NjAxYTJiM2USeXVzLWNlbnRyYWwxLWRvY2tlci5wa2cuZGV2L3Bha2xhbi00NWMzYy9nY2YtYXJ0aWZhY3RzL3Bha2xhbi0tNDVjM2NfX3VzLS1jZW50cmFsMV9fc2VuZF9fbWVzc2FnZV9fbm90aWZpY2F0aW9uczp2ZXJzaW9uXzEYh97dh6IYIlBwcm9qZWN0cy9wYWtsYW4tNDVjM2MvbG9jYXRpb25zL3VzLWNlbnRyYWwxL2Z1bmN0aW9ucy9zZW5kX21lc3NhZ2Vfbm90aWZpY2F0aW9ucyoLCOqfhtUGEMjr2TUyCXB5dGhvbjMxMzp4CiRnY3IuaW8vZ2FlLXJ1bnRpbWVzL3B5dGhvbjMxMzpzdGFibGUSUHVzLWNlbnRyYWwxLWRvY2tlci5wa2cuZGV2L3NlcnZlcmxlc3MtcnVudGltZXMvZ29vZ2xlLTIyLWZ1bGwvcnVudGltZXMvcHl0aG9uMzEzQAE=","operationType":"UPDATE_FUNCTION","buildName":"projects/833776742151/locations/us-central1/builds/2fcaee57-6df2-47da-89cb-b568601a2b3e"},"done":true,"response":{"@type":"type.googleapis.com/google.cloud.functions.v2.Function","name":"projects/paklan-45c3c/locations/us-central1/functions/send_reminder_days","buildConfig":{"build":"projects/833776742151/locations/us-central1/builds/2fcaee57-6df2-47da-89cb-b568601a2b3e","runtime":"python313","entryPoint":"send_reminder_days","source":{"storageSource":{"bucket":"gcf-v2-sources-833776742151-us-central1","object":"send_reminder_days/function-source.zip","generation":"1788973044670399"}},"environmentVariables":{"GOOGLE_NODE_RUN_SCRIPTS":""},"dockerRepository":"projects/paklan-45c3c/locations/us-central1/repositories/gcf-artifacts","sourceProvenance":{"resolvedStorageSource":{"bucket":"gcf-v2-sources-833776742151-us-central1","object":"send_reminder_days/function-source.zip","generation":"1788973044670399"}},"dockerRegistry":"ARTIFACT_REGISTRY","serviceAccount":"projects/paklan-45c3c/serviceAccounts/833776742151-compute@developer.gserviceaccount.com","automaticUpdatePolicy":{}},"serviceConfig":{"service":"projects/paklan-45c3c/locations/us-central1/services/send-reminder-days","timeoutSeconds":60,"environmentVariables":{"FIREBASE_CONFIG":"{\"projectId\":\"paklan-45c3c\",\"storageBucket\":\"paklan-45c3c.firebasestorage.app\"}","GCLOUD_PROJECT":"paklan-45c3c","EVENTARC_CLOUD_EVENT_SOURCE":"projects/paklan-45c3c/locations/us-central1/services/send_reminder_days","FUNCTION_TARGET":"send_reminder_days","LOG_EXECUTION_ID":"true","FUNCTION_SIGNATURE_TYPE":"http"},"maxInstanceCount":20,"ingressSettings":"ALLOW_ALL","uri":"https://send-reminder-days-ntcfxe6d7q-uc.a.run.app","serviceAccountEmail":"833776742151-compute@developer.gserviceaccount.com","availableMemory":"256Mi","allTrafficOnLatestRevision":true,"revision":"send-reminder-days-00040-vuc","maxInstanceRequestConcurrency":80,"availableCpu":"1"},"state":"ACTIVE","updateTime":"2026-09-09T16:57:24.726064540Z","labels":{"firebase-functions-hash":"6b3db7f88a3c63cdfb7f613ca4ffc1e6723651f4","deployment-tool":"cli-firebase","deployment-scheduled":"true"},"environment":"GEN_2","url":"https://us-central1-paklan-45c3c.cloudfunctions.net/send_reminder_days","createTime":"2025-06-30T20:45:15.547687403Z","satisfiesPzi":true}}
[debug] [2026-09-09T16:57:41.454Z] Got source token Cldwcm9qZWN0cy84MzM3NzY3NDIxNTEvbG9jYXRpb25zL3VzLWNlbnRyYWwxL2J1aWxkcy8yZmNhZWU1Ny02ZGYyLTQ3ZGEtODljYi1iNTY4NjAxYTJiM2USeXVzLWNlbnRyYWwxLWRvY2tlci5wa2cuZGV2L3Bha2xhbi00NWMzYy9nY2YtYXJ0aWZhY3RzL3Bha2xhbi0tNDVjM2NfX3VzLS1jZW50cmFsMV9fc2VuZF9fbWVzc2FnZV9fbm90aWZpY2F0aW9uczp2ZXJzaW9uXzEYh97dh6IYIlBwcm9qZWN0cy9wYWtsYW4tNDVjM2MvbG9jYXRpb25zL3VzLWNlbnRyYWwxL2Z1bmN0aW9ucy9zZW5kX21lc3NhZ2Vfbm90aWZpY2F0aW9ucyoLCOqfhtUGEMjr2TUyCXB5dGhvbjMxMzp4CiRnY3IuaW8vZ2FlLXJ1bnRpbWVzL3B5dGhvbjMxMzpzdGFibGUSUHVzLWNlbnRyYWwxLWRvY2tlci5wa2cuZGV2L3NlcnZlcmxlc3MtcnVudGltZXMvZ29vZ2xlLTIyLWZ1bGwvcnVudGltZXMvcHl0aG9uMzEzQAE= for region us-central1
[debug] [2026-09-09T16:57:41.454Z] Checked if tokens are valid: true, expires at: 1788974279132
[debug] [2026-09-09T16:57:41.454Z] Checked if tokens are valid: true, expires at: 1788974279132
[debug] [2026-09-09T16:57:41.454Z] >>> [apiv2][query] GET https://compute.googleapis.com/compute/v1/projects/833776742151 [none]
[debug] [2026-09-09T16:57:41.466Z] <<< [apiv2][status] GET https://cloudfunctions.googleapis.com/v2/projects/paklan-45c3c/locations/us-central1/operations/operation-1788973043943-65b0fbecc08d0-6e813645-fc590533 200
[debug] [2026-09-09T16:57:41.466Z] <<< [apiv2][body] GET https://cloudfunctions.googleapis.com/v2/projects/paklan-45c3c/locations/us-central1/operations/operation-1788973043943-65b0fbecc08d0-6e813645-fc590533 {"name":"projects/paklan-45c3c/locations/us-central1/operations/operation-1788973043943-65b0fbecc08d0-6e813645-fc590533","metadata":{"@type":"type.googleapis.com/google.cloud.functions.v2.OperationMetadata","createTime":"2026-09-09T16:57:25.021467485Z","endTime":"2026-09-09T16:57:36.480552225Z","target":"projects/paklan-45c3c/locations/us-central1/functions/update_transactions","verb":"update","cancelRequested":false,"apiVersion":"v2","requestResource":{"@type":"type.googleapis.com/google.cloud.functions.v2.Function","name":"projects/paklan-45c3c/locations/us-central1/functions/update_transactions","buildConfig":{"runtime":"python313","entryPoint":"update_transactions","source":{"storageSource":{"bucket":"gcf-v2-sources-833776742151-us-central1","object":"update_transactions/function-source.zip","generation":"1788973044974601"}},"environmentVariables":{"GOOGLE_NODE_RUN_SCRIPTS":""},"dockerRepository":"projects/paklan-45c3c/locations/us-central1/repositories/gcf-artifacts","sourceProvenance":{"resolvedStorageSource":{"bucket":"gcf-v2-sources-833776742151-us-central1","object":"update_transactions/function-source.zip","generation":"1788970792226631"}},"dockerRegistry":"ARTIFACT_REGISTRY","sourceToken":"Cldwcm9qZWN0cy84MzM3NzY3NDIxNTEvbG9jYXRpb25zL3VzLWNlbnRyYWwxL2J1aWxkcy8yZmNhZWU1Ny02ZGYyLTQ3ZGEtODljYi1iNTY4NjAxYTJiM2USeXVzLWNlbnRyYWwxLWRvY2tlci5wa2cuZGV2L3Bha2xhbi00NWMzYy9nY2YtYXJ0aWZhY3RzL3Bha2xhbi0tNDVjM2NfX3VzLS1jZW50cmFsMV9fc2VuZF9fbWVzc2FnZV9fbm90aWZpY2F0aW9uczp2ZXJzaW9uXzEYh97dh6IYIlBwcm9qZWN0cy9wYWtsYW4tNDVjM2MvbG9jYXRpb25zL3VzLWNlbnRyYWwxL2Z1bmN0aW9ucy9zZW5kX21lc3NhZ2Vfbm90aWZpY2F0aW9ucyoLCOqfhtUGEMjr2TUyCXB5dGhvbjMxMzp4CiRnY3IuaW8vZ2FlLXJ1bnRpbWVzL3B5dGhvbjMxMzpzdGFibGUSUHVzLWNlbnRyYWwxLWRvY2tlci5wa2cuZGV2L3NlcnZlcmxlc3MtcnVudGltZXMvZ29vZ2xlLTIyLWZ1bGwvcnVudGltZXMvcHl0aG9uMzEzQAE=","serviceAccount":"projects/paklan-45c3c/serviceAccounts/833776742151-compute@developer.gserviceaccount.com","automaticUpdatePolicy":{}},"serviceConfig":{"service":"projects/paklan-45c3c/locations/us-central1/services/update-transactions","timeoutSeconds":60,"environmentVariables":{"FIREBASE_CONFIG":"{\"projectId\":\"paklan-45c3c\",\"storageBucket\":\"paklan-45c3c.firebasestorage.app\"}","GCLOUD_PROJECT":"paklan-45c3c","EVENTARC_CLOUD_EVENT_SOURCE":"projects/paklan-45c3c/locations/us-central1/services/update_transactions","FUNCTION_SIGNATURE_TYPE":"cloudevent","FUNCTION_TARGET":"update_transactions","LOG_EXECUTION_ID":"true"},"maxInstanceCount":40,"ingressSettings":"ALLOW_ALL","uri":"https://update-transactions-ntcfxe6d7q-uc.a.run.app","serviceAccountEmail":"833776742151-compute@developer.gserviceaccount.com","availableMemory":"256Mi","allTrafficOnLatestRevision":true,"revision":"update-transactions-00069-cel","maxInstanceRequestConcurrency":80,"availableCpu":"1"},"eventTrigger":{"trigger":"projects/paklan-45c3c/locations/northamerica-south1/triggers/update-transactions-224385","triggerRegion":"northamerica-south1","eventType":"google.cloud.firestore.document.v1.created","eventFilters":[{"attribute":"database","value":"(default)"},{"attribute":"namespace","value":"(default)"},{"attribute":"document","value":"transactions/{transactionId}/status/{statusId}","operator":"match-path-pattern"}],"pubsubTopic":"projects/paklan-45c3c/topics/eventarc-northamerica-south1-update-transactions-224385-165","serviceAccountEmail":"833776742151-compute@developer.gserviceaccount.com","retryPolicy":"RETRY_POLICY_DO_NOT_RETRY"},"state":"ACTIVE","labels":{"deployment-tool":"cli-firebase","firebase-functions-hash":"6b3db7f88a3c63cdfb7f613ca4ffc1e6723651f4"},"environment":"GEN_2","url":"https://us-central1-paklan-45c3c.cloudfunctions.net/update_transactions","satisfiesPzi":true},"stages":[{"name":"BUILD","message":"Reusing build","state":"COMPLETE","resource":"projects/833776742151/locations/us-central1/builds/2fcaee57-6df2-47da-89cb-b568601a2b3e"},{"name":"SERVICE","message":"Updating Cloud Run service","state":"COMPLETE","resource":"projects/paklan-45c3c/locations/us-central1/services/update-transactions","resourceUri":"https://console.cloud.google.com/run/detail/us-central1/update-transactions?project=paklan-45c3c","stateMessages":[{"severity":"INFO","type":"CloudRunServiceNewRevisionTrafficInfo","message":"A new revision will be deployed serving with 100% traffic."}]},{"name":"TRIGGER","state":"NOT_STARTED"}],"sourceToken":"Cldwcm9qZWN0cy84MzM3NzY3NDIxNTEvbG9jYXRpb25zL3VzLWNlbnRyYWwxL2J1aWxkcy8yZmNhZWU1Ny02ZGYyLTQ3ZGEtODljYi1iNTY4NjAxYTJiM2USeXVzLWNlbnRyYWwxLWRvY2tlci5wa2cuZGV2L3Bha2xhbi00NWMzYy9nY2YtYXJ0aWZhY3RzL3Bha2xhbi0tNDVjM2NfX3VzLS1jZW50cmFsMV9fc2VuZF9fbWVzc2FnZV9fbm90aWZpY2F0aW9uczp2ZXJzaW9uXzEYh97dh6IYIlBwcm9qZWN0cy9wYWtsYW4tNDVjM2MvbG9jYXRpb25zL3VzLWNlbnRyYWwxL2Z1bmN0aW9ucy9zZW5kX21lc3NhZ2Vfbm90aWZpY2F0aW9ucyoLCOqfhtUGEMjr2TUyCXB5dGhvbjMxMzp4CiRnY3IuaW8vZ2FlLXJ1bnRpbWVzL3B5dGhvbjMxMzpzdGFibGUSUHVzLWNlbnRyYWwxLWRvY2tlci5wa2cuZGV2L3NlcnZlcmxlc3MtcnVudGltZXMvZ29vZ2xlLTIyLWZ1bGwvcnVudGltZXMvcHl0aG9uMzEzQAE=","operationType":"UPDATE_FUNCTION","buildName":"projects/833776742151/locations/us-central1/builds/2fcaee57-6df2-47da-89cb-b568601a2b3e"},"done":true,"response":{"@type":"type.googleapis.com/google.cloud.functions.v2.Function","name":"projects/paklan-45c3c/locations/us-central1/functions/update_transactions","buildConfig":{"build":"projects/833776742151/locations/us-central1/builds/2fcaee57-6df2-47da-89cb-b568601a2b3e","runtime":"python313","entryPoint":"update_transactions","source":{"storageSource":{"bucket":"gcf-v2-sources-833776742151-us-central1","object":"update_transactions/function-source.zip","generation":"1788973044974601"}},"environmentVariables":{"GOOGLE_NODE_RUN_SCRIPTS":""},"dockerRepository":"projects/paklan-45c3c/locations/us-central1/repositories/gcf-artifacts","sourceProvenance":{"resolvedStorageSource":{"bucket":"gcf-v2-sources-833776742151-us-central1","object":"update_transactions/function-source.zip","generation":"1788973044974601"}},"dockerRegistry":"ARTIFACT_REGISTRY","serviceAccount":"projects/paklan-45c3c/serviceAccounts/833776742151-compute@developer.gserviceaccount.com","automaticUpdatePolicy":{}},"serviceConfig":{"service":"projects/paklan-45c3c/locations/us-central1/services/update-transactions","timeoutSeconds":60,"environmentVariables":{"FIREBASE_CONFIG":"{\"projectId\":\"paklan-45c3c\",\"storageBucket\":\"paklan-45c3c.firebasestorage.app\"}","GCLOUD_PROJECT":"paklan-45c3c","EVENTARC_CLOUD_EVENT_SOURCE":"projects/paklan-45c3c/locations/us-central1/services/update_transactions","FUNCTION_SIGNATURE_TYPE":"cloudevent","FUNCTION_TARGET":"update_transactions","LOG_EXECUTION_ID":"true"},"maxInstanceCount":40,"ingressSettings":"ALLOW_ALL","uri":"https://update-transactions-ntcfxe6d7q-uc.a.run.app","serviceAccountEmail":"833776742151-compute@developer.gserviceaccount.com","availableMemory":"256Mi","allTrafficOnLatestRevision":true,"revision":"update-transactions-00070-bip","maxInstanceRequestConcurrency":80,"availableCpu":"1"},"eventTrigger":{"trigger":"projects/paklan-45c3c/locations/northamerica-south1/triggers/update-transactions-224385","triggerRegion":"northamerica-south1","eventType":"google.cloud.firestore.document.v1.created","eventFilters":[{"attribute":"document","value":"transactions/{transactionId}/status/{statusId}","operator":"match-path-pattern"},{"attribute":"database","value":"(default)"},{"attribute":"namespace","value":"(default)"}],"pubsubTopic":"projects/paklan-45c3c/topics/eventarc-northamerica-south1-update-transactions-224385-165","serviceAccountEmail":"833776742151-compute@developer.gserviceaccount.com","retryPolicy":"RETRY_POLICY_DO_NOT_RETRY"},"state":"ACTIVE","updateTime":"2026-09-09T16:57:25.023315685Z","labels":{"deployment-tool":"cli-firebase","firebase-functions-hash":"6b3db7f88a3c63cdfb7f613ca4ffc1e6723651f4"},"environment":"GEN_2","url":"https://us-central1-paklan-45c3c.cloudfunctions.net/update_transactions","createTime":"2025-05-20T20:05:48.197849259Z","satisfiesPzi":true}}
[debug] [2026-09-09T16:57:41.466Z] Got source token Cldwcm9qZWN0cy84MzM3NzY3NDIxNTEvbG9jYXRpb25zL3VzLWNlbnRyYWwxL2J1aWxkcy8yZmNhZWU1Ny02ZGYyLTQ3ZGEtODljYi1iNTY4NjAxYTJiM2USeXVzLWNlbnRyYWwxLWRvY2tlci5wa2cuZGV2L3Bha2xhbi00NWMzYy9nY2YtYXJ0aWZhY3RzL3Bha2xhbi0tNDVjM2NfX3VzLS1jZW50cmFsMV9fc2VuZF9fbWVzc2FnZV9fbm90aWZpY2F0aW9uczp2ZXJzaW9uXzEYh97dh6IYIlBwcm9qZWN0cy9wYWtsYW4tNDVjM2MvbG9jYXRpb25zL3VzLWNlbnRyYWwxL2Z1bmN0aW9ucy9zZW5kX21lc3NhZ2Vfbm90aWZpY2F0aW9ucyoLCOqfhtUGEMjr2TUyCXB5dGhvbjMxMzp4CiRnY3IuaW8vZ2FlLXJ1bnRpbWVzL3B5dGhvbjMxMzpzdGFibGUSUHVzLWNlbnRyYWwxLWRvY2tlci5wa2cuZGV2L3NlcnZlcmxlc3MtcnVudGltZXMvZ29vZ2xlLTIyLWZ1bGwvcnVudGltZXMvcHl0aG9uMzEzQAE= for region us-central1
[info] ✔  functions[update_transactions(us-central1)] Successful update operation. 
[debug] [2026-09-09T16:57:41.492Z] <<< [apiv2][status] GET https://cloudfunctions.googleapis.com/v2/projects/paklan-45c3c/locations/us-central1/operations/operation-1788973043960-65b0fbecc4950-209f8619-913613e1 200
[debug] [2026-09-09T16:57:41.493Z] <<< [apiv2][body] GET https://cloudfunctions.googleapis.com/v2/projects/paklan-45c3c/locations/us-central1/operations/operation-1788973043960-65b0fbecc4950-209f8619-913613e1 {"name":"projects/paklan-45c3c/locations/us-central1/operations/operation-1788973043960-65b0fbecc4950-209f8619-913613e1","metadata":{"@type":"type.googleapis.com/google.cloud.functions.v2.OperationMetadata","createTime":"2026-09-09T16:57:24.755356322Z","endTime":"2026-09-09T16:57:36.939203007Z","target":"projects/paklan-45c3c/locations/us-central1/functions/update_remaining_hours","verb":"update","cancelRequested":false,"apiVersion":"v2","requestResource":{"@type":"type.googleapis.com/google.cloud.functions.v2.Function","name":"projects/paklan-45c3c/locations/us-central1/functions/update_remaining_hours","buildConfig":{"runtime":"python313","entryPoint":"update_remaining_hours","source":{"storageSource":{"bucket":"gcf-v2-sources-833776742151-us-central1","object":"update_remaining_hours/function-source.zip","generation":"1788973044706305"}},"environmentVariables":{"GOOGLE_NODE_RUN_SCRIPTS":""},"dockerRepository":"projects/paklan-45c3c/locations/us-central1/repositories/gcf-artifacts","sourceProvenance":{"resolvedStorageSource":{"bucket":"gcf-v2-sources-833776742151-us-central1","object":"update_remaining_hours/function-source.zip","generation":"1788970792102205"}},"dockerRegistry":"ARTIFACT_REGISTRY","sourceToken":"Cldwcm9qZWN0cy84MzM3NzY3NDIxNTEvbG9jYXRpb25zL3VzLWNlbnRyYWwxL2J1aWxkcy8yZmNhZWU1Ny02ZGYyLTQ3ZGEtODljYi1iNTY4NjAxYTJiM2USeXVzLWNlbnRyYWwxLWRvY2tlci5wa2cuZGV2L3Bha2xhbi00NWMzYy9nY2YtYXJ0aWZhY3RzL3Bha2xhbi0tNDVjM2NfX3VzLS1jZW50cmFsMV9fc2VuZF9fbWVzc2FnZV9fbm90aWZpY2F0aW9uczp2ZXJzaW9uXzEYh97dh6IYIlBwcm9qZWN0cy9wYWtsYW4tNDVjM2MvbG9jYXRpb25zL3VzLWNlbnRyYWwxL2Z1bmN0aW9ucy9zZW5kX21lc3NhZ2Vfbm90aWZpY2F0aW9ucyoLCOqfhtUGEMjr2TUyCXB5dGhvbjMxMzp4CiRnY3IuaW8vZ2FlLXJ1bnRpbWVzL3B5dGhvbjMxMzpzdGFibGUSUHVzLWNlbnRyYWwxLWRvY2tlci5wa2cuZGV2L3NlcnZlcmxlc3MtcnVudGltZXMvZ29vZ2xlLTIyLWZ1bGwvcnVudGltZXMvcHl0aG9uMzEzQAE=","serviceAccount":"projects/paklan-45c3c/serviceAccounts/833776742151-compute@developer.gserviceaccount.com","automaticUpdatePolicy":{}},"serviceConfig":{"service":"projects/paklan-45c3c/locations/us-central1/services/update-remaining-hours","timeoutSeconds":60,"environmentVariables":{"FIREBASE_CONFIG":"{\"projectId\":\"paklan-45c3c\",\"storageBucket\":\"paklan-45c3c.firebasestorage.app\"}","GCLOUD_PROJECT":"paklan-45c3c","EVENTARC_CLOUD_EVENT_SOURCE":"projects/paklan-45c3c/locations/us-central1/services/update_remaining_hours","FUNCTION_TARGET":"update_remaining_hours","LOG_EXECUTION_ID":"true","FUNCTION_SIGNATURE_TYPE":"http"},"ingressSettings":"ALLOW_ALL","uri":"https://update-remaining-hours-ntcfxe6d7q-uc.a.run.app","serviceAccountEmail":"833776742151-compute@developer.gserviceaccount.com","availableMemory":"256Mi","allTrafficOnLatestRevision":true,"revision":"update-remaining-hours-00045-tuk","maxInstanceRequestConcurrency":80,"availableCpu":"1"},"state":"ACTIVE","labels":{"deployment-tool":"cli-firebase","deployment-scheduled":"true","firebase-functions-hash":"6b3db7f88a3c63cdfb7f613ca4ffc1e6723651f4"},"environment":"GEN_2","url":"https://us-central1-paklan-45c3c.cloudfunctions.net/update_remaining_hours","satisfiesPzi":true},"stages":[{"name":"BUILD","message":"Reusing build","state":"COMPLETE","resource":"projects/833776742151/locations/us-central1/builds/2fcaee57-6df2-47da-89cb-b568601a2b3e"},{"name":"SERVICE","message":"Updating Cloud Run service","state":"COMPLETE","resource":"projects/paklan-45c3c/locations/us-central1/services/update-remaining-hours","resourceUri":"https://console.cloud.google.com/run/detail/us-central1/update-remaining-hours?project=paklan-45c3c","stateMessages":[{"severity":"INFO","type":"CloudRunServiceNewRevisionTrafficInfo","message":"A new revision will be deployed serving with 100% traffic."}]}],"sourceToken":"Cldwcm9qZWN0cy84MzM3NzY3NDIxNTEvbG9jYXRpb25zL3VzLWNlbnRyYWwxL2J1aWxkcy8yZmNhZWU1Ny02ZGYyLTQ3ZGEtODljYi1iNTY4NjAxYTJiM2USeXVzLWNlbnRyYWwxLWRvY2tlci5wa2cuZGV2L3Bha2xhbi00NWMzYy9nY2YtYXJ0aWZhY3RzL3Bha2xhbi0tNDVjM2NfX3VzLS1jZW50cmFsMV9fc2VuZF9fbWVzc2FnZV9fbm90aWZpY2F0aW9uczp2ZXJzaW9uXzEYh97dh6IYIlBwcm9qZWN0cy9wYWtsYW4tNDVjM2MvbG9jYXRpb25zL3VzLWNlbnRyYWwxL2Z1bmN0aW9ucy9zZW5kX21lc3NhZ2Vfbm90aWZpY2F0aW9ucyoLCOqfhtUGEMjr2TUyCXB5dGhvbjMxMzp4CiRnY3IuaW8vZ2FlLXJ1bnRpbWVzL3B5dGhvbjMxMzpzdGFibGUSUHVzLWNlbnRyYWwxLWRvY2tlci5wa2cuZGV2L3NlcnZlcmxlc3MtcnVudGltZXMvZ29vZ2xlLTIyLWZ1bGwvcnVudGltZXMvcHl0aG9uMzEzQAE=","operationType":"UPDATE_FUNCTION","buildName":"projects/833776742151/locations/us-central1/builds/2fcaee57-6df2-47da-89cb-b568601a2b3e"},"done":true,"response":{"@type":"type.googleapis.com/google.cloud.functions.v2.Function","name":"projects/paklan-45c3c/locations/us-central1/functions/update_remaining_hours","buildConfig":{"build":"projects/833776742151/locations/us-central1/builds/2fcaee57-6df2-47da-89cb-b568601a2b3e","runtime":"python313","entryPoint":"update_remaining_hours","source":{"storageSource":{"bucket":"gcf-v2-sources-833776742151-us-central1","object":"update_remaining_hours/function-source.zip","generation":"1788973044706305"}},"environmentVariables":{"GOOGLE_NODE_RUN_SCRIPTS":""},"dockerRepository":"projects/paklan-45c3c/locations/us-central1/repositories/gcf-artifacts","sourceProvenance":{"resolvedStorageSource":{"bucket":"gcf-v2-sources-833776742151-us-central1","object":"update_remaining_hours/function-source.zip","generation":"1788973044706305"}},"dockerRegistry":"ARTIFACT_REGISTRY","serviceAccount":"projects/paklan-45c3c/serviceAccounts/833776742151-compute@developer.gserviceaccount.com","automaticUpdatePolicy":{}},"serviceConfig":{"service":"projects/paklan-45c3c/locations/us-central1/services/update-remaining-hours","timeoutSeconds":60,"environmentVariables":{"FIREBASE_CONFIG":"{\"projectId\":\"paklan-45c3c\",\"storageBucket\":\"paklan-45c3c.firebasestorage.app\"}","GCLOUD_PROJECT":"paklan-45c3c","EVENTARC_CLOUD_EVENT_SOURCE":"projects/paklan-45c3c/locations/us-central1/services/update_remaining_hours","FUNCTION_TARGET":"update_remaining_hours","LOG_EXECUTION_ID":"true","FUNCTION_SIGNATURE_TYPE":"http"},"maxInstanceCount":20,"ingressSettings":"ALLOW_ALL","uri":"https://update-remaining-hours-ntcfxe6d7q-uc.a.run.app","serviceAccountEmail":"833776742151-compute@developer.gserviceaccount.com","availableMemory":"256Mi","allTrafficOnLatestRevision":true,"revision":"update-remaining-hours-00046-daf","maxInstanceRequestConcurrency":80,"availableCpu":"1"},"state":"ACTIVE","updateTime":"2026-09-09T16:57:24.757404701Z","labels":{"deployment-tool":"cli-firebase","deployment-scheduled":"true","firebase-functions-hash":"6b3db7f88a3c63cdfb7f613ca4ffc1e6723651f4"},"environment":"GEN_2","url":"https://us-central1-paklan-45c3c.cloudfunctions.net/update_remaining_hours","createTime":"2025-06-27T01:36:19.694268224Z","satisfiesPzi":true}}
[debug] [2026-09-09T16:57:41.493Z] Got source token Cldwcm9qZWN0cy84MzM3NzY3NDIxNTEvbG9jYXRpb25zL3VzLWNlbnRyYWwxL2J1aWxkcy8yZmNhZWU1Ny02ZGYyLTQ3ZGEtODljYi1iNTY4NjAxYTJiM2USeXVzLWNlbnRyYWwxLWRvY2tlci5wa2cuZGV2L3Bha2xhbi00NWMzYy9nY2YtYXJ0aWZhY3RzL3Bha2xhbi0tNDVjM2NfX3VzLS1jZW50cmFsMV9fc2VuZF9fbWVzc2FnZV9fbm90aWZpY2F0aW9uczp2ZXJzaW9uXzEYh97dh6IYIlBwcm9qZWN0cy9wYWtsYW4tNDVjM2MvbG9jYXRpb25zL3VzLWNlbnRyYWwxL2Z1bmN0aW9ucy9zZW5kX21lc3NhZ2Vfbm90aWZpY2F0aW9ucyoLCOqfhtUGEMjr2TUyCXB5dGhvbjMxMzp4CiRnY3IuaW8vZ2FlLXJ1bnRpbWVzL3B5dGhvbjMxMzpzdGFibGUSUHVzLWNlbnRyYWwxLWRvY2tlci5wa2cuZGV2L3NlcnZlcmxlc3MtcnVudGltZXMvZ29vZ2xlLTIyLWZ1bGwvcnVudGltZXMvcHl0aG9uMzEzQAE= for region us-central1
[debug] [2026-09-09T16:57:41.493Z] Checked if tokens are valid: true, expires at: 1788974279132
[debug] [2026-09-09T16:57:41.493Z] Checked if tokens are valid: true, expires at: 1788974279132
[debug] [2026-09-09T16:57:41.493Z] >>> [apiv2][query] GET https://compute.googleapis.com/compute/v1/projects/833776742151 [none]
[debug] [2026-09-09T16:57:41.573Z] <<< [apiv2][status] GET https://compute.googleapis.com/compute/v1/projects/833776742151 403
[debug] [2026-09-09T16:57:41.574Z] <<< [apiv2][body] GET https://compute.googleapis.com/compute/v1/projects/833776742151 {"error":{"code":403,"message":"Compute Engine API has not been used in project 833776742151 before or it is disabled. Enable it by visiting https://console.developers.google.com/apis/api/compute.googleapis.com/overview?project=833776742151 then retry. If you enabled this API recently, wait a few minutes for the action to propagate to our systems and retry.","errors":[{"message":"Compute Engine API has not been used in project 833776742151 before or it is disabled. Enable it by visiting https://console.developers.google.com/apis/api/compute.googleapis.com/overview?project=833776742151 then retry. If you enabled this API recently, wait a few minutes for the action to propagate to our systems and retry.","domain":"usageLimits","reason":"accessNotConfigured","extendedHelp":"https://console.developers.google.com"}],"status":"PERMISSION_DENIED","details":[{"@type":"type.googleapis.com/google.rpc.ErrorInfo","reason":"SERVICE_DISABLED","domain":"googleapis.com","metadata":{"service":"compute.googleapis.com","consumer":"projects/833776742151","containerInfo":"833776742151","activationUrl":"https://console.developers.google.com/apis/api/compute.googleapis.com/overview?project=833776742151","serviceTitle":"Compute Engine API"}},{"@type":"type.googleapis.com/google.rpc.LocalizedMessage","locale":"en-US","message":"Compute Engine API has not been used in project 833776742151 before or it is disabled. Enable it by visiting https://console.developers.google.com/apis/api/compute.googleapis.com/overview?project=833776742151 then retry. If you enabled this API recently, wait a few minutes for the action to propagate to our systems and retry."},{"@type":"type.googleapis.com/google.rpc.Help","links":[{"description":"Google developers console API activation","url":"https://console.developers.google.com/apis/api/compute.googleapis.com/overview?project=833776742151"}]}]}}
[debug] [2026-09-09T16:57:41.574Z] unable to look up default compute service account. Falling back to 833776742151-compute@developer.gserviceaccount.com. Error: {"name":"FirebaseError","children":[],"context":{"body":{"error":{"code":403,"message":"Compute Engine API has not been used in project 833776742151 before or it is disabled. Enable it by visiting https://console.developers.google.com/apis/api/compute.googleapis.com/overview?project=833776742151 then retry. If you enabled this API recently, wait a few minutes for the action to propagate to our systems and retry.","errors":[{"message":"Compute Engine API has not been used in project 833776742151 before or it is disabled. Enable it by visiting https://console.developers.google.com/apis/api/compute.googleapis.com/overview?project=833776742151 then retry. If you enabled this API recently, wait a few minutes for the action to propagate to our systems and retry.","domain":"usageLimits","reason":"accessNotConfigured","extendedHelp":"https://console.developers.google.com"}],"status":"PERMISSION_DENIED","details":[{"@type":"type.googleapis.com/google.rpc.ErrorInfo","reason":"SERVICE_DISABLED","domain":"googleapis.com","metadata":{"service":"compute.googleapis.com","consumer":"projects/833776742151","containerInfo":"833776742151","activationUrl":"https://console.developers.google.com/apis/api/compute.googleapis.com/overview?project=833776742151","serviceTitle":"Compute Engine API"}},{"@type":"type.googleapis.com/google.rpc.LocalizedMessage","locale":"en-US","message":"Compute Engine API has not been used in project 833776742151 before or it is disabled. Enable it by visiting https://console.developers.google.com/apis/api/compute.googleapis.com/overview?project=833776742151 then retry. If you enabled this API recently, wait a few minutes for the action to propagate to our systems and retry."},{"@type":"type.googleapis.com/google.rpc.Help","links":[{"description":"Google developers console API activation","url":"https://console.developers.google.com/apis/api/compute.googleapis.com/overview?project=833776742151"}]}]}},"response":{"statusCode":403}},"exit":1,"message":"Request to https://compute.googleapis.com/compute/v1/projects/833776742151 had HTTP Error: 403, Compute Engine API has not been used in project 833776742151 before or it is disabled. Enable it by visiting https://console.developers.google.com/apis/api/compute.googleapis.com/overview?project=833776742151 then retry. If you enabled this API recently, wait a few minutes for the action to propagate to our systems and retry.","status":403}
[debug] [2026-09-09T16:57:41.575Z] Checked if tokens are valid: true, expires at: 1788974279132
[debug] [2026-09-09T16:57:41.575Z] Checked if tokens are valid: true, expires at: 1788974279132
[debug] [2026-09-09T16:57:41.575Z] >>> [apiv2][query] GET https://run.googleapis.com/v1/projects/paklan-45c3c/locations/us-central1/services/send-reminder:getIamPolicy [none]
[debug] [2026-09-09T16:57:41.733Z] <<< [apiv2][status] GET https://compute.googleapis.com/compute/v1/projects/833776742151 403
[debug] [2026-09-09T16:57:41.733Z] <<< [apiv2][body] GET https://compute.googleapis.com/compute/v1/projects/833776742151 {"error":{"code":403,"message":"Compute Engine API has not been used in project 833776742151 before or it is disabled. Enable it by visiting https://console.developers.google.com/apis/api/compute.googleapis.com/overview?project=833776742151 then retry. If you enabled this API recently, wait a few minutes for the action to propagate to our systems and retry.","errors":[{"message":"Compute Engine API has not been used in project 833776742151 before or it is disabled. Enable it by visiting https://console.developers.google.com/apis/api/compute.googleapis.com/overview?project=833776742151 then retry. If you enabled this API recently, wait a few minutes for the action to propagate to our systems and retry.","domain":"usageLimits","reason":"accessNotConfigured","extendedHelp":"https://console.developers.google.com"}],"status":"PERMISSION_DENIED","details":[{"@type":"type.googleapis.com/google.rpc.ErrorInfo","reason":"SERVICE_DISABLED","domain":"googleapis.com","metadata":{"service":"compute.googleapis.com","serviceTitle":"Compute Engine API","containerInfo":"833776742151","consumer":"projects/833776742151","activationUrl":"https://console.developers.google.com/apis/api/compute.googleapis.com/overview?project=833776742151"}},{"@type":"type.googleapis.com/google.rpc.LocalizedMessage","locale":"en-US","message":"Compute Engine API has not been used in project 833776742151 before or it is disabled. Enable it by visiting https://console.developers.google.com/apis/api/compute.googleapis.com/overview?project=833776742151 then retry. If you enabled this API recently, wait a few minutes for the action to propagate to our systems and retry."},{"@type":"type.googleapis.com/google.rpc.Help","links":[{"description":"Google developers console API activation","url":"https://console.developers.google.com/apis/api/compute.googleapis.com/overview?project=833776742151"}]}]}}
[debug] [2026-09-09T16:57:41.733Z] unable to look up default compute service account. Falling back to 833776742151-compute@developer.gserviceaccount.com. Error: {"name":"FirebaseError","children":[],"context":{"body":{"error":{"code":403,"message":"Compute Engine API has not been used in project 833776742151 before or it is disabled. Enable it by visiting https://console.developers.google.com/apis/api/compute.googleapis.com/overview?project=833776742151 then retry. If you enabled this API recently, wait a few minutes for the action to propagate to our systems and retry.","errors":[{"message":"Compute Engine API has not been used in project 833776742151 before or it is disabled. Enable it by visiting https://console.developers.google.com/apis/api/compute.googleapis.com/overview?project=833776742151 then retry. If you enabled this API recently, wait a few minutes for the action to propagate to our systems and retry.","domain":"usageLimits","reason":"accessNotConfigured","extendedHelp":"https://console.developers.google.com"}],"status":"PERMISSION_DENIED","details":[{"@type":"type.googleapis.com/google.rpc.ErrorInfo","reason":"SERVICE_DISABLED","domain":"googleapis.com","metadata":{"service":"compute.googleapis.com","serviceTitle":"Compute Engine API","containerInfo":"833776742151","consumer":"projects/833776742151","activationUrl":"https://console.developers.google.com/apis/api/compute.googleapis.com/overview?project=833776742151"}},{"@type":"type.googleapis.com/google.rpc.LocalizedMessage","locale":"en-US","message":"Compute Engine API has not been used in project 833776742151 before or it is disabled. Enable it by visiting https://console.developers.google.com/apis/api/compute.googleapis.com/overview?project=833776742151 then retry. If you enabled this API recently, wait a few minutes for the action to propagate to our systems and retry."},{"@type":"type.googleapis.com/google.rpc.Help","links":[{"description":"Google developers console API activation","url":"https://console.developers.google.com/apis/api/compute.googleapis.com/overview?project=833776742151"}]}]}},"response":{"statusCode":403}},"exit":1,"message":"Request to https://compute.googleapis.com/compute/v1/projects/833776742151 had HTTP Error: 403, Compute Engine API has not been used in project 833776742151 before or it is disabled. Enable it by visiting https://console.developers.google.com/apis/api/compute.googleapis.com/overview?project=833776742151 then retry. If you enabled this API recently, wait a few minutes for the action to propagate to our systems and retry.","status":403}
[debug] [2026-09-09T16:57:41.734Z] Checked if tokens are valid: true, expires at: 1788974279132
[debug] [2026-09-09T16:57:41.734Z] Checked if tokens are valid: true, expires at: 1788974279132
[debug] [2026-09-09T16:57:41.734Z] >>> [apiv2][query] GET https://run.googleapis.com/v1/projects/paklan-45c3c/locations/us-central1/services/update-remaining-hours:getIamPolicy [none]
[debug] [2026-09-09T16:57:41.859Z] <<< [apiv2][status] GET https://compute.googleapis.com/compute/v1/projects/833776742151 403
[debug] [2026-09-09T16:57:41.859Z] <<< [apiv2][body] GET https://compute.googleapis.com/compute/v1/projects/833776742151 {"error":{"code":403,"message":"Compute Engine API has not been used in project 833776742151 before or it is disabled. Enable it by visiting https://console.developers.google.com/apis/api/compute.googleapis.com/overview?project=833776742151 then retry. If you enabled this API recently, wait a few minutes for the action to propagate to our systems and retry.","errors":[{"message":"Compute Engine API has not been used in project 833776742151 before or it is disabled. Enable it by visiting https://console.developers.google.com/apis/api/compute.googleapis.com/overview?project=833776742151 then retry. If you enabled this API recently, wait a few minutes for the action to propagate to our systems and retry.","domain":"usageLimits","reason":"accessNotConfigured","extendedHelp":"https://console.developers.google.com"}],"status":"PERMISSION_DENIED","details":[{"@type":"type.googleapis.com/google.rpc.ErrorInfo","reason":"SERVICE_DISABLED","domain":"googleapis.com","metadata":{"consumer":"projects/833776742151","service":"compute.googleapis.com","activationUrl":"https://console.developers.google.com/apis/api/compute.googleapis.com/overview?project=833776742151","serviceTitle":"Compute Engine API","containerInfo":"833776742151"}},{"@type":"type.googleapis.com/google.rpc.LocalizedMessage","locale":"en-US","message":"Compute Engine API has not been used in project 833776742151 before or it is disabled. Enable it by visiting https://console.developers.google.com/apis/api/compute.googleapis.com/overview?project=833776742151 then retry. If you enabled this API recently, wait a few minutes for the action to propagate to our systems and retry."},{"@type":"type.googleapis.com/google.rpc.Help","links":[{"description":"Google developers console API activation","url":"https://console.developers.google.com/apis/api/compute.googleapis.com/overview?project=833776742151"}]}]}}
[debug] [2026-09-09T16:57:41.860Z] unable to look up default compute service account. Falling back to 833776742151-compute@developer.gserviceaccount.com. Error: {"name":"FirebaseError","children":[],"context":{"body":{"error":{"code":403,"message":"Compute Engine API has not been used in project 833776742151 before or it is disabled. Enable it by visiting https://console.developers.google.com/apis/api/compute.googleapis.com/overview?project=833776742151 then retry. If you enabled this API recently, wait a few minutes for the action to propagate to our systems and retry.","errors":[{"message":"Compute Engine API has not been used in project 833776742151 before or it is disabled. Enable it by visiting https://console.developers.google.com/apis/api/compute.googleapis.com/overview?project=833776742151 then retry. If you enabled this API recently, wait a few minutes for the action to propagate to our systems and retry.","domain":"usageLimits","reason":"accessNotConfigured","extendedHelp":"https://console.developers.google.com"}],"status":"PERMISSION_DENIED","details":[{"@type":"type.googleapis.com/google.rpc.ErrorInfo","reason":"SERVICE_DISABLED","domain":"googleapis.com","metadata":{"consumer":"projects/833776742151","service":"compute.googleapis.com","activationUrl":"https://console.developers.google.com/apis/api/compute.googleapis.com/overview?project=833776742151","serviceTitle":"Compute Engine API","containerInfo":"833776742151"}},{"@type":"type.googleapis.com/google.rpc.LocalizedMessage","locale":"en-US","message":"Compute Engine API has not been used in project 833776742151 before or it is disabled. Enable it by visiting https://console.developers.google.com/apis/api/compute.googleapis.com/overview?project=833776742151 then retry. If you enabled this API recently, wait a few minutes for the action to propagate to our systems and retry."},{"@type":"type.googleapis.com/google.rpc.Help","links":[{"description":"Google developers console API activation","url":"https://console.developers.google.com/apis/api/compute.googleapis.com/overview?project=833776742151"}]}]}},"response":{"statusCode":403}},"exit":1,"message":"Request to https://compute.googleapis.com/compute/v1/projects/833776742151 had HTTP Error: 403, Compute Engine API has not been used in project 833776742151 before or it is disabled. Enable it by visiting https://console.developers.google.com/apis/api/compute.googleapis.com/overview?project=833776742151 then retry. If you enabled this API recently, wait a few minutes for the action to propagate to our systems and retry.","status":403}
[debug] [2026-09-09T16:57:41.860Z] Checked if tokens are valid: true, expires at: 1788974279132
[debug] [2026-09-09T16:57:41.860Z] Checked if tokens are valid: true, expires at: 1788974279132
[debug] [2026-09-09T16:57:41.860Z] >>> [apiv2][query] GET https://run.googleapis.com/v1/projects/paklan-45c3c/locations/us-central1/services/send-reminder-days:getIamPolicy [none]
[debug] [2026-09-09T16:57:43.660Z] [update-default-us-central1-get_time_from_server] Retrying task index 0
[debug] [2026-09-09T16:57:43.661Z] Checked if tokens are valid: true, expires at: 1788974279132
[debug] [2026-09-09T16:57:43.661Z] Checked if tokens are valid: true, expires at: 1788974279132
[debug] [2026-09-09T16:57:43.661Z] >>> [apiv2][query] GET https://cloudfunctions.googleapis.com/v2/projects/paklan-45c3c/locations/us-central1/operations/operation-1788972964887-65b0fba15badf-84146974-4c0f0664 [none]
[debug] [2026-09-09T16:57:43.744Z] [create-default-us-central1-send_message_notifications] Retrying task index 0
[debug] [2026-09-09T16:57:43.745Z] Checked if tokens are valid: true, expires at: 1788974279132
[debug] [2026-09-09T16:57:43.745Z] Checked if tokens are valid: true, expires at: 1788974279132
[debug] [2026-09-09T16:57:43.745Z] >>> [apiv2][query] GET https://cloudfunctions.googleapis.com/v2/projects/paklan-45c3c/locations/us-central1/operations/operation-1788972964819-65b0fba14b38c-1c33e652-4e60532e [none]
[debug] [2026-09-09T16:57:43.796Z] <<< [apiv2][status] GET https://cloudfunctions.googleapis.com/v2/projects/paklan-45c3c/locations/us-central1/operations/operation-1788972964887-65b0fba15badf-84146974-4c0f0664 200
[debug] [2026-09-09T16:57:43.796Z] <<< [apiv2][body] GET https://cloudfunctions.googleapis.com/v2/projects/paklan-45c3c/locations/us-central1/operations/operation-1788972964887-65b0fba15badf-84146974-4c0f0664 {"name":"projects/paklan-45c3c/locations/us-central1/operations/operation-1788972964887-65b0fba15badf-84146974-4c0f0664","metadata":{"@type":"type.googleapis.com/google.cloud.functions.v2.OperationMetadata","createTime":"2026-09-09T16:56:05.885633136Z","endTime":"2026-09-09T16:57:38.259895601Z","target":"projects/paklan-45c3c/locations/us-central1/functions/get_time_from_server","verb":"update","cancelRequested":false,"apiVersion":"v2","requestResource":{"@type":"type.googleapis.com/google.cloud.functions.v2.Function","name":"projects/paklan-45c3c/locations/us-central1/functions/get_time_from_server","buildConfig":{"runtime":"python313","entryPoint":"get_time_from_server","source":{"storageSource":{"bucket":"gcf-v2-sources-833776742151-us-central1","object":"get_time_from_server/function-source.zip","generation":"1788972965815779"}},"environmentVariables":{"GOOGLE_NODE_RUN_SCRIPTS":""},"dockerRepository":"projects/paklan-45c3c/locations/us-central1/repositories/gcf-artifacts","sourceProvenance":{"resolvedStorageSource":{"bucket":"gcf-v2-sources-833776742151-us-central1","object":"get_time_from_server/function-source.zip","generation":"1788970692696270"}},"dockerRegistry":"ARTIFACT_REGISTRY","serviceAccount":"projects/paklan-45c3c/serviceAccounts/833776742151-compute@developer.gserviceaccount.com","automaticUpdatePolicy":{}},"serviceConfig":{"service":"projects/paklan-45c3c/locations/us-central1/services/get-time-from-server","timeoutSeconds":60,"environmentVariables":{"FIREBASE_CONFIG":"{\"projectId\":\"paklan-45c3c\",\"storageBucket\":\"paklan-45c3c.firebasestorage.app\"}","GCLOUD_PROJECT":"paklan-45c3c","EVENTARC_CLOUD_EVENT_SOURCE":"projects/paklan-45c3c/locations/us-central1/services/get_time_from_server","FUNCTION_TARGET":"get_time_from_server","LOG_EXECUTION_ID":"true"},"maxInstanceCount":40,"ingressSettings":"ALLOW_ALL","uri":"https://get-time-from-server-ntcfxe6d7q-uc.a.run.app","serviceAccountEmail":"833776742151-compute@developer.gserviceaccount.com","availableMemory":"256Mi","allTrafficOnLatestRevision":true,"revision":"get-time-from-server-00038-nay","maxInstanceRequestConcurrency":80,"availableCpu":"1"},"state":"ACTIVE","labels":{"deployment-callable":"true","deployment-tool":"cli-firebase","firebase-functions-hash":"6b3db7f88a3c63cdfb7f613ca4ffc1e6723651f4"},"environment":"GEN_2","url":"https://us-central1-paklan-45c3c.cloudfunctions.net/get_time_from_server","satisfiesPzi":true},"stages":[{"name":"BUILD","message":"Build finished","state":"COMPLETE","resource":"projects/833776742151/locations/us-central1/builds/2e63a805-f4e4-48b8-9a31-9f973075d855","resourceUri":"https://console.cloud.google.com/cloud-build/builds;region=us-central1/2e63a805-f4e4-48b8-9a31-9f973075d855?project=833776742151"},{"name":"SERVICE","message":"Updating Cloud Run service","state":"COMPLETE","resource":"projects/paklan-45c3c/locations/us-central1/services/get-time-from-server","resourceUri":"https://console.cloud.google.com/run/detail/us-central1/get-time-from-server?project=paklan-45c3c","stateMessages":[{"severity":"INFO","type":"CloudRunServiceNewRevisionTrafficInfo","message":"A new revision will be deployed serving with 100% traffic."}]}],"sourceToken":"Cldwcm9qZWN0cy84MzM3NzY3NDIxNTEvbG9jYXRpb25zL3VzLWNlbnRyYWwxL2J1aWxkcy8yZTYzYTgwNS1mNGU0LTQ4YjgtOWEzMS05Zjk3MzA3NWQ4NTUSdHVzLWNlbnRyYWwxLWRvY2tlci5wa2cuZGV2L3Bha2xhbi00NWMzYy9nY2YtYXJ0aWZhY3RzL3Bha2xhbi0tNDVjM2NfX3VzLS1jZW50cmFsMV9fZ2V0X190aW1lX19mcm9tX19zZXJ2ZXI6dmVyc2lvbl8xGIfe3YeiGCJKcHJvamVjdHMvcGFrbGFuLTQ1YzNjL2xvY2F0aW9ucy91cy1jZW50cmFsMS9mdW5jdGlvbnMvZ2V0X3RpbWVfZnJvbV9zZXJ2ZXIqDAjun4bVBhDggPiGAjIJcHl0aG9uMzEzOngKJGdjci5pby9nYWUtcnVudGltZXMvcHl0aG9uMzEzOnN0YWJsZRJQdXMtY2VudHJhbDEtZG9ja2VyLnBrZy5kZXYvc2VydmVybGVzcy1ydW50aW1lcy9nb29nbGUtMjItZnVsbC9ydW50aW1lcy9weXRob24zMTNAAQ==","operationType":"UPDATE_FUNCTION","buildName":"projects/833776742151/locations/us-central1/builds/2e63a805-f4e4-48b8-9a31-9f973075d855"},"done":true,"response":{"@type":"type.googleapis.com/google.cloud.functions.v2.Function","name":"projects/paklan-45c3c/locations/us-central1/functions/get_time_from_server","buildConfig":{"build":"projects/833776742151/locations/us-central1/builds/2e63a805-f4e4-48b8-9a31-9f973075d855","runtime":"python313","entryPoint":"get_time_from_server","source":{"storageSource":{"bucket":"gcf-v2-sources-833776742151-us-central1","object":"get_time_from_server/function-source.zip","generation":"1788972965815779"}},"environmentVariables":{"GOOGLE_NODE_RUN_SCRIPTS":""},"dockerRepository":"projects/paklan-45c3c/locations/us-central1/repositories/gcf-artifacts","sourceProvenance":{"resolvedStorageSource":{"bucket":"gcf-v2-sources-833776742151-us-central1","object":"get_time_from_server/function-source.zip","generation":"1788972965815779"}},"dockerRegistry":"ARTIFACT_REGISTRY","serviceAccount":"projects/paklan-45c3c/serviceAccounts/833776742151-compute@developer.gserviceaccount.com","automaticUpdatePolicy":{}},"serviceConfig":{"service":"projects/paklan-45c3c/locations/us-central1/services/get-time-from-server","timeoutSeconds":60,"environmentVariables":{"FIREBASE_CONFIG":"{\"projectId\":\"paklan-45c3c\",\"storageBucket\":\"paklan-45c3c.firebasestorage.app\"}","GCLOUD_PROJECT":"paklan-45c3c","EVENTARC_CLOUD_EVENT_SOURCE":"projects/paklan-45c3c/locations/us-central1/services/get_time_from_server","FUNCTION_TARGET":"get_time_from_server","LOG_EXECUTION_ID":"true"},"maxInstanceCount":40,"ingressSettings":"ALLOW_ALL","uri":"https://get-time-from-server-ntcfxe6d7q-uc.a.run.app","serviceAccountEmail":"833776742151-compute@developer.gserviceaccount.com","availableMemory":"256Mi","allTrafficOnLatestRevision":true,"revision":"get-time-from-server-00039-boj","maxInstanceRequestConcurrency":80,"availableCpu":"1"},"state":"ACTIVE","updateTime":"2026-09-09T16:56:05.888844496Z","labels":{"deployment-callable":"true","deployment-tool":"cli-firebase","firebase-functions-hash":"6b3db7f88a3c63cdfb7f613ca4ffc1e6723651f4"},"environment":"GEN_2","url":"https://us-central1-paklan-45c3c.cloudfunctions.net/get_time_from_server","createTime":"2025-06-30T20:43:46.602371184Z","satisfiesPzi":true}}
[debug] [2026-09-09T16:57:43.796Z] Got source token Cldwcm9qZWN0cy84MzM3NzY3NDIxNTEvbG9jYXRpb25zL3VzLWNlbnRyYWwxL2J1aWxkcy8yZTYzYTgwNS1mNGU0LTQ4YjgtOWEzMS05Zjk3MzA3NWQ4NTUSdHVzLWNlbnRyYWwxLWRvY2tlci5wa2cuZGV2L3Bha2xhbi00NWMzYy9nY2YtYXJ0aWZhY3RzL3Bha2xhbi0tNDVjM2NfX3VzLS1jZW50cmFsMV9fZ2V0X190aW1lX19mcm9tX19zZXJ2ZXI6dmVyc2lvbl8xGIfe3YeiGCJKcHJvamVjdHMvcGFrbGFuLTQ1YzNjL2xvY2F0aW9ucy91cy1jZW50cmFsMS9mdW5jdGlvbnMvZ2V0X3RpbWVfZnJvbV9zZXJ2ZXIqDAjun4bVBhDggPiGAjIJcHl0aG9uMzEzOngKJGdjci5pby9nYWUtcnVudGltZXMvcHl0aG9uMzEzOnN0YWJsZRJQdXMtY2VudHJhbDEtZG9ja2VyLnBrZy5kZXYvc2VydmVybGVzcy1ydW50aW1lcy9nb29nbGUtMjItZnVsbC9ydW50aW1lcy9weXRob24zMTNAAQ== for region us-central1
[info] ✔  functions[get_time_from_server(us-central1)] Successful update operation. 
[debug] [2026-09-09T16:57:43.868Z] <<< [apiv2][status] GET https://cloudfunctions.googleapis.com/v2/projects/paklan-45c3c/locations/us-central1/operations/operation-1788972964819-65b0fba14b38c-1c33e652-4e60532e 200
[debug] [2026-09-09T16:57:43.869Z] <<< [apiv2][body] GET https://cloudfunctions.googleapis.com/v2/projects/paklan-45c3c/locations/us-central1/operations/operation-1788972964819-65b0fba14b38c-1c33e652-4e60532e {"name":"projects/paklan-45c3c/locations/us-central1/operations/operation-1788972964819-65b0fba14b38c-1c33e652-4e60532e","metadata":{"@type":"type.googleapis.com/google.cloud.functions.v2.OperationMetadata","createTime":"2026-09-09T16:56:05.547462480Z","target":"projects/paklan-45c3c/locations/us-central1/functions/send_message_notifications","verb":"create","cancelRequested":false,"apiVersion":"v2","requestResource":{"@type":"type.googleapis.com/google.cloud.functions.v2.Function","name":"projects/paklan-45c3c/locations/us-central1/functions/send_message_notifications","buildConfig":{"runtime":"python313","entryPoint":"send_message_notifications","source":{"storageSource":{"bucket":"gcf-v2-sources-833776742151-us-central1","object":"send_message_notifications/function-source.zip","generation":"1788972965116280"}},"environmentVariables":{"GOOGLE_NODE_RUN_SCRIPTS":""},"serviceAccount":"projects/paklan-45c3c/serviceAccounts/833776742151-compute@developer.gserviceaccount.com","automaticUpdatePolicy":{}},"serviceConfig":{"service":"projects/paklan-45c3c/locations/us-central1/services/send-message-notifications","timeoutSeconds":60,"environmentVariables":{"FIREBASE_CONFIG":"{\"projectId\":\"paklan-45c3c\",\"storageBucket\":\"paklan-45c3c.firebasestorage.app\"}","GCLOUD_PROJECT":"paklan-45c3c","EVENTARC_CLOUD_EVENT_SOURCE":"projects/paklan-45c3c/locations/us-central1/services/send_message_notifications","FUNCTION_SIGNATURE_TYPE":"cloudevent","FUNCTION_TARGET":"send_message_notifications","LOG_EXECUTION_ID":"true"},"maxInstanceCount":40,"ingressSettings":"ALLOW_ALL","serviceAccountEmail":"833776742151-compute@developer.gserviceaccount.com","availableMemory":"256Mi","maxInstanceRequestConcurrency":80,"availableCpu":"1"},"eventTrigger":{"trigger":"projects/paklan-45c3c/locations/northamerica-south1/triggers/send-message-notifications-595064","triggerRegion":"northamerica-south1","eventType":"google.cloud.firestore.document.v1.created","eventFilters":[{"attribute":"database","value":"(default)"},{"attribute":"namespace","value":"(default)"},{"attribute":"document","value":"chats/{chatId}/messages/{messageId}","operator":"match-path-pattern"}],"serviceAccountEmail":"833776742151-compute@developer.gserviceaccount.com","retryPolicy":"RETRY_POLICY_DO_NOT_RETRY"},"labels":{"deployment-tool":"cli-firebase","firebase-functions-hash":"6b3db7f88a3c63cdfb7f613ca4ffc1e6723651f4"},"environment":"GEN_2"},"stages":[{"name":"BUILD","message":"Build finished","state":"COMPLETE","resource":"projects/833776742151/locations/us-central1/builds/2fcaee57-6df2-47da-89cb-b568601a2b3e","resourceUri":"https://console.cloud.google.com/cloud-build/builds;region=us-central1/2fcaee57-6df2-47da-89cb-b568601a2b3e?project=833776742151"},{"name":"SERVICE","message":"Creating Cloud Run service","state":"COMPLETE","resource":"projects/paklan-45c3c/locations/us-central1/services/send-message-notifications","resourceUri":"https://console.cloud.google.com/run/detail/us-central1/send-message-notifications?project=paklan-45c3c"},{"name":"TRIGGER","message":"Creating Eventarc trigger","state":"IN_PROGRESS","resource":"projects/paklan-45c3c/locations/northamerica-south1/triggers/send-message-notifications-595064"}],"sourceToken":"Cldwcm9qZWN0cy84MzM3NzY3NDIxNTEvbG9jYXRpb25zL3VzLWNlbnRyYWwxL2J1aWxkcy8yZmNhZWU1Ny02ZGYyLTQ3ZGEtODljYi1iNTY4NjAxYTJiM2USeXVzLWNlbnRyYWwxLWRvY2tlci5wa2cuZGV2L3Bha2xhbi00NWMzYy9nY2YtYXJ0aWZhY3RzL3Bha2xhbi0tNDVjM2NfX3VzLS1jZW50cmFsMV9fc2VuZF9fbWVzc2FnZV9fbm90aWZpY2F0aW9uczp2ZXJzaW9uXzEYh97dh6IYIlBwcm9qZWN0cy9wYWtsYW4tNDVjM2MvbG9jYXRpb25zL3VzLWNlbnRyYWwxL2Z1bmN0aW9ucy9zZW5kX21lc3NhZ2Vfbm90aWZpY2F0aW9ucyoLCOqfhtUGEMjr2TUyCXB5dGhvbjMxMzp4CiRnY3IuaW8vZ2FlLXJ1bnRpbWVzL3B5dGhvbjMxMzpzdGFibGUSUHVzLWNlbnRyYWwxLWRvY2tlci5wa2cuZGV2L3NlcnZlcmxlc3MtcnVudGltZXMvZ29vZ2xlLTIyLWZ1bGwvcnVudGltZXMvcHl0aG9uMzEzQAE=","operationType":"CREATE_FUNCTION","buildName":"projects/833776742151/locations/us-central1/builds/2fcaee57-6df2-47da-89cb-b568601a2b3e"},"done":false}
[debug] [2026-09-09T16:57:43.869Z] Got source token Cldwcm9qZWN0cy84MzM3NzY3NDIxNTEvbG9jYXRpb25zL3VzLWNlbnRyYWwxL2J1aWxkcy8yZmNhZWU1Ny02ZGYyLTQ3ZGEtODljYi1iNTY4NjAxYTJiM2USeXVzLWNlbnRyYWwxLWRvY2tlci5wa2cuZGV2L3Bha2xhbi00NWMzYy9nY2YtYXJ0aWZhY3RzL3Bha2xhbi0tNDVjM2NfX3VzLS1jZW50cmFsMV9fc2VuZF9fbWVzc2FnZV9fbm90aWZpY2F0aW9uczp2ZXJzaW9uXzEYh97dh6IYIlBwcm9qZWN0cy9wYWtsYW4tNDVjM2MvbG9jYXRpb25zL3VzLWNlbnRyYWwxL2Z1bmN0aW9ucy9zZW5kX21lc3NhZ2Vfbm90aWZpY2F0aW9ucyoLCOqfhtUGEMjr2TUyCXB5dGhvbjMxMzp4CiRnY3IuaW8vZ2FlLXJ1bnRpbWVzL3B5dGhvbjMxMzpzdGFibGUSUHVzLWNlbnRyYWwxLWRvY2tlci5wa2cuZGV2L3NlcnZlcmxlc3MtcnVudGltZXMvZ29vZ2xlLTIyLWZ1bGwvcnVudGltZXMvcHl0aG9uMzEzQAE= for region us-central1
[debug] [2026-09-09T16:57:52.006Z] *** [apiv2] error from fetch(https://run.googleapis.com/v1/projects/paklan-45c3c/locations/us-central1/services/send-reminder-days:getIamPolicy, {"headers":{},"method":"GET"}): ConnectTimeoutError: Connect Timeout Error (attempted address: run.googleapis.com:443, timeout: 10000ms)
[error] Failed to get the IAM Policy on the Service projects/paklan-45c3c/locations/us-central1/services/send-reminder-days
[debug] [2026-09-09T16:57:52.007Z] *** [apiv2] error from fetch(https://run.googleapis.com/v1/projects/paklan-45c3c/locations/us-central1/services/send-reminder:getIamPolicy, {"headers":{},"method":"GET"}): ConnectTimeoutError: Connect Timeout Error (attempted address: run.googleapis.com:443, timeout: 10000ms)
[error] Failed to get the IAM Policy on the Service projects/paklan-45c3c/locations/us-central1/services/send-reminder
[debug] [2026-09-09T16:57:52.008Z] *** [apiv2] error from fetch(https://run.googleapis.com/v1/projects/paklan-45c3c/locations/us-central1/services/update-remaining-hours:getIamPolicy, {"headers":{},"method":"GET"}): ConnectTimeoutError: Connect Timeout Error (attempted address: run.googleapis.com:443, timeout: 10000ms)
[error] Failed to get the IAM Policy on the Service projects/paklan-45c3c/locations/us-central1/services/update-remaining-hours
[debug] [2026-09-09T16:57:53.870Z] [create-default-us-central1-send_message_notifications] Retrying task index 0
[debug] [2026-09-09T16:57:53.870Z] Checked if tokens are valid: true, expires at: 1788974279132
[debug] [2026-09-09T16:57:53.871Z] Checked if tokens are valid: true, expires at: 1788974279132
[debug] [2026-09-09T16:57:53.871Z] >>> [apiv2][query] GET https://cloudfunctions.googleapis.com/v2/projects/paklan-45c3c/locations/us-central1/operations/operation-1788972964819-65b0fba14b38c-1c33e652-4e60532e [none]
[debug] [2026-09-09T16:57:54.176Z] <<< [apiv2][status] GET https://cloudfunctions.googleapis.com/v2/projects/paklan-45c3c/locations/us-central1/operations/operation-1788972964819-65b0fba14b38c-1c33e652-4e60532e 200
[debug] [2026-09-09T16:57:54.177Z] <<< [apiv2][body] GET https://cloudfunctions.googleapis.com/v2/projects/paklan-45c3c/locations/us-central1/operations/operation-1788972964819-65b0fba14b38c-1c33e652-4e60532e {"name":"projects/paklan-45c3c/locations/us-central1/operations/operation-1788972964819-65b0fba14b38c-1c33e652-4e60532e","metadata":{"@type":"type.googleapis.com/google.cloud.functions.v2.OperationMetadata","createTime":"2026-09-09T16:56:05.547462480Z","endTime":"2026-09-09T16:57:53.181656217Z","target":"projects/paklan-45c3c/locations/us-central1/functions/send_message_notifications","verb":"create","cancelRequested":false,"apiVersion":"v2","requestResource":{"@type":"type.googleapis.com/google.cloud.functions.v2.Function","name":"projects/paklan-45c3c/locations/us-central1/functions/send_message_notifications","buildConfig":{"runtime":"python313","entryPoint":"send_message_notifications","source":{"storageSource":{"bucket":"gcf-v2-sources-833776742151-us-central1","object":"send_message_notifications/function-source.zip","generation":"1788972965116280"}},"environmentVariables":{"GOOGLE_NODE_RUN_SCRIPTS":""},"serviceAccount":"projects/paklan-45c3c/serviceAccounts/833776742151-compute@developer.gserviceaccount.com","automaticUpdatePolicy":{}},"serviceConfig":{"service":"projects/paklan-45c3c/locations/us-central1/services/send-message-notifications","timeoutSeconds":60,"environmentVariables":{"FIREBASE_CONFIG":"{\"projectId\":\"paklan-45c3c\",\"storageBucket\":\"paklan-45c3c.firebasestorage.app\"}","GCLOUD_PROJECT":"paklan-45c3c","EVENTARC_CLOUD_EVENT_SOURCE":"projects/paklan-45c3c/locations/us-central1/services/send_message_notifications","FUNCTION_SIGNATURE_TYPE":"cloudevent","FUNCTION_TARGET":"send_message_notifications","LOG_EXECUTION_ID":"true"},"maxInstanceCount":40,"ingressSettings":"ALLOW_ALL","serviceAccountEmail":"833776742151-compute@developer.gserviceaccount.com","availableMemory":"256Mi","maxInstanceRequestConcurrency":80,"availableCpu":"1"},"eventTrigger":{"trigger":"projects/paklan-45c3c/locations/northamerica-south1/triggers/send-message-notifications-595064","triggerRegion":"northamerica-south1","eventType":"google.cloud.firestore.document.v1.created","eventFilters":[{"attribute":"database","value":"(default)"},{"attribute":"namespace","value":"(default)"},{"attribute":"document","value":"chats/{chatId}/messages/{messageId}","operator":"match-path-pattern"}],"serviceAccountEmail":"833776742151-compute@developer.gserviceaccount.com","retryPolicy":"RETRY_POLICY_DO_NOT_RETRY"},"labels":{"deployment-tool":"cli-firebase","firebase-functions-hash":"6b3db7f88a3c63cdfb7f613ca4ffc1e6723651f4"},"environment":"GEN_2"},"stages":[{"name":"BUILD","message":"Build finished","state":"COMPLETE","resource":"projects/833776742151/locations/us-central1/builds/2fcaee57-6df2-47da-89cb-b568601a2b3e","resourceUri":"https://console.cloud.google.com/cloud-build/builds;region=us-central1/2fcaee57-6df2-47da-89cb-b568601a2b3e?project=833776742151"},{"name":"SERVICE","message":"Creating Cloud Run service","state":"COMPLETE","resource":"projects/paklan-45c3c/locations/us-central1/services/send-message-notifications","resourceUri":"https://console.cloud.google.com/run/detail/us-central1/send-message-notifications?project=paklan-45c3c"},{"name":"TRIGGER","message":"Creating Eventarc trigger","state":"COMPLETE","resource":"projects/paklan-45c3c/locations/northamerica-south1/triggers/send-message-notifications-595064"}],"sourceToken":"Cldwcm9qZWN0cy84MzM3NzY3NDIxNTEvbG9jYXRpb25zL3VzLWNlbnRyYWwxL2J1aWxkcy8yZmNhZWU1Ny02ZGYyLTQ3ZGEtODljYi1iNTY4NjAxYTJiM2USeXVzLWNlbnRyYWwxLWRvY2tlci5wa2cuZGV2L3Bha2xhbi00NWMzYy9nY2YtYXJ0aWZhY3RzL3Bha2xhbi0tNDVjM2NfX3VzLS1jZW50cmFsMV9fc2VuZF9fbWVzc2FnZV9fbm90aWZpY2F0aW9uczp2ZXJzaW9uXzEYh97dh6IYIlBwcm9qZWN0cy9wYWtsYW4tNDVjM2MvbG9jYXRpb25zL3VzLWNlbnRyYWwxL2Z1bmN0aW9ucy9zZW5kX21lc3NhZ2Vfbm90aWZpY2F0aW9ucyoLCOqfhtUGEMjr2TUyCXB5dGhvbjMxMzp4CiRnY3IuaW8vZ2FlLXJ1bnRpbWVzL3B5dGhvbjMxMzpzdGFibGUSUHVzLWNlbnRyYWwxLWRvY2tlci5wa2cuZGV2L3NlcnZlcmxlc3MtcnVudGltZXMvZ29vZ2xlLTIyLWZ1bGwvcnVudGltZXMvcHl0aG9uMzEzQAE=","operationType":"CREATE_FUNCTION","buildName":"projects/833776742151/locations/us-central1/builds/2fcaee57-6df2-47da-89cb-b568601a2b3e"},"done":true,"response":{"@type":"type.googleapis.com/google.cloud.functions.v2.Function","name":"projects/paklan-45c3c/locations/us-central1/functions/send_message_notifications","buildConfig":{"build":"projects/833776742151/locations/us-central1/builds/2fcaee57-6df2-47da-89cb-b568601a2b3e","runtime":"python313","entryPoint":"send_message_notifications","source":{"storageSource":{"bucket":"gcf-v2-sources-833776742151-us-central1","object":"send_message_notifications/function-source.zip","generation":"1788972965116280"}},"environmentVariables":{"GOOGLE_NODE_RUN_SCRIPTS":""},"dockerRepository":"projects/paklan-45c3c/locations/us-central1/repositories/gcf-artifacts","sourceProvenance":{"resolvedStorageSource":{"bucket":"gcf-v2-sources-833776742151-us-central1","object":"send_message_notifications/function-source.zip","generation":"1788972965116280"}},"dockerRegistry":"ARTIFACT_REGISTRY","serviceAccount":"projects/paklan-45c3c/serviceAccounts/833776742151-compute@developer.gserviceaccount.com","automaticUpdatePolicy":{}},"serviceConfig":{"service":"projects/paklan-45c3c/locations/us-central1/services/send-message-notifications","timeoutSeconds":60,"environmentVariables":{"FIREBASE_CONFIG":"{\"projectId\":\"paklan-45c3c\",\"storageBucket\":\"paklan-45c3c.firebasestorage.app\"}","GCLOUD_PROJECT":"paklan-45c3c","EVENTARC_CLOUD_EVENT_SOURCE":"projects/paklan-45c3c/locations/us-central1/services/send_message_notifications","FUNCTION_SIGNATURE_TYPE":"cloudevent","FUNCTION_TARGET":"send_message_notifications","LOG_EXECUTION_ID":"true"},"maxInstanceCount":40,"ingressSettings":"ALLOW_ALL","uri":"https://send-message-notifications-ntcfxe6d7q-uc.a.run.app","serviceAccountEmail":"833776742151-compute@developer.gserviceaccount.com","availableMemory":"256Mi","allTrafficOnLatestRevision":true,"revision":"send-message-notifications-00001-viq","maxInstanceRequestConcurrency":80,"availableCpu":"1"},"eventTrigger":{"trigger":"projects/paklan-45c3c/locations/northamerica-south1/triggers/send-message-notifications-595064","triggerRegion":"northamerica-south1","eventType":"google.cloud.firestore.document.v1.created","eventFilters":[{"attribute":"namespace","value":"(default)"},{"attribute":"document","value":"chats/{chatId}/messages/{messageId}","operator":"match-path-pattern"},{"attribute":"database","value":"(default)"}],"pubsubTopic":"projects/paklan-45c3c/topics/eventarc-northamerica-south1-send-message-notifications-595064-197","serviceAccountEmail":"833776742151-compute@developer.gserviceaccount.com","retryPolicy":"RETRY_POLICY_DO_NOT_RETRY"},"state":"ACTIVE","updateTime":"2026-09-09T16:56:05.542964240Z","labels":{"firebase-functions-hash":"6b3db7f88a3c63cdfb7f613ca4ffc1e6723651f4","deployment-tool":"cli-firebase"},"environment":"GEN_2","url":"https://us-central1-paklan-45c3c.cloudfunctions.net/send_message_notifications","createTime":"2026-09-09T16:56:05.542964240Z","satisfiesPzi":true}}
[debug] [2026-09-09T16:57:54.177Z] Got source token Cldwcm9qZWN0cy84MzM3NzY3NDIxNTEvbG9jYXRpb25zL3VzLWNlbnRyYWwxL2J1aWxkcy8yZmNhZWU1Ny02ZGYyLTQ3ZGEtODljYi1iNTY4NjAxYTJiM2USeXVzLWNlbnRyYWwxLWRvY2tlci5wa2cuZGV2L3Bha2xhbi00NWMzYy9nY2YtYXJ0aWZhY3RzL3Bha2xhbi0tNDVjM2NfX3VzLS1jZW50cmFsMV9fc2VuZF9fbWVzc2FnZV9fbm90aWZpY2F0aW9uczp2ZXJzaW9uXzEYh97dh6IYIlBwcm9qZWN0cy9wYWtsYW4tNDVjM2MvbG9jYXRpb25zL3VzLWNlbnRyYWwxL2Z1bmN0aW9ucy9zZW5kX21lc3NhZ2Vfbm90aWZpY2F0aW9ucyoLCOqfhtUGEMjr2TUyCXB5dGhvbjMxMzp4CiRnY3IuaW8vZ2FlLXJ1bnRpbWVzL3B5dGhvbjMxMzpzdGFibGUSUHVzLWNlbnRyYWwxLWRvY2tlci5wa2cuZGV2L3NlcnZlcmxlc3MtcnVudGltZXMvZ29vZ2xlLTIyLWZ1bGwvcnVudGltZXMvcHl0aG9uMzEzQAE= for region us-central1
[info] ✔  functions[send_message_notifications(us-central1)] Successful create operation. 
[warn] ⚠  functions: Deploys failed. Skipping deletes. 
[debug] [2026-09-09T16:57:54.184Z] Total Function Deployment time: 109560
[debug] [2026-09-09T16:57:54.184Z] 7 Functions Deployed
[debug] [2026-09-09T16:57:54.184Z] 3 Functions Errored
[debug] [2026-09-09T16:57:54.184Z] 0 Function Deployments Aborted
[debug] [2026-09-09T16:57:54.184Z] Average Function Deployment time: 103480.42857142857
[info] 
[info] Functions deploy had errors with the following functions:
	send_reminder(us-central1)
	send_reminder_days(us-central1)
	update_remaining_hours(us-central1)
[info] 
[info] Unable to set the invoker for the IAM policy on the following functions:
	send_reminder(us-central1)
	send_reminder_days(us-central1)
	update_remaining_hours(us-central1)
[info] 
[info] Some common causes of this:
[info] 
[info] - You may not have the roles/functions.admin IAM role. Note that roles/functions.developer does not allow you to change IAM policies.
[info] 
[info] - An organization policy that restricts Network Access on your project.
[info] Function URL (create_connect_account(us-central1)): https://create-connect-account-ntcfxe6d7q-uc.a.run.app
[debug] [2026-09-09T16:57:54.430Z] Checked if tokens are valid: true, expires at: 1788974279132
[debug] [2026-09-09T16:57:54.430Z] Checked if tokens are valid: true, expires at: 1788974279132
[debug] [2026-09-09T16:57:54.430Z] >>> [apiv2][query] GET https://artifactregistry.googleapis.com/v1/projects/paklan-45c3c/locations/us-central1/repositories/gcf-artifacts [none]
[debug] [2026-09-09T16:58:04.877Z] *** [apiv2] error from fetch(https://artifactregistry.googleapis.com/v1/projects/paklan-45c3c/locations/us-central1/repositories/gcf-artifacts, {"headers":{},"method":"GET"}): ConnectTimeoutError: Connect Timeout Error (attempted address: artifactregistry.googleapis.com:443, timeout: 10000ms)
[debug] [2026-09-09T16:58:04.877Z] Failed to check artifact cleanup policy for region us-central1: Failed to make request to https://artifactregistry.googleapis.com/v1/projects/paklan-45c3c/locations/us-central1/repositories/gcf-artifacts {"name":"FirebaseError","children":[],"exit":1,"message":"Failed to make request to https://artifactregistry.googleapis.com/v1/projects/paklan-45c3c/locations/us-central1/repositories/gcf-artifacts","original":{"name":"ConnectTimeoutError","code":"UND_ERR_CONNECT_TIMEOUT"},"status":500}
[debug] [2026-09-09T16:58:04.878Z] Functions deploy failed.
[debug] [2026-09-09T16:58:04.878Z] {
  "endpoint": {
    "id": "send_reminder",
    "project": "paklan-45c3c",
    "region": "us-central1",
    "entryPoint": "send_reminder",
    "platform": "gcfv2",
    "runtime": "python313",
    "scheduleTrigger": {
      "schedule": "0 */6 * * *",
      "timeZone": null,
      "retryConfig": {}
    },
    "labels": {
      "deployment-tool": "cli-firebase"
    },
    "secretEnvironmentVariables": [],
    "serviceAccount": null,
    "ingressSettings": null,
    "availableMemoryMb": null,
    "timeoutSeconds": null,
    "maxInstances": null,
    "minInstances": null,
    "concurrency": 80,
    "environmentVariables": {
      "FIREBASE_CONFIG": "{\"projectId\":\"paklan-45c3c\",\"storageBucket\":\"paklan-45c3c.firebasestorage.app\"}",
      "GCLOUD_PROJECT": "paklan-45c3c",
      "EVENTARC_CLOUD_EVENT_SOURCE": "projects/paklan-45c3c/locations/us-central1/services/send_reminder",
      "FUNCTION_TARGET": "send_reminder",
      "LOG_EXECUTION_ID": "true",
      "FUNCTION_SIGNATURE_TYPE": "http"
    },
    "codebase": "default",
    "runServiceId": "send-reminder",
    "cpu": 1,
    "securityLevel": "SECURE_ALWAYS",
    "targetedByOnly": false,
    "hash": "6b3db7f88a3c63cdfb7f613ca4ffc1e6723651f4",
    "uri": "https://send-reminder-ntcfxe6d7q-uc.a.run.app"
  },
  "op": "set invoker",
  "original": {
    "name": "FirebaseError",
    "children": [],
    "exit": 1,
    "message": "Failed to get the IAM Policy on the Service projects/paklan-45c3c/locations/us-central1/services/send-reminder",
    "original": {
      "name": "FirebaseError",
      "children": [],
      "exit": 1,
      "message": "Failed to make request to https://run.googleapis.com/v1/projects/paklan-45c3c/locations/us-central1/services/send-reminder:getIamPolicy",
      "original": {
        "name": "ConnectTimeoutError",
        "code": "UND_ERR_CONNECT_TIMEOUT"
      },
      "status": 500
    },
    "status": 500,
    "code": 500
  }
}
[debug] [2026-09-09T16:58:04.878Z] {
  "endpoint": {
    "id": "send_reminder_days",
    "project": "paklan-45c3c",
    "region": "us-central1",
    "entryPoint": "send_reminder_days",
    "platform": "gcfv2",
    "runtime": "python313",
    "scheduleTrigger": {
      "schedule": "0 7 */2 * *",
      "timeZone": null,
      "retryConfig": {}
    },
    "labels": {
      "deployment-tool": "cli-firebase"
    },
    "secretEnvironmentVariables": [],
    "serviceAccount": null,
    "ingressSettings": null,
    "availableMemoryMb": null,
    "timeoutSeconds": null,
    "maxInstances": null,
    "minInstances": null,
    "concurrency": 80,
    "environmentVariables": {
      "FIREBASE_CONFIG": "{\"projectId\":\"paklan-45c3c\",\"storageBucket\":\"paklan-45c3c.firebasestorage.app\"}",
      "GCLOUD_PROJECT": "paklan-45c3c",
      "EVENTARC_CLOUD_EVENT_SOURCE": "projects/paklan-45c3c/locations/us-central1/services/send_reminder_days",
      "FUNCTION_TARGET": "send_reminder_days",
      "LOG_EXECUTION_ID": "true",
      "FUNCTION_SIGNATURE_TYPE": "http"
    },
    "codebase": "default",
    "runServiceId": "send-reminder-days",
    "cpu": 1,
    "securityLevel": "SECURE_ALWAYS",
    "targetedByOnly": false,
    "hash": "6b3db7f88a3c63cdfb7f613ca4ffc1e6723651f4",
    "uri": "https://send-reminder-days-ntcfxe6d7q-uc.a.run.app"
  },
  "op": "set invoker",
  "original": {
    "name": "FirebaseError",
    "children": [],
    "exit": 1,
    "message": "Failed to get the IAM Policy on the Service projects/paklan-45c3c/locations/us-central1/services/send-reminder-days",
    "original": {
      "name": "FirebaseError",
      "children": [],
      "exit": 1,
      "message": "Failed to make request to https://run.googleapis.com/v1/projects/paklan-45c3c/locations/us-central1/services/send-reminder-days:getIamPolicy",
      "original": {
        "name": "ConnectTimeoutError",
        "code": "UND_ERR_CONNECT_TIMEOUT"
      },
      "status": 500
    },
    "status": 500,
    "code": 500
  }
}
[debug] [2026-09-09T16:58:04.878Z] {
  "endpoint": {
    "id": "update_remaining_hours",
    "project": "paklan-45c3c",
    "region": "us-central1",
    "entryPoint": "update_remaining_hours",
    "platform": "gcfv2",
    "runtime": "python313",
    "scheduleTrigger": {
      "schedule": "* * */1 * *",
      "timeZone": null,
      "retryConfig": {}
    },
    "labels": {
      "deployment-tool": "cli-firebase"
    },
    "secretEnvironmentVariables": [],
    "serviceAccount": null,
    "ingressSettings": null,
    "availableMemoryMb": null,
    "timeoutSeconds": null,
    "maxInstances": null,
    "minInstances": null,
    "concurrency": 80,
    "environmentVariables": {
      "FIREBASE_CONFIG": "{\"projectId\":\"paklan-45c3c\",\"storageBucket\":\"paklan-45c3c.firebasestorage.app\"}",
      "GCLOUD_PROJECT": "paklan-45c3c",
      "EVENTARC_CLOUD_EVENT_SOURCE": "projects/paklan-45c3c/locations/us-central1/services/update_remaining_hours",
      "FUNCTION_TARGET": "update_remaining_hours",
      "LOG_EXECUTION_ID": "true",
      "FUNCTION_SIGNATURE_TYPE": "http"
    },
    "codebase": "default",
    "runServiceId": "update-remaining-hours",
    "cpu": 1,
    "securityLevel": "SECURE_ALWAYS",
    "targetedByOnly": false,
    "hash": "6b3db7f88a3c63cdfb7f613ca4ffc1e6723651f4",
    "uri": "https://update-remaining-hours-ntcfxe6d7q-uc.a.run.app"
  },
  "op": "set invoker",
  "original": {
    "name": "FirebaseError",
    "children": [],
    "exit": 1,
    "message": "Failed to get the IAM Policy on the Service projects/paklan-45c3c/locations/us-central1/services/update-remaining-hours",
    "original": {
      "name": "FirebaseError",
      "children": [],
      "exit": 1,
      "message": "Failed to make request to https://run.googleapis.com/v1/projects/paklan-45c3c/locations/us-central1/services/update-remaining-hours:getIamPolicy",
      "original": {
        "name": "ConnectTimeoutError",
        "code": "UND_ERR_CONNECT_TIMEOUT"
      },
      "status": 500
    },
    "status": 500,
    "code": 500
  }
}
[error] Error: There was an error deploying functions:
[error] - Error Failed to set invoker function send_reminder in region us-central1
[error] - Error Failed to set invoker function send_reminder_days in region us-central1
[error] - Error Failed to set invoker function update_remaining_hours in region us-central1
